<?xml version="1.0"?><!--America Makes layer file created using MSXML 6.0--><Layer>
	<Thickness>0.05</Thickness>
	<VertexList>
	<Vertex>
	<X>2.158611</X>
	<Y>-19.980750</Y>
	<Co-ordinate_system>Cartesian</Co-ordinate_system></Vertex>
	<Vertex>
	<X>2.832256</X>
	<Y>-19.928605</Y></Vertex>
	<Vertex>
	<X>3.261597</X>
	<Y>-19.867174</Y></Vertex>
	<Vertex>
	<X>3.782668</X>
	<Y>-19.776438</Y></Vertex>
	<Vertex>
	<X>3.726588</X>
	<Y>-19.461215</Y></Vertex>
	<Vertex>
	<X>4.580814</X>
	<Y>-19.289564</Y></Vertex>
	<Vertex>
	<X>5.155285</X>
	<Y>-19.148054</Y></Vertex>
	<Vertex>
	<X>5.824147</X>
	<Y>-18.971163</Y></Vertex>
	<Vertex>
	<X>5.915236</X>
	<Y>-19.283289</Y></Vertex>
	<Vertex>
	<X>6.221236</X>
	<Y>-19.185139</Y></Vertex>
	<Vertex>
	<X>6.126184</X>
	<Y>-18.877660</Y></Vertex>
	<Vertex>
	<X>6.784467</X>
	<Y>-18.664495</Y></Vertex>
	<Vertex>
	<X>7.136590</X>
	<Y>-18.532541</Y></Vertex>
	<Vertex>
	<X>8.251926</X>
	<Y>-18.082456</Y></Vertex>
	<Vertex>
	<X>8.383750</X>
	<Y>-18.383087</Y></Vertex>
	<Vertex>
	<X>8.674048</X>
	<Y>-18.251898</Y></Vertex>
	<Vertex>
	<X>8.538832</X>
	<Y>-17.956296</Y></Vertex>
	<Vertex>
	<X>8.906796</X>
	<Y>-17.786915</Y></Vertex>
	<Vertex>
	<X>9.047991</X>
	<Y>-18.079763</Y></Vertex>
	<Vertex>
	<X>9.321691</X>
	<Y>-17.942948</Y></Vertex>
	<Vertex>
	<X>9.513064</X>
	<Y>-17.842196</Y></Vertex>
	<Vertex>
	<X>9.365860</X>
	<Y>-17.555998</Y></Vertex>
	<Vertex>
	<X>9.911222</X>
	<Y>-17.267868</Y></Vertex>
	<Vertex>
	<X>10.210799</X>
	<Y>-17.093089</Y></Vertex>
	<Vertex>
	<X>11.195118</X>
	<Y>-16.485315</Y></Vertex>
	<Vertex>
	<X>11.375280</X>
	<Y>-16.759722</Y></Vertex>
	<Vertex>
	<X>11.658460</X>
	<Y>-16.567788</Y></Vertex>
	<Vertex>
	<X>11.475862</X>
	<Y>-16.299664</Y></Vertex>
	<Vertex>
	<X>11.928342</X>
	<Y>-15.987225</Y></Vertex>
	<Vertex>
	<X>12.119048</X>
	<Y>-16.250492</Y></Vertex>
	<Vertex>
	<X>12.399588</X>
	<Y>-16.037049</Y></Vertex>
	<Vertex>
	<X>12.206655</X>
	<Y>-15.779451</Y></Vertex>
	<Vertex>
	<X>12.759466</X>
	<Y>-15.353619</Y></Vertex>
	<Vertex>
	<X>13.048329</X>
	<Y>-15.109322</Y></Vertex>
	<Vertex>
	<X>13.949632</X>
	<Y>-14.307546</Y></Vertex>
	<Vertex>
	<X>14.175032</X>
	<Y>-14.546192</Y></Vertex>
	<Vertex>
	<X>14.341516</X>
	<Y>-14.364281</Y></Vertex>
	<Vertex>
	<X>15.486203</X>
	<Y>-13.191091</Y></Vertex>
	<Vertex>
	<X>15.934603</X>
	<Y>-12.658263</Y></Vertex>
	<Vertex>
	<X>16.232496</X>
	<Y>-12.284210</Y></Vertex>
	<Vertex>
	<X>15.976343</X>
	<Y>-12.084092</Y></Vertex>
	<Vertex>
	<X>16.259195</X>
	<Y>-11.719915</Y></Vertex>
	<Vertex>
	<X>16.462763</X>
	<Y>-11.441787</Y></Vertex>
	<Vertex>
	<X>16.678356</X>
	<Y>-11.135455</Y></Vertex>
	<Vertex>
	<X>16.922144</X>
	<Y>-10.767141</Y></Vertex>
	<Vertex>
	<X>17.193676</X>
	<Y>-10.945845</Y></Vertex>
	<Vertex>
	<X>17.436076</X>
	<Y>-10.575847</Y></Vertex>
	<Vertex>
	<X>17.160668</X>
	<Y>-10.403063</Y></Vertex>
	<Vertex>
	<X>17.337558</X>
	<Y>-10.116209</Y></Vertex>
	<Vertex>
	<X>17.615636</X>
	<Y>-10.284207</Y></Vertex>
	<Vertex>
	<X>17.883055</X>
	<Y>-9.828229</Y></Vertex>
	<Vertex>
	<X>17.973432</X>
	<Y>-9.667791</Y></Vertex>
	<Vertex>
	<X>17.689429</X>
	<Y>-9.509537</Y></Vertex>
	<Vertex>
	<X>17.904908</X>
	<Y>-9.112352</Y></Vertex>
	<Vertex>
	<X>18.192415</X>
	<Y>-9.264150</Y></Vertex>
	<Vertex>
	<X>18.478288</X>
	<Y>-8.701723</Y></Vertex>
	<Vertex>
	<X>18.186207</X>
	<Y>-8.558926</Y></Vertex>
	<Vertex>
	<X>18.338347</X>
	<Y>-8.240656</Y></Vertex>
	<Vertex>
	<X>18.632900</X>
	<Y>-8.378280</Y></Vertex>
	<Vertex>
	<X>18.785960</X>
	<Y>-8.042774</Y></Vertex>
	<Vertex>
	<X>18.488831</X>
	<Y>-7.910809</Y></Vertex>
	<Vertex>
	<X>18.682651</X>
	<Y>-7.457433</Y></Vertex>
	<Vertex>
	<X>19.069092</X>
	<Y>-6.457190</Y></Vertex>
	<Vertex>
	<X>19.375168</X>
	<Y>-6.566837</Y></Vertex>
	<Vertex>
	<X>19.381007</X>
	<Y>-6.550204</Y></Vertex>
	<Vertex>
	<X>19.427804</X>
	<Y>-6.416499</Y></Vertex>
	<Vertex>
	<X>19.120532</X>
	<Y>-6.310264</Y></Vertex>
	<Vertex>
	<X>19.219840</X>
	<Y>-6.015634</Y></Vertex>
	<Vertex>
	<X>19.528728</X>
	<Y>-6.117079</Y></Vertex>
	<Vertex>
	<X>19.778112</X>
	<Y>-5.300192</Y></Vertex>
	<Vertex>
	<X>19.465235</X>
	<Y>-5.211819</Y></Vertex>
	<Vertex>
	<X>19.577788</X>
	<Y>-4.796297</Y></Vertex>
	<Vertex>
	<X>19.892496</X>
	<Y>-4.877914</Y></Vertex>
	<Vertex>
	<X>19.955320</X>
	<Y>-4.629216</Y></Vertex>
	<Vertex>
	<X>19.639444</X>
	<Y>-4.552235</Y></Vertex>
	<Vertex>
	<X>19.722428</X>
	<Y>-4.201222</Y></Vertex>
	<Vertex>
	<X>20.039596</X>
	<Y>-4.272694</Y></Vertex>
	<Vertex>
	<X>20.166079</X>
	<Y>-3.673424</Y></Vertex>
	<Vertex>
	<X>20.292312</X>
	<Y>-2.960005</Y></Vertex>
	<Vertex>
	<X>19.971153</X>
	<Y>-2.909452</Y></Vertex>
	<Vertex>
	<X>20.048747</X>
	<Y>-2.373522</Y></Vertex>
	<Vertex>
	<X>20.119932</X>
	<Y>-1.755523</Y></Vertex>
	<Vertex>
	<X>20.443456</X>
	<Y>-1.787701</Y></Vertex>
	<Vertex>
	<X>20.508756</X>
	<Y>-0.959497</Y></Vertex>
	<Vertex>
	<X>20.184188</X>
	<Y>-0.940575</Y></Vertex>
	<Vertex>
	<X>20.205299</X>
	<Y>-0.491633</Y></Vertex>
	<Vertex>
	<X>20.530216</X>
	<Y>-0.503255</Y></Vertex>
	<Vertex>
	<X>20.541096</X>
	<Y>-0.018861</Y></Vertex>
	<Vertex>
	<X>20.216006</X>
	<Y>-0.015876</Y></Vertex>
	<Vertex>
	<X>20.216807</X>
	<Y>0.416261</Y></Vertex>
	<Vertex>
	<X>20.541776</X>
	<Y>0.419397</Y></Vertex>
	<Vertex>
	<X>20.534504</X>
	<Y>0.817689</Y></Vertex>
	<Vertex>
	<X>20.209523</X>
	<Y>0.808178</Y></Vertex>
	<Vertex>
	<X>20.191328</X>
	<Y>1.257248</Y></Vertex>
	<Vertex>
	<X>20.516012</X>
	<Y>1.274061</Y></Vertex>
	<Vertex>
	<X>20.487860</X>
	<Y>1.721753</Y></Vertex>
	<Vertex>
	<X>20.163654</X>
	<Y>1.697398</Y></Vertex>
	<Vertex>
	<X>20.116427</X>
	<Y>2.236851</Y></Vertex>
	<Vertex>
	<X>20.044160</X>
	<Y>2.854721</Y></Vertex>
	<Vertex>
	<X>20.366452</X>
	<Y>2.897511</Y></Vertex>
	<Vertex>
	<X>20.315312</X>
	<Y>3.257921</Y></Vertex>
	<Vertex>
	<X>19.993835</X>
	<Y>3.209364</Y></Vertex>
	<Vertex>
	<X>19.933768</X>
	<Y>3.583084</Y></Vertex>
	<Vertex>
	<X>19.834915</X>
	<Y>4.114942</Y></Vertex>
	<Vertex>
	<X>20.153991</X>
	<Y>4.177261</Y></Vertex>
	<Vertex>
	<X>20.021080</X>
	<Y>4.799945</Y></Vertex>
	<Vertex>
	<X>19.704284</X>
	<Y>4.726833</Y></Vertex>
	<Vertex>
	<X>19.605787</X>
	<Y>5.130157</Y></Vertex>
	<Vertex>
	<X>19.293085</X>
	<Y>6.237878</Y></Vertex>
	<Vertex>
	<X>19.602320</X>
	<Y>6.334835</Y></Vertex>
	<Vertex>
	<X>19.490012</X>
	<Y>6.680059</Y></Vertex>
	<Vertex>
	<X>19.182709</X>
	<Y>6.573976</Y></Vertex>
	<Vertex>
	<X>18.910934</X>
	<Y>7.334006</Y></Vertex>
	<Vertex>
	<X>19.214644</X>
	<Y>7.450031</Y></Vertex>
	<Vertex>
	<X>18.842764</X>
	<Y>8.360422</Y></Vertex>
	<Vertex>
	<X>17.907400</X>
	<Y>10.231777</Y></Vertex>
	<Vertex>
	<X>16.784580</X>
	<Y>11.997040</Y></Vertex>
	<Vertex>
	<X>16.186107</X>
	<Y>12.786665</Y></Vertex>
	<Vertex>
	<X>15.763660</X>
	<Y>13.305611</Y></Vertex>
	<Vertex>
	<X>15.518712</X>
	<Y>13.099429</Y></Vertex>
	<Vertex>
	<X>14.942947</X>
	<Y>13.753385</Y></Vertex>
	<Vertex>
	<X>14.533159</X>
	<Y>14.180141</Y></Vertex>
	<Vertex>
	<X>14.045535</X>
	<Y>14.670947</Y></Vertex>
	<Vertex>
	<X>14.270300</X>
	<Y>14.905897</Y></Vertex>
	<Vertex>
	<X>14.032300</X>
	<Y>15.121829</Y></Vertex>
	<Vertex>
	<X>13.813540</X>
	<Y>14.885765</Y></Vertex>
	<Vertex>
	<X>13.299791</X>
	<Y>15.349273</Y></Vertex>
	<Vertex>
	<X>13.009456</X>
	<Y>15.588244</Y></Vertex>
	<Vertex>
	<X>12.062002</X>
	<Y>16.329109</Y></Vertex>
	<Vertex>
	<X>12.256444</X>
	<Y>16.593589</Y></Vertex>
	<Vertex>
	<X>11.997682</X>
	<Y>16.779397</Y></Vertex>
	<Vertex>
	<X>11.809290</X>
	<Y>16.514497</Y></Vertex>
	<Vertex>
	<X>11.478622</X>
	<Y>16.748473</Y></Vertex>
	<Vertex>
	<X>11.661636</X>
	<Y>17.017177</Y></Vertex>
	<Vertex>
	<X>11.223362</X>
	<Y>17.301152</Y></Vertex>
	<Vertex>
	<X>11.049107</X>
	<Y>17.030577</Y></Vertex>
	<Vertex>
	<X>10.526899</X>
	<Y>17.358809</Y></Vertex>
	<Vertex>
	<X>10.225745</X>
	<Y>17.530861</Y></Vertex>
	<Vertex>
	<X>9.207241</X>
	<Y>18.079417</Y></Vertex>
	<Vertex>
	<X>9.354802</X>
	<Y>18.372645</Y></Vertex>
	<Vertex>
	<X>9.046994</X>
	<Y>18.521925</Y></Vertex>
	<Vertex>
	<X>8.906090</X>
	<Y>18.229724</Y></Vertex>
	<Vertex>
	<X>8.409268</X>
	<Y>18.465364</Y></Vertex>
	<Vertex>
	<X>8.541914</X>
	<Y>18.762149</Y></Vertex>
	<Vertex>
	<X>8.216796</X>
	<Y>18.898389</Y></Vertex>
	<Vertex>
	<X>8.090176</X>
	<Y>18.602505</Y></Vertex>
	<Vertex>
	<X>7.444989</X>
	<Y>18.868333</Y></Vertex>
	<Vertex>
	<X>7.088989</X>
	<Y>18.996349</Y></Vertex>
	<Vertex>
	<X>5.943982</X>
	<Y>19.376012</Y></Vertex>
	<Vertex>
	<X>6.037954</X>
	<Y>19.690537</Y></Vertex>
	<Vertex>
	<X>5.918158</X>
	<Y>19.717608</Y></Vertex>
	<Vertex>
	<X>4.890455</X>
	<Y>19.999933</Y></Vertex>
	<Vertex>
	<X>3.660402</X>
	<Y>20.240497</Y></Vertex>
	<Vertex>
	<X>3.050290</X>
	<Y>20.341357</Y></Vertex>
	<Vertex>
	<X>3.005056</X>
	<Y>20.019469</Y></Vertex>
	<Vertex>
	<X>2.548243</X>
	<Y>20.082337</Y></Vertex>
	<Vertex>
	<X>2.205594</X>
	<Y>20.119564</Y></Vertex>
	<Vertex>
	<X>1.832510</X>
	<Y>20.153108</Y></Vertex>
	<Vertex>
	<X>1.391644</X>
	<Y>20.180081</Y></Vertex>
	<Vertex>
	<X>1.410640</X>
	<Y>20.504585</Y></Vertex>
	<Vertex>
	<X>0.969013</X>
	<Y>20.529509</Y></Vertex>
	<Vertex>
	<X>0.957080</X>
	<Y>20.204609</Y></Vertex>
	<Vertex>
	<X>0.620211</X>
	<Y>20.214335</Y></Vertex>
	<Vertex>
	<X>0.626664</X>
	<Y>20.539193</Y></Vertex>
	<Vertex>
	<X>-0.086065</X>
	<Y>20.540849</Y></Vertex>
	<Vertex>
	<X>-0.081115</X>
	<Y>20.215765</Y></Vertex>
	<Vertex>
	<X>-0.532826</X>
	<Y>20.203785</Y></Vertex>
	<Vertex>
	<X>-0.545118</X>
	<Y>20.528669</Y></Vertex>
	<Vertex>
	<X>-1.175132</X>
	<Y>20.495033</Y></Vertex>
	<Vertex>
	<X>-1.152758</X>
	<Y>20.170684</Y></Vertex>
	<Vertex>
	<X>-1.504456</X>
	<Y>20.143305</Y></Vertex>
	<Vertex>
	<X>-1.532548</X>
	<Y>20.467209</Y></Vertex>
	<Vertex>
	<X>-1.899637</X>
	<Y>20.432009</Y></Vertex>
	<Vertex>
	<X>-1.865354</X>
	<Y>20.108696</Y></Vertex>
	<Vertex>
	<X>-2.354903</X>
	<Y>20.049872</Y></Vertex>
	<Vertex>
	<X>-3.414357</X>
	<Y>19.884417</Y></Vertex>
	<Vertex>
	<X>-3.472437</X>
	<Y>20.204309</Y></Vertex>
	<Vertex>
	<X>-3.628952</X>
	<Y>20.174725</Y></Vertex>
	<Vertex>
	<X>-3.567318</X>
	<Y>19.855501</Y></Vertex>
	<Vertex>
	<X>-3.872129</X>
	<Y>19.794189</Y></Vertex>
	<Vertex>
	<X>-3.938719</X>
	<Y>20.112413</Y></Vertex>
	<Vertex>
	<X>-4.770857</X>
	<Y>19.919945</Y></Vertex>
	<Vertex>
	<X>-4.690952</X>
	<Y>19.604801</Y></Vertex>
	<Vertex>
	<X>-5.107079</X>
	<Y>19.494513</Y></Vertex>
	<Vertex>
	<X>-5.193750</X>
	<Y>19.807865</Y></Vertex>
	<Vertex>
	<X>-5.440542</X>
	<Y>19.737925</Y></Vertex>
	<Vertex>
	<X>-5.349272</X>
	<Y>19.425881</Y></Vertex>
	<Vertex>
	<X>-5.694750</X>
	<Y>19.322232</Y></Vertex>
	<Vertex>
	<X>-5.791437</X>
	<Y>19.632649</Y></Vertex>
	<Vertex>
	<X>-6.367882</X>
	<Y>19.444300</Y></Vertex>
	<Vertex>
	<X>-7.054617</X>
	<Y>19.195165</Y></Vertex>
	<Vertex>
	<X>-6.937819</X>
	<Y>18.891747</Y></Vertex>
	<Vertex>
	<X>-7.440744</X>
	<Y>18.690988</Y></Vertex>
	<Vertex>
	<X>-8.011538</X>
	<Y>18.443636</Y></Vertex>
	<Vertex>
	<X>-8.145436</X>
	<Y>18.739905</Y></Vertex>
	<Vertex>
	<X>-8.895329</X>
	<Y>18.382357</Y></Vertex>
	<Vertex>
	<X>-8.749433</X>
	<Y>18.091809</Y></Vertex>
	<Vertex>
	<X>-9.148786</X>
	<Y>17.885621</Y></Vertex>
	<Vertex>
	<X>-9.301175</X>
	<Y>18.172816</Y></Vertex>
	<Vertex>
	<X>-9.726116</X>
	<Y>17.940049</Y></Vertex>
	<Vertex>
	<X>-9.566155</X>
	<Y>17.657013</Y></Vertex>
	<Vertex>
	<X>-9.940733</X>
	<Y>17.441529</Y></Vertex>
	<Vertex>
	<X>-10.106000</X>
	<Y>17.721501</Y></Vertex>
	<Vertex>
	<X>-10.447293</X>
	<Y>17.516061</Y></Vertex>
	<Vertex>
	<X>-10.276566</X>
	<Y>17.239373</Y></Vertex>
	<Vertex>
	<X>-10.656374</X>
	<Y>16.999077</Y></Vertex>
	<Vertex>
	<X>-10.833278</X>
	<Y>17.271857</Y></Vertex>
	<Vertex>
	<X>-11.206914</X>
	<Y>17.023637</Y></Vertex>
	<Vertex>
	<X>-11.023717</X>
	<Y>16.755038</Y></Vertex>
	<Vertex>
	<X>-11.467284</X>
	<Y>16.444413</Y></Vertex>
	<Vertex>
	<X>-11.966242</X>
	<Y>16.072896</Y></Vertex>
	<Vertex>
	<X>-12.164444</X>
	<Y>16.330609</Y></Vertex>
	<Vertex>
	<X>-12.451000</X>
	<Y>16.106121</Y></Vertex>
	<Vertex>
	<X>-12.248213</X>
	<Y>15.851993</Y></Vertex>
	<Vertex>
	<X>-12.541829</X>
	<Y>15.613108</Y></Vertex>
	<Vertex>
	<X>-12.953004</X>
	<Y>15.261572</Y></Vertex>
	<Vertex>
	<X>-13.166511</X>
	<Y>15.506741</Y></Vertex>
	<Vertex>
	<X>-13.639315</X>
	<Y>15.080289</Y></Vertex>
	<Vertex>
	<X>-13.417600</X>
	<Y>14.842497</Y></Vertex>
	<Vertex>
	<X>-13.717643</X>
	<Y>14.555536</Y></Vertex>
	<Vertex>
	<X>-14.520608</X>
	<Y>13.730869</Y></Vertex>
	<Vertex>
	<X>-14.759191</X>
	<Y>13.950197</Y></Vertex>
	<Vertex>
	<X>-15.002007</X>
	<Y>13.680316</Y></Vertex>
	<Vertex>
	<X>-14.756486</X>
	<Y>13.467224</Y></Vertex>
	<Vertex>
	<X>-15.278801</X>
	<Y>12.851845</Y></Vertex>
	<Vertex>
	<X>-15.531143</X>
	<Y>13.056859</Y></Vertex>
	<Vertex>
	<X>-15.710114</X>
	<Y>12.833986</Y></Vertex>
	<Vertex>
	<X>-16.922319</X>
	<Y>11.128867</Y></Vertex>
	<Vertex>
	<X>-17.952778</X>
	<Y>9.308144</Y></Vertex>
	<Vertex>
	<X>-18.787930</X>
	<Y>7.390167</Y></Vertex>
	<Vertex>
	<X>-18.876728</X>
	<Y>7.140431</Y></Vertex>
	<Vertex>
	<X>-18.575697</X>
	<Y>7.031387</Y></Vertex>
	<Vertex>
	<X>-18.854157</X>
	<Y>6.205780</Y></Vertex>
	<Vertex>
	<X>-19.018840</X>
	<Y>5.637517</Y></Vertex>
	<Vertex>
	<X>-19.200078</X>
	<Y>4.969820</Y></Vertex>
	<Vertex>
	<X>-19.515931</X>
	<Y>5.046999</Y></Vertex>
	<Vertex>
	<X>-19.583933</X>
	<Y>4.732917</Y></Vertex>
	<Vertex>
	<X>-19.270121</X>
	<Y>4.661497</Y></Vertex>
	<Vertex>
	<X>-19.414657</X>
	<Y>3.984824</Y></Vertex>
	<Vertex>
	<X>-19.476444</X>
	<Y>3.613900</Y></Vertex>
	<Vertex>
	<X>-19.644326</X>
	<Y>2.422947</Y></Vertex>
	<Vertex>
	<X>-19.970592</X>
	<Y>2.459101</Y></Vertex>
	<Vertex>
	<X>-20.002128</X>
	<Y>2.142103</Y></Vertex>
	<Vertex>
	<X>-19.678522</X>
	<Y>2.111399</Y></Vertex>
	<Vertex>
	<X>-19.715815</X>
	<Y>1.708045</Y></Vertex>
	<Vertex>
	<X>-20.040028</X>
	<Y>1.732189</Y></Vertex>
	<Vertex>
	<X>-20.066822</X>
	<Y>1.210643</Y></Vertex>
	<Vertex>
	<X>-19.745367</X>
	<Y>1.195025</Y></Vertex>
	<Vertex>
	<X>-19.768519</X>
	<Y>0.578662</Y></Vertex>
	<Vertex>
	<X>-19.766945</X>
	<Y>0.231830</Y></Vertex>
	<Vertex>
	<X>-19.732758</X>
	<Y>-0.924501</Y></Vertex>
	<Vertex>
	<X>-20.061738</X>
	<Y>-0.943393</Y></Vertex>
	<Vertex>
	<X>-20.035852</X>
	<Y>-1.284531</Y></Vertex>
	<Vertex>
	<X>-19.712350</X>
	<Y>-1.260460</Y></Vertex>
	<Vertex>
	<X>-19.668009</X>
	<Y>-1.808535</Y></Vertex>
	<Vertex>
	<X>-19.991358</X>
	<Y>-1.842060</Y></Vertex>
	<Vertex>
	<X>-19.946782</X>
	<Y>-2.191736</Y></Vertex>
	<Vertex>
	<X>-19.627230</X>
	<Y>-2.153449</Y></Vertex>
	<Vertex>
	<X>-19.534853</X>
	<Y>-2.845111</Y></Vertex>
	<Vertex>
	<X>-19.467715</X>
	<Y>-3.217424</Y></Vertex>
	<Vertex>
	<X>-19.224010</X>
	<Y>-4.398863</Y></Vertex>
	<Vertex>
	<X>-19.543384</X>
	<Y>-4.474743</Y></Vertex>
	<Vertex>
	<X>-19.426802</X>
	<Y>-4.951716</Y></Vertex>
	<Vertex>
	<X>-18.790566</X>
	<Y>-6.944722</Y></Vertex>
	<Vertex>
	<X>-18.613181</X>
	<Y>-7.387547</Y></Vertex>
	<Vertex>
	<X>-18.311798</X>
	<Y>-7.265775</Y></Vertex>
	<Vertex>
	<X>-18.137837</X>
	<Y>-7.692820</Y></Vertex>
	<Vertex>
	<X>-17.998756</X>
	<Y>-8.008178</Y></Vertex>
	<Vertex>
	<X>-17.841260</X>
	<Y>-8.348051</Y></Vertex>
	<Vertex>
	<X>-17.644186</X>
	<Y>-8.743337</Y></Vertex>
	<Vertex>
	<X>-17.934712</X>
	<Y>-8.889134</Y></Vertex>
	<Vertex>
	<X>-17.735485</X>
	<Y>-9.284059</Y></Vertex>
	<Vertex>
	<X>-17.448146</X>
	<Y>-9.131944</Y></Vertex>
	<Vertex>
	<X>-17.288134</X>
	<Y>-9.428544</Y></Vertex>
	<Vertex>
	<X>-17.572697</X>
	<Y>-9.585387</Y></Vertex>
	<Vertex>
	<X>-17.217765</X>
	<Y>-10.203453</Y></Vertex>
	<Vertex>
	<X>-16.938711</X>
	<Y>-10.036628</Y></Vertex>
	<Vertex>
	<X>-16.702479</X>
	<Y>-10.421827</Y></Vertex>
	<Vertex>
	<X>-16.977692</X>
	<Y>-10.594917</Y></Vertex>
	<Vertex>
	<X>-16.633554</X>
	<Y>-11.123705</Y></Vertex>
	<Vertex>
	<X>-16.363844</X>
	<Y>-10.942155</Y></Vertex>
	<Vertex>
	<X>-16.164284</X>
	<Y>-11.233044</Y></Vertex>
	<Vertex>
	<X>-16.430749</X>
	<Y>-11.419325</Y></Vertex>
	<Vertex>
	<X>-16.216725</X>
	<Y>-11.719633</Y></Vertex>
	<Vertex>
	<X>-15.953871</X>
	<Y>-11.528291</Y></Vertex>
	<Vertex>
	<X>-15.658146</X>
	<Y>-11.922836</Y></Vertex>
	<Vertex>
	<X>-14.985132</X>
	<Y>-12.757624</Y></Vertex>
	<Vertex>
	<X>-15.233126</X>
	<Y>-12.967869</Y></Vertex>
	<Vertex>
	<X>-15.129249</X>
	<Y>-13.088624</Y></Vertex>
	<Vertex>
	<X>-14.883611</X>
	<Y>-12.875635</Y></Vertex>
	<Vertex>
	<X>-14.678106</X>
	<Y>-13.108951</Y></Vertex>
	<Vertex>
	<X>-14.920404</X>
	<Y>-13.325734</Y></Vertex>
	<Vertex>
	<X>-14.337653</X>
	<Y>-13.950153</Y></Vertex>
	<Vertex>
	<X>-14.104679</X>
	<Y>-13.723379</Y></Vertex>
	<Vertex>
	<X>-13.801103</X>
	<Y>-14.028611</Y></Vertex>
	<Vertex>
	<X>-14.029140</X>
	<Y>-14.260348</Y></Vertex>
	<Vertex>
	<X>-13.845174</X>
	<Y>-14.439105</Y></Vertex>
	<Vertex>
	<X>-13.620568</X>
	<Y>-14.204040</Y></Vertex>
	<Vertex>
	<X>-13.358073</X>
	<Y>-14.451413</Y></Vertex>
	<Vertex>
	<X>-13.578552</X>
	<Y>-14.690350</Y></Vertex>
	<Vertex>
	<X>-13.127215</X>
	<Y>-15.095390</Y></Vertex>
	<Vertex>
	<X>-12.595119</X>
	<Y>-15.543551</Y></Vertex>
	<Vertex>
	<X>-12.568091</X>
	<Y>-15.565557</Y></Vertex>
	<Vertex>
	<X>-12.363727</X>
	<Y>-15.312698</Y></Vertex>
	<Vertex>
	<X>-11.938399</X>
	<Y>-15.647862</Y></Vertex>
	<Vertex>
	<X>-11.438792</X>
	<Y>-16.018510</Y></Vertex>
	<Vertex>
	<X>-11.628418</X>
	<Y>-16.282603</Y></Vertex>
	<Vertex>
	<X>-10.943823</X>
	<Y>-16.753253</Y></Vertex>
	<Vertex>
	<X>-10.765150</X>
	<Y>-16.481631</Y></Vertex>
	<Vertex>
	<X>-10.386912</X>
	<Y>-16.724387</Y></Vertex>
	<Vertex>
	<X>-10.559434</X>
	<Y>-16.999959</Y></Vertex>
	<Vertex>
	<X>-10.145378</X>
	<Y>-17.251582</Y></Vertex>
	<Vertex>
	<X>-9.980248</X>
	<Y>-16.971537</Y></Vertex>
	<Vertex>
	<X>-9.606345</X>
	<Y>-17.188190</Y></Vertex>
	<Vertex>
	<X>-9.766175</X>
	<Y>-17.471302</Y></Vertex>
	<Vertex>
	<X>-9.417607</X>
	<Y>-17.664148</Y></Vertex>
	<Vertex>
	<X>-9.263354</X>
	<Y>-17.377950</Y></Vertex>
	<Vertex>
	<X>-8.865350</X>
	<Y>-17.586727</Y></Vertex>
	<Vertex>
	<X>-9.013131</X>
	<Y>-17.876318</Y></Vertex>
	<Vertex>
	<X>-8.611345</X>
	<Y>-18.075783</Y></Vertex>
	<Vertex>
	<X>-8.470335</X>
	<Y>-17.782837</Y></Vertex>
	<Vertex>
	<X>-7.979541</X>
	<Y>-18.011662</Y></Vertex>
	<Vertex>
	<X>-7.408315</X>
	<Y>-18.258011</Y></Vertex>
	<Vertex>
	<X>-7.532404</X>
	<Y>-18.558519</Y></Vertex>
	<Vertex>
	<X>-7.194709</X>
	<Y>-18.694438</Y></Vertex>
	<Vertex>
	<X>-7.076022</X>
	<Y>-18.391755</Y></Vertex>
	<Vertex>
	<X>-6.722337</X>
	<Y>-18.526592</Y></Vertex>
	<Vertex>
	<X>-6.212307</X>
	<Y>-18.706913</Y></Vertex>
	<Vertex>
	<X>-6.317877</X>
	<Y>-19.014401</Y></Vertex>
	<Vertex>
	<X>-5.712157</X>
	<Y>-19.210634</Y></Vertex>
	<Vertex>
	<X>-5.617080</X>
	<Y>-18.899728</Y></Vertex>
	<Vertex>
	<X>-5.218542</X>
	<Y>-19.016091</Y></Vertex>
	<Vertex>
	<X>-4.102879</X>
	<Y>-19.299144</Y></Vertex>
	<Vertex>
	<X>-4.173528</X>
	<Y>-19.615428</Y></Vertex>
	<Vertex>
	<X>-3.818399</X>
	<Y>-19.690774</Y></Vertex>
	<Vertex>
	<X>-3.756618</X>
	<Y>-19.371600</Y></Vertex>
	<Vertex>
	<X>-2.962528</X>
	<Y>-19.516250</Y></Vertex>
	<Vertex>
	<X>-3.013904</X>
	<Y>-19.837289</Y></Vertex>
	<Vertex>
	<X>-1.345006</X>
	<Y>-20.036195</Y></Vertex>
	<Vertex>
	<X>0.746398</X>
	<Y>-20.090063</Y></Vertex></VertexList>
	<Slice>
	<Region>
	<Tag>main</Tag>
	<contourTraj>2</contourTraj>
	<hatchTraj>3</hatchTraj>
	<Type>Outer</Type>
	<Edge>
	<Start>1</Start>
	<End>2</End>
	<Normal>
	<Nx>0</Nx>
	<Ny>0</Ny>
	<Nz>0</Nz></Normal></Edge>
	<Edge>
	<Start>2</Start>
	<End>3</End>
	<Normal>
	<Nx>0</Nx>
	<Ny>0</Ny>
	<Nz>0</Nz></Normal></Edge>
	<Edge>
	<Start>3</Start>
	<End>4</End>
	<Normal>
	<Nx>0</Nx>
	<Ny>0</Ny>
	<Nz>0</Nz></Normal></Edge>
	<Edge>
	<Start>4</Start>
	<End>5</End>
	<Normal>
	<Nx>0</Nx>
	<Ny>0</Ny>
	<Nz>0</Nz></Normal></Edge>
	<Edge>
	<Start>5</Start>
	<End>6</End>
	<Normal>
	<Nx>0</Nx>
	<Ny>0</Ny>
	<Nz>0</Nz></Normal></Edge>
	<Edge>
	<Start>6</Start>
	<End>7</End>
	<Normal>
	<Nx>0</Nx>
	<Ny>0</Ny>
	<Nz>0</Nz></Normal></Edge>
	<Edge>
	<Start>7</Start>
	<End>8</End>
	<Normal>
	<Nx>0</Nx>
	<Ny>0</Ny>
	<Nz>0</Nz></Normal></Edge>
	<Edge>
	<Start>8</Start>
	<End>9</End>
	<Normal>
	<Nx>0</Nx>
	<Ny>0</Ny>
	<Nz>0</Nz></Normal></Edge>
	<Edge>
	<Start>9</Start>
	<End>10</End>
	<Normal>
	<Nx>0</Nx>
	<Ny>0</Ny>
	<Nz>0</Nz></Normal></Edge>
	<Edge>
	<Start>10</Start>
	<End>11</End>
	<Normal>
	<Nx>0</Nx>
	<Ny>0</Ny>
	<Nz>0</Nz></Normal></Edge>
	<Edge>
	<Start>11</Start>
	<End>12</End>
	<Normal>
	<Nx>0</Nx>
	<Ny>0</Ny>
	<Nz>0</Nz></Normal></Edge>
	<Edge>
	<Start>12</Start>
	<End>13</End>
	<Normal>
	<Nx>0</Nx>
	<Ny>0</Ny>
	<Nz>0</Nz></Normal></Edge>
	<Edge>
	<Start>13</Start>
	<End>14</End>
	<Normal>
	<Nx>0</Nx>
	<Ny>0</Ny>
	<Nz>0</Nz></Normal></Edge>
	<Edge>
	<Start>14</Start>
	<End>15</End>
	<Normal>
	<Nx>0</Nx>
	<Ny>0</Ny>
	<Nz>0</Nz></Normal></Edge>
	<Edge>
	<Start>15</Start>
	<End>16</End>
	<Normal>
	<Nx>0</Nx>
	<Ny>0</Ny>
	<Nz>0</Nz></Normal></Edge>
	<Edge>
	<Start>16</Start>
	<End>17</End>
	<Normal>
	<Nx>0</Nx>
	<Ny>0</Ny>
	<Nz>0</Nz></Normal></Edge>
	<Edge>
	<Start>17</Start>
	<End>18</End>
	<Normal>
	<Nx>0</Nx>
	<Ny>0</Ny>
	<Nz>0</Nz></Normal></Edge>
	<Edge>
	<Start>18</Start>
	<End>19</End>
	<Normal>
	<Nx>0</Nx>
	<Ny>0</Ny>
	<Nz>0</Nz></Normal></Edge>
	<Edge>
	<Start>19</Start>
	<End>20</End>
	<Normal>
	<Nx>0</Nx>
	<Ny>0</Ny>
	<Nz>0</Nz></Normal></Edge>
	<Edge>
	<Start>20</Start>
	<End>21</End>
	<Normal>
	<Nx>0</Nx>
	<Ny>0</Ny>
	<Nz>0</Nz></Normal></Edge>
	<Edge>
	<Start>21</Start>
	<End>22</End>
	<Normal>
	<Nx>0</Nx>
	<Ny>0</Ny>
	<Nz>0</Nz></Normal></Edge>
	<Edge>
	<Start>22</Start>
	<End>23</End>
	<Normal>
	<Nx>0</Nx>
	<Ny>0</Ny>
	<Nz>0</Nz></Normal></Edge>
	<Edge>
	<Start>23</Start>
	<End>24</End>
	<Normal>
	<Nx>0</Nx>
	<Ny>0</Ny>
	<Nz>0</Nz></Normal></Edge>
	<Edge>
	<Start>24</Start>
	<End>25</End>
	<Normal>
	<Nx>0</Nx>
	<Ny>0</Ny>
	<Nz>0</Nz></Normal></Edge>
	<Edge>
	<Start>25</Start>
	<End>26</End>
	<Normal>
	<Nx>0</Nx>
	<Ny>0</Ny>
	<Nz>0</Nz></Normal></Edge>
	<Edge>
	<Start>26</Start>
	<End>27</End>
	<Normal>
	<Nx>0</Nx>
	<Ny>0</Ny>
	<Nz>0</Nz></Normal></Edge>
	<Edge>
	<Start>27</Start>
	<End>28</End>
	<Normal>
	<Nx>0</Nx>
	<Ny>0</Ny>
	<Nz>0</Nz></Normal></Edge>
	<Edge>
	<Start>28</Start>
	<End>29</End>
	<Normal>
	<Nx>0</Nx>
	<Ny>0</Ny>
	<Nz>0</Nz></Normal></Edge>
	<Edge>
	<Start>29</Start>
	<End>30</End>
	<Normal>
	<Nx>0</Nx>
	<Ny>0</Ny>
	<Nz>0</Nz></Normal></Edge>
	<Edge>
	<Start>30</Start>
	<End>31</End>
	<Normal>
	<Nx>0</Nx>
	<Ny>0</Ny>
	<Nz>0</Nz></Normal></Edge>
	<Edge>
	<Start>31</Start>
	<End>32</End>
	<Normal>
	<Nx>0</Nx>
	<Ny>0</Ny>
	<Nz>0</Nz></Normal></Edge>
	<Edge>
	<Start>32</Start>
	<End>33</End>
	<Normal>
	<Nx>0</Nx>
	<Ny>0</Ny>
	<Nz>0</Nz></Normal></Edge>
	<Edge>
	<Start>33</Start>
	<End>34</End>
	<Normal>
	<Nx>0</Nx>
	<Ny>0</Ny>
	<Nz>0</Nz></Normal></Edge>
	<Edge>
	<Start>34</Start>
	<End>35</End>
	<Normal>
	<Nx>0</Nx>
	<Ny>0</Ny>
	<Nz>0</Nz></Normal></Edge>
	<Edge>
	<Start>35</Start>
	<End>36</End>
	<Normal>
	<Nx>0</Nx>
	<Ny>0</Ny>
	<Nz>0</Nz></Normal></Edge>
	<Edge>
	<Start>36</Start>
	<End>37</End>
	<Normal>
	<Nx>0</Nx>
	<Ny>0</Ny>
	<Nz>0</Nz></Normal></Edge>
	<Edge>
	<Start>37</Start>
	<End>38</End>
	<Normal>
	<Nx>0</Nx>
	<Ny>0</Ny>
	<Nz>0</Nz></Normal></Edge>
	<Edge>
	<Start>38</Start>
	<End>39</End>
	<Normal>
	<Nx>0</Nx>
	<Ny>0</Ny>
	<Nz>0</Nz></Normal></Edge>
	<Edge>
	<Start>39</Start>
	<End>40</End>
	<Normal>
	<Nx>0</Nx>
	<Ny>0</Ny>
	<Nz>0</Nz></Normal></Edge>
	<Edge>
	<Start>40</Start>
	<End>41</End>
	<Normal>
	<Nx>0</Nx>
	<Ny>0</Ny>
	<Nz>0</Nz></Normal></Edge>
	<Edge>
	<Start>41</Start>
	<End>42</End>
	<Normal>
	<Nx>0</Nx>
	<Ny>0</Ny>
	<Nz>0</Nz></Normal></Edge>
	<Edge>
	<Start>42</Start>
	<End>43</End>
	<Normal>
	<Nx>0</Nx>
	<Ny>0</Ny>
	<Nz>0</Nz></Normal></Edge>
	<Edge>
	<Start>43</Start>
	<End>44</End>
	<Normal>
	<Nx>0</Nx>
	<Ny>0</Ny>
	<Nz>0</Nz></Normal></Edge>
	<Edge>
	<Start>44</Start>
	<End>45</End>
	<Normal>
	<Nx>0</Nx>
	<Ny>0</Ny>
	<Nz>0</Nz></Normal></Edge>
	<Edge>
	<Start>45</Start>
	<End>46</End>
	<Normal>
	<Nx>0</Nx>
	<Ny>0</Ny>
	<Nz>0</Nz></Normal></Edge>
	<Edge>
	<Start>46</Start>
	<End>47</End>
	<Normal>
	<Nx>0</Nx>
	<Ny>0</Ny>
	<Nz>0</Nz></Normal></Edge>
	<Edge>
	<Start>47</Start>
	<End>48</End>
	<Normal>
	<Nx>0</Nx>
	<Ny>0</Ny>
	<Nz>0</Nz></Normal></Edge>
	<Edge>
	<Start>48</Start>
	<End>49</End>
	<Normal>
	<Nx>0</Nx>
	<Ny>0</Ny>
	<Nz>0</Nz></Normal></Edge>
	<Edge>
	<Start>49</Start>
	<End>50</End>
	<Normal>
	<Nx>0</Nx>
	<Ny>0</Ny>
	<Nz>0</Nz></Normal></Edge>
	<Edge>
	<Start>50</Start>
	<End>51</End>
	<Normal>
	<Nx>0</Nx>
	<Ny>0</Ny>
	<Nz>0</Nz></Normal></Edge>
	<Edge>
	<Start>51</Start>
	<End>52</End>
	<Normal>
	<Nx>0</Nx>
	<Ny>0</Ny>
	<Nz>0</Nz></Normal></Edge>
	<Edge>
	<Start>52</Start>
	<End>53</End>
	<Normal>
	<Nx>0</Nx>
	<Ny>0</Ny>
	<Nz>0</Nz></Normal></Edge>
	<Edge>
	<Start>53</Start>
	<End>54</End>
	<Normal>
	<Nx>0</Nx>
	<Ny>0</Ny>
	<Nz>0</Nz></Normal></Edge>
	<Edge>
	<Start>54</Start>
	<End>55</End>
	<Normal>
	<Nx>0</Nx>
	<Ny>0</Ny>
	<Nz>0</Nz></Normal></Edge>
	<Edge>
	<Start>55</Start>
	<End>56</End>
	<Normal>
	<Nx>0</Nx>
	<Ny>0</Ny>
	<Nz>0</Nz></Normal></Edge>
	<Edge>
	<Start>56</Start>
	<End>57</End>
	<Normal>
	<Nx>0</Nx>
	<Ny>0</Ny>
	<Nz>0</Nz></Normal></Edge>
	<Edge>
	<Start>57</Start>
	<End>58</End>
	<Normal>
	<Nx>0</Nx>
	<Ny>0</Ny>
	<Nz>0</Nz></Normal></Edge>
	<Edge>
	<Start>58</Start>
	<End>59</End>
	<Normal>
	<Nx>0</Nx>
	<Ny>0</Ny>
	<Nz>0</Nz></Normal></Edge>
	<Edge>
	<Start>59</Start>
	<End>60</End>
	<Normal>
	<Nx>0</Nx>
	<Ny>0</Ny>
	<Nz>0</Nz></Normal></Edge>
	<Edge>
	<Start>60</Start>
	<End>61</End>
	<Normal>
	<Nx>0</Nx>
	<Ny>0</Ny>
	<Nz>0</Nz></Normal></Edge>
	<Edge>
	<Start>61</Start>
	<End>62</End>
	<Normal>
	<Nx>0</Nx>
	<Ny>0</Ny>
	<Nz>0</Nz></Normal></Edge>
	<Edge>
	<Start>62</Start>
	<End>63</End>
	<Normal>
	<Nx>0</Nx>
	<Ny>0</Ny>
	<Nz>0</Nz></Normal></Edge>
	<Edge>
	<Start>63</Start>
	<End>64</End>
	<Normal>
	<Nx>0</Nx>
	<Ny>0</Ny>
	<Nz>0</Nz></Normal></Edge>
	<Edge>
	<Start>64</Start>
	<End>65</End>
	<Normal>
	<Nx>0</Nx>
	<Ny>0</Ny>
	<Nz>0</Nz></Normal></Edge>
	<Edge>
	<Start>65</Start>
	<End>66</End>
	<Normal>
	<Nx>0</Nx>
	<Ny>0</Ny>
	<Nz>0</Nz></Normal></Edge>
	<Edge>
	<Start>66</Start>
	<End>67</End>
	<Normal>
	<Nx>0</Nx>
	<Ny>0</Ny>
	<Nz>0</Nz></Normal></Edge>
	<Edge>
	<Start>67</Start>
	<End>68</End>
	<Normal>
	<Nx>0</Nx>
	<Ny>0</Ny>
	<Nz>0</Nz></Normal></Edge>
	<Edge>
	<Start>68</Start>
	<End>69</End>
	<Normal>
	<Nx>0</Nx>
	<Ny>0</Ny>
	<Nz>0</Nz></Normal></Edge>
	<Edge>
	<Start>69</Start>
	<End>70</End>
	<Normal>
	<Nx>0</Nx>
	<Ny>0</Ny>
	<Nz>0</Nz></Normal></Edge>
	<Edge>
	<Start>70</Start>
	<End>71</End>
	<Normal>
	<Nx>0</Nx>
	<Ny>0</Ny>
	<Nz>0</Nz></Normal></Edge>
	<Edge>
	<Start>71</Start>
	<End>72</End>
	<Normal>
	<Nx>0</Nx>
	<Ny>0</Ny>
	<Nz>0</Nz></Normal></Edge>
	<Edge>
	<Start>72</Start>
	<End>73</End>
	<Normal>
	<Nx>0</Nx>
	<Ny>0</Ny>
	<Nz>0</Nz></Normal></Edge>
	<Edge>
	<Start>73</Start>
	<End>74</End>
	<Normal>
	<Nx>0</Nx>
	<Ny>0</Ny>
	<Nz>0</Nz></Normal></Edge>
	<Edge>
	<Start>74</Start>
	<End>75</End>
	<Normal>
	<Nx>0</Nx>
	<Ny>0</Ny>
	<Nz>0</Nz></Normal></Edge>
	<Edge>
	<Start>75</Start>
	<End>76</End>
	<Normal>
	<Nx>0</Nx>
	<Ny>0</Ny>
	<Nz>0</Nz></Normal></Edge>
	<Edge>
	<Start>76</Start>
	<End>77</End>
	<Normal>
	<Nx>0</Nx>
	<Ny>0</Ny>
	<Nz>0</Nz></Normal></Edge>
	<Edge>
	<Start>77</Start>
	<End>78</End>
	<Normal>
	<Nx>0</Nx>
	<Ny>0</Ny>
	<Nz>0</Nz></Normal></Edge>
	<Edge>
	<Start>78</Start>
	<End>79</End>
	<Normal>
	<Nx>0</Nx>
	<Ny>0</Ny>
	<Nz>0</Nz></Normal></Edge>
	<Edge>
	<Start>79</Start>
	<End>80</End>
	<Normal>
	<Nx>0</Nx>
	<Ny>0</Ny>
	<Nz>0</Nz></Normal></Edge>
	<Edge>
	<Start>80</Start>
	<End>81</End>
	<Normal>
	<Nx>0</Nx>
	<Ny>0</Ny>
	<Nz>0</Nz></Normal></Edge>
	<Edge>
	<Start>81</Start>
	<End>82</End>
	<Normal>
	<Nx>0</Nx>
	<Ny>0</Ny>
	<Nz>0</Nz></Normal></Edge>
	<Edge>
	<Start>82</Start>
	<End>83</End>
	<Normal>
	<Nx>0</Nx>
	<Ny>0</Ny>
	<Nz>0</Nz></Normal></Edge>
	<Edge>
	<Start>83</Start>
	<End>84</End>
	<Normal>
	<Nx>0</Nx>
	<Ny>0</Ny>
	<Nz>0</Nz></Normal></Edge>
	<Edge>
	<Start>84</Start>
	<End>85</End>
	<Normal>
	<Nx>0</Nx>
	<Ny>0</Ny>
	<Nz>0</Nz></Normal></Edge>
	<Edge>
	<Start>85</Start>
	<End>86</End>
	<Normal>
	<Nx>0</Nx>
	<Ny>0</Ny>
	<Nz>0</Nz></Normal></Edge>
	<Edge>
	<Start>86</Start>
	<End>87</End>
	<Normal>
	<Nx>0</Nx>
	<Ny>0</Ny>
	<Nz>0</Nz></Normal></Edge>
	<Edge>
	<Start>87</Start>
	<End>88</End>
	<Normal>
	<Nx>0</Nx>
	<Ny>0</Ny>
	<Nz>0</Nz></Normal></Edge>
	<Edge>
	<Start>88</Start>
	<End>89</End>
	<Normal>
	<Nx>0</Nx>
	<Ny>0</Ny>
	<Nz>0</Nz></Normal></Edge>
	<Edge>
	<Start>89</Start>
	<End>90</End>
	<Normal>
	<Nx>0</Nx>
	<Ny>0</Ny>
	<Nz>0</Nz></Normal></Edge>
	<Edge>
	<Start>90</Start>
	<End>91</End>
	<Normal>
	<Nx>0</Nx>
	<Ny>0</Ny>
	<Nz>0</Nz></Normal></Edge>
	<Edge>
	<Start>91</Start>
	<End>92</End>
	<Normal>
	<Nx>0</Nx>
	<Ny>0</Ny>
	<Nz>0</Nz></Normal></Edge>
	<Edge>
	<Start>92</Start>
	<End>93</End>
	<Normal>
	<Nx>0</Nx>
	<Ny>0</Ny>
	<Nz>0</Nz></Normal></Edge>
	<Edge>
	<Start>93</Start>
	<End>94</End>
	<Normal>
	<Nx>0</Nx>
	<Ny>0</Ny>
	<Nz>0</Nz></Normal></Edge>
	<Edge>
	<Start>94</Start>
	<End>95</End>
	<Normal>
	<Nx>0</Nx>
	<Ny>0</Ny>
	<Nz>0</Nz></Normal></Edge>
	<Edge>
	<Start>95</Start>
	<End>96</End>
	<Normal>
	<Nx>0</Nx>
	<Ny>0</Ny>
	<Nz>0</Nz></Normal></Edge>
	<Edge>
	<Start>96</Start>
	<End>97</End>
	<Normal>
	<Nx>0</Nx>
	<Ny>0</Ny>
	<Nz>0</Nz></Normal></Edge>
	<Edge>
	<Start>97</Start>
	<End>98</End>
	<Normal>
	<Nx>0</Nx>
	<Ny>0</Ny>
	<Nz>0</Nz></Normal></Edge>
	<Edge>
	<Start>98</Start>
	<End>99</End>
	<Normal>
	<Nx>0</Nx>
	<Ny>0</Ny>
	<Nz>0</Nz></Normal></Edge>
	<Edge>
	<Start>99</Start>
	<End>100</End>
	<Normal>
	<Nx>0</Nx>
	<Ny>0</Ny>
	<Nz>0</Nz></Normal></Edge>
	<Edge>
	<Start>100</Start>
	<End>101</End>
	<Normal>
	<Nx>0</Nx>
	<Ny>0</Ny>
	<Nz>0</Nz></Normal></Edge>
	<Edge>
	<Start>101</Start>
	<End>102</End>
	<Normal>
	<Nx>0</Nx>
	<Ny>0</Ny>
	<Nz>0</Nz></Normal></Edge>
	<Edge>
	<Start>102</Start>
	<End>103</End>
	<Normal>
	<Nx>0</Nx>
	<Ny>0</Ny>
	<Nz>0</Nz></Normal></Edge>
	<Edge>
	<Start>103</Start>
	<End>104</End>
	<Normal>
	<Nx>0</Nx>
	<Ny>0</Ny>
	<Nz>0</Nz></Normal></Edge>
	<Edge>
	<Start>104</Start>
	<End>105</End>
	<Normal>
	<Nx>0</Nx>
	<Ny>0</Ny>
	<Nz>0</Nz></Normal></Edge>
	<Edge>
	<Start>105</Start>
	<End>106</End>
	<Normal>
	<Nx>0</Nx>
	<Ny>0</Ny>
	<Nz>0</Nz></Normal></Edge>
	<Edge>
	<Start>106</Start>
	<End>107</End>
	<Normal>
	<Nx>0</Nx>
	<Ny>0</Ny>
	<Nz>0</Nz></Normal></Edge>
	<Edge>
	<Start>107</Start>
	<End>108</End>
	<Normal>
	<Nx>0</Nx>
	<Ny>0</Ny>
	<Nz>0</Nz></Normal></Edge>
	<Edge>
	<Start>108</Start>
	<End>109</End>
	<Normal>
	<Nx>0</Nx>
	<Ny>0</Ny>
	<Nz>0</Nz></Normal></Edge>
	<Edge>
	<Start>109</Start>
	<End>110</End>
	<Normal>
	<Nx>0</Nx>
	<Ny>0</Ny>
	<Nz>0</Nz></Normal></Edge>
	<Edge>
	<Start>110</Start>
	<End>111</End>
	<Normal>
	<Nx>0</Nx>
	<Ny>0</Ny>
	<Nz>0</Nz></Normal></Edge>
	<Edge>
	<Start>111</Start>
	<End>112</End>
	<Normal>
	<Nx>0</Nx>
	<Ny>0</Ny>
	<Nz>0</Nz></Normal></Edge>
	<Edge>
	<Start>112</Start>
	<End>113</End>
	<Normal>
	<Nx>0</Nx>
	<Ny>0</Ny>
	<Nz>0</Nz></Normal></Edge>
	<Edge>
	<Start>113</Start>
	<End>114</End>
	<Normal>
	<Nx>0</Nx>
	<Ny>0</Ny>
	<Nz>0</Nz></Normal></Edge>
	<Edge>
	<Start>114</Start>
	<End>115</End>
	<Normal>
	<Nx>0</Nx>
	<Ny>0</Ny>
	<Nz>0</Nz></Normal></Edge>
	<Edge>
	<Start>115</Start>
	<End>116</End>
	<Normal>
	<Nx>0</Nx>
	<Ny>0</Ny>
	<Nz>0</Nz></Normal></Edge>
	<Edge>
	<Start>116</Start>
	<End>117</End>
	<Normal>
	<Nx>0</Nx>
	<Ny>0</Ny>
	<Nz>0</Nz></Normal></Edge>
	<Edge>
	<Start>117</Start>
	<End>118</End>
	<Normal>
	<Nx>0</Nx>
	<Ny>0</Ny>
	<Nz>0</Nz></Normal></Edge>
	<Edge>
	<Start>118</Start>
	<End>119</End>
	<Normal>
	<Nx>0</Nx>
	<Ny>0</Ny>
	<Nz>0</Nz></Normal></Edge>
	<Edge>
	<Start>119</Start>
	<End>120</End>
	<Normal>
	<Nx>0</Nx>
	<Ny>0</Ny>
	<Nz>0</Nz></Normal></Edge>
	<Edge>
	<Start>120</Start>
	<End>121</End>
	<Normal>
	<Nx>0</Nx>
	<Ny>0</Ny>
	<Nz>0</Nz></Normal></Edge>
	<Edge>
	<Start>121</Start>
	<End>122</End>
	<Normal>
	<Nx>0</Nx>
	<Ny>0</Ny>
	<Nz>0</Nz></Normal></Edge>
	<Edge>
	<Start>122</Start>
	<End>123</End>
	<Normal>
	<Nx>0</Nx>
	<Ny>0</Ny>
	<Nz>0</Nz></Normal></Edge>
	<Edge>
	<Start>123</Start>
	<End>124</End>
	<Normal>
	<Nx>0</Nx>
	<Ny>0</Ny>
	<Nz>0</Nz></Normal></Edge>
	<Edge>
	<Start>124</Start>
	<End>125</End>
	<Normal>
	<Nx>0</Nx>
	<Ny>0</Ny>
	<Nz>0</Nz></Normal></Edge>
	<Edge>
	<Start>125</Start>
	<End>126</End>
	<Normal>
	<Nx>0</Nx>
	<Ny>0</Ny>
	<Nz>0</Nz></Normal></Edge>
	<Edge>
	<Start>126</Start>
	<End>127</End>
	<Normal>
	<Nx>0</Nx>
	<Ny>0</Ny>
	<Nz>0</Nz></Normal></Edge>
	<Edge>
	<Start>127</Start>
	<End>128</End>
	<Normal>
	<Nx>0</Nx>
	<Ny>0</Ny>
	<Nz>0</Nz></Normal></Edge>
	<Edge>
	<Start>128</Start>
	<End>129</End>
	<Normal>
	<Nx>0</Nx>
	<Ny>0</Ny>
	<Nz>0</Nz></Normal></Edge>
	<Edge>
	<Start>129</Start>
	<End>130</End>
	<Normal>
	<Nx>0</Nx>
	<Ny>0</Ny>
	<Nz>0</Nz></Normal></Edge>
	<Edge>
	<Start>130</Start>
	<End>131</End>
	<Normal>
	<Nx>0</Nx>
	<Ny>0</Ny>
	<Nz>0</Nz></Normal></Edge>
	<Edge>
	<Start>131</Start>
	<End>132</End>
	<Normal>
	<Nx>0</Nx>
	<Ny>0</Ny>
	<Nz>0</Nz></Normal></Edge>
	<Edge>
	<Start>132</Start>
	<End>133</End>
	<Normal>
	<Nx>0</Nx>
	<Ny>0</Ny>
	<Nz>0</Nz></Normal></Edge>
	<Edge>
	<Start>133</Start>
	<End>134</End>
	<Normal>
	<Nx>0</Nx>
	<Ny>0</Ny>
	<Nz>0</Nz></Normal></Edge>
	<Edge>
	<Start>134</Start>
	<End>135</End>
	<Normal>
	<Nx>0</Nx>
	<Ny>0</Ny>
	<Nz>0</Nz></Normal></Edge>
	<Edge>
	<Start>135</Start>
	<End>136</End>
	<Normal>
	<Nx>0</Nx>
	<Ny>0</Ny>
	<Nz>0</Nz></Normal></Edge>
	<Edge>
	<Start>136</Start>
	<End>137</End>
	<Normal>
	<Nx>0</Nx>
	<Ny>0</Ny>
	<Nz>0</Nz></Normal></Edge>
	<Edge>
	<Start>137</Start>
	<End>138</End>
	<Normal>
	<Nx>0</Nx>
	<Ny>0</Ny>
	<Nz>0</Nz></Normal></Edge>
	<Edge>
	<Start>138</Start>
	<End>139</End>
	<Normal>
	<Nx>0</Nx>
	<Ny>0</Ny>
	<Nz>0</Nz></Normal></Edge>
	<Edge>
	<Start>139</Start>
	<End>140</End>
	<Normal>
	<Nx>0</Nx>
	<Ny>0</Ny>
	<Nz>0</Nz></Normal></Edge>
	<Edge>
	<Start>140</Start>
	<End>141</End>
	<Normal>
	<Nx>0</Nx>
	<Ny>0</Ny>
	<Nz>0</Nz></Normal></Edge>
	<Edge>
	<Start>141</Start>
	<End>142</End>
	<Normal>
	<Nx>0</Nx>
	<Ny>0</Ny>
	<Nz>0</Nz></Normal></Edge>
	<Edge>
	<Start>142</Start>
	<End>143</End>
	<Normal>
	<Nx>0</Nx>
	<Ny>0</Ny>
	<Nz>0</Nz></Normal></Edge>
	<Edge>
	<Start>143</Start>
	<End>144</End>
	<Normal>
	<Nx>0</Nx>
	<Ny>0</Ny>
	<Nz>0</Nz></Normal></Edge>
	<Edge>
	<Start>144</Start>
	<End>145</End>
	<Normal>
	<Nx>0</Nx>
	<Ny>0</Ny>
	<Nz>0</Nz></Normal></Edge>
	<Edge>
	<Start>145</Start>
	<End>146</End>
	<Normal>
	<Nx>0</Nx>
	<Ny>0</Ny>
	<Nz>0</Nz></Normal></Edge>
	<Edge>
	<Start>146</Start>
	<End>147</End>
	<Normal>
	<Nx>0</Nx>
	<Ny>0</Ny>
	<Nz>0</Nz></Normal></Edge>
	<Edge>
	<Start>147</Start>
	<End>148</End>
	<Normal>
	<Nx>0</Nx>
	<Ny>0</Ny>
	<Nz>0</Nz></Normal></Edge>
	<Edge>
	<Start>148</Start>
	<End>149</End>
	<Normal>
	<Nx>0</Nx>
	<Ny>0</Ny>
	<Nz>0</Nz></Normal></Edge>
	<Edge>
	<Start>149</Start>
	<End>150</End>
	<Normal>
	<Nx>0</Nx>
	<Ny>0</Ny>
	<Nz>0</Nz></Normal></Edge>
	<Edge>
	<Start>150</Start>
	<End>151</End>
	<Normal>
	<Nx>0</Nx>
	<Ny>0</Ny>
	<Nz>0</Nz></Normal></Edge>
	<Edge>
	<Start>151</Start>
	<End>152</End>
	<Normal>
	<Nx>0</Nx>
	<Ny>0</Ny>
	<Nz>0</Nz></Normal></Edge>
	<Edge>
	<Start>152</Start>
	<End>153</End>
	<Normal>
	<Nx>0</Nx>
	<Ny>0</Ny>
	<Nz>0</Nz></Normal></Edge>
	<Edge>
	<Start>153</Start>
	<End>154</End>
	<Normal>
	<Nx>0</Nx>
	<Ny>0</Ny>
	<Nz>0</Nz></Normal></Edge>
	<Edge>
	<Start>154</Start>
	<End>155</End>
	<Normal>
	<Nx>0</Nx>
	<Ny>0</Ny>
	<Nz>0</Nz></Normal></Edge>
	<Edge>
	<Start>155</Start>
	<End>156</End>
	<Normal>
	<Nx>0</Nx>
	<Ny>0</Ny>
	<Nz>0</Nz></Normal></Edge>
	<Edge>
	<Start>156</Start>
	<End>157</End>
	<Normal>
	<Nx>0</Nx>
	<Ny>0</Ny>
	<Nz>0</Nz></Normal></Edge>
	<Edge>
	<Start>157</Start>
	<End>158</End>
	<Normal>
	<Nx>0</Nx>
	<Ny>0</Ny>
	<Nz>0</Nz></Normal></Edge>
	<Edge>
	<Start>158</Start>
	<End>159</End>
	<Normal>
	<Nx>0</Nx>
	<Ny>0</Ny>
	<Nz>0</Nz></Normal></Edge>
	<Edge>
	<Start>159</Start>
	<End>160</End>
	<Normal>
	<Nx>0</Nx>
	<Ny>0</Ny>
	<Nz>0</Nz></Normal></Edge>
	<Edge>
	<Start>160</Start>
	<End>161</End>
	<Normal>
	<Nx>0</Nx>
	<Ny>0</Ny>
	<Nz>0</Nz></Normal></Edge>
	<Edge>
	<Start>161</Start>
	<End>162</End>
	<Normal>
	<Nx>0</Nx>
	<Ny>0</Ny>
	<Nz>0</Nz></Normal></Edge>
	<Edge>
	<Start>162</Start>
	<End>163</End>
	<Normal>
	<Nx>0</Nx>
	<Ny>0</Ny>
	<Nz>0</Nz></Normal></Edge>
	<Edge>
	<Start>163</Start>
	<End>164</End>
	<Normal>
	<Nx>0</Nx>
	<Ny>0</Ny>
	<Nz>0</Nz></Normal></Edge>
	<Edge>
	<Start>164</Start>
	<End>165</End>
	<Normal>
	<Nx>0</Nx>
	<Ny>0</Ny>
	<Nz>0</Nz></Normal></Edge>
	<Edge>
	<Start>165</Start>
	<End>166</End>
	<Normal>
	<Nx>0</Nx>
	<Ny>0</Ny>
	<Nz>0</Nz></Normal></Edge>
	<Edge>
	<Start>166</Start>
	<End>167</End>
	<Normal>
	<Nx>0</Nx>
	<Ny>0</Ny>
	<Nz>0</Nz></Normal></Edge>
	<Edge>
	<Start>167</Start>
	<End>168</End>
	<Normal>
	<Nx>0</Nx>
	<Ny>0</Ny>
	<Nz>0</Nz></Normal></Edge>
	<Edge>
	<Start>168</Start>
	<End>169</End>
	<Normal>
	<Nx>0</Nx>
	<Ny>0</Ny>
	<Nz>0</Nz></Normal></Edge>
	<Edge>
	<Start>169</Start>
	<End>170</End>
	<Normal>
	<Nx>0</Nx>
	<Ny>0</Ny>
	<Nz>0</Nz></Normal></Edge>
	<Edge>
	<Start>170</Start>
	<End>171</End>
	<Normal>
	<Nx>0</Nx>
	<Ny>0</Ny>
	<Nz>0</Nz></Normal></Edge>
	<Edge>
	<Start>171</Start>
	<End>172</End>
	<Normal>
	<Nx>0</Nx>
	<Ny>0</Ny>
	<Nz>0</Nz></Normal></Edge>
	<Edge>
	<Start>172</Start>
	<End>173</End>
	<Normal>
	<Nx>0</Nx>
	<Ny>0</Ny>
	<Nz>0</Nz></Normal></Edge>
	<Edge>
	<Start>173</Start>
	<End>174</End>
	<Normal>
	<Nx>0</Nx>
	<Ny>0</Ny>
	<Nz>0</Nz></Normal></Edge>
	<Edge>
	<Start>174</Start>
	<End>175</End>
	<Normal>
	<Nx>0</Nx>
	<Ny>0</Ny>
	<Nz>0</Nz></Normal></Edge>
	<Edge>
	<Start>175</Start>
	<End>176</End>
	<Normal>
	<Nx>0</Nx>
	<Ny>0</Ny>
	<Nz>0</Nz></Normal></Edge>
	<Edge>
	<Start>176</Start>
	<End>177</End>
	<Normal>
	<Nx>0</Nx>
	<Ny>0</Ny>
	<Nz>0</Nz></Normal></Edge>
	<Edge>
	<Start>177</Start>
	<End>178</End>
	<Normal>
	<Nx>0</Nx>
	<Ny>0</Ny>
	<Nz>0</Nz></Normal></Edge>
	<Edge>
	<Start>178</Start>
	<End>179</End>
	<Normal>
	<Nx>0</Nx>
	<Ny>0</Ny>
	<Nz>0</Nz></Normal></Edge>
	<Edge>
	<Start>179</Start>
	<End>180</End>
	<Normal>
	<Nx>0</Nx>
	<Ny>0</Ny>
	<Nz>0</Nz></Normal></Edge>
	<Edge>
	<Start>180</Start>
	<End>181</End>
	<Normal>
	<Nx>0</Nx>
	<Ny>0</Ny>
	<Nz>0</Nz></Normal></Edge>
	<Edge>
	<Start>181</Start>
	<End>182</End>
	<Normal>
	<Nx>0</Nx>
	<Ny>0</Ny>
	<Nz>0</Nz></Normal></Edge>
	<Edge>
	<Start>182</Start>
	<End>183</End>
	<Normal>
	<Nx>0</Nx>
	<Ny>0</Ny>
	<Nz>0</Nz></Normal></Edge>
	<Edge>
	<Start>183</Start>
	<End>184</End>
	<Normal>
	<Nx>0</Nx>
	<Ny>0</Ny>
	<Nz>0</Nz></Normal></Edge>
	<Edge>
	<Start>184</Start>
	<End>185</End>
	<Normal>
	<Nx>0</Nx>
	<Ny>0</Ny>
	<Nz>0</Nz></Normal></Edge>
	<Edge>
	<Start>185</Start>
	<End>186</End>
	<Normal>
	<Nx>0</Nx>
	<Ny>0</Ny>
	<Nz>0</Nz></Normal></Edge>
	<Edge>
	<Start>186</Start>
	<End>187</End>
	<Normal>
	<Nx>0</Nx>
	<Ny>0</Ny>
	<Nz>0</Nz></Normal></Edge>
	<Edge>
	<Start>187</Start>
	<End>188</End>
	<Normal>
	<Nx>0</Nx>
	<Ny>0</Ny>
	<Nz>0</Nz></Normal></Edge>
	<Edge>
	<Start>188</Start>
	<End>189</End>
	<Normal>
	<Nx>0</Nx>
	<Ny>0</Ny>
	<Nz>0</Nz></Normal></Edge>
	<Edge>
	<Start>189</Start>
	<End>190</End>
	<Normal>
	<Nx>0</Nx>
	<Ny>0</Ny>
	<Nz>0</Nz></Normal></Edge>
	<Edge>
	<Start>190</Start>
	<End>191</End>
	<Normal>
	<Nx>0</Nx>
	<Ny>0</Ny>
	<Nz>0</Nz></Normal></Edge>
	<Edge>
	<Start>191</Start>
	<End>192</End>
	<Normal>
	<Nx>0</Nx>
	<Ny>0</Ny>
	<Nz>0</Nz></Normal></Edge>
	<Edge>
	<Start>192</Start>
	<End>193</End>
	<Normal>
	<Nx>0</Nx>
	<Ny>0</Ny>
	<Nz>0</Nz></Normal></Edge>
	<Edge>
	<Start>193</Start>
	<End>194</End>
	<Normal>
	<Nx>0</Nx>
	<Ny>0</Ny>
	<Nz>0</Nz></Normal></Edge>
	<Edge>
	<Start>194</Start>
	<End>195</End>
	<Normal>
	<Nx>0</Nx>
	<Ny>0</Ny>
	<Nz>0</Nz></Normal></Edge>
	<Edge>
	<Start>195</Start>
	<End>196</End>
	<Normal>
	<Nx>0</Nx>
	<Ny>0</Ny>
	<Nz>0</Nz></Normal></Edge>
	<Edge>
	<Start>196</Start>
	<End>197</End>
	<Normal>
	<Nx>0</Nx>
	<Ny>0</Ny>
	<Nz>0</Nz></Normal></Edge>
	<Edge>
	<Start>197</Start>
	<End>198</End>
	<Normal>
	<Nx>0</Nx>
	<Ny>0</Ny>
	<Nz>0</Nz></Normal></Edge>
	<Edge>
	<Start>198</Start>
	<End>199</End>
	<Normal>
	<Nx>0</Nx>
	<Ny>0</Ny>
	<Nz>0</Nz></Normal></Edge>
	<Edge>
	<Start>199</Start>
	<End>200</End>
	<Normal>
	<Nx>0</Nx>
	<Ny>0</Ny>
	<Nz>0</Nz></Normal></Edge>
	<Edge>
	<Start>200</Start>
	<End>201</End>
	<Normal>
	<Nx>0</Nx>
	<Ny>0</Ny>
	<Nz>0</Nz></Normal></Edge>
	<Edge>
	<Start>201</Start>
	<End>202</End>
	<Normal>
	<Nx>0</Nx>
	<Ny>0</Ny>
	<Nz>0</Nz></Normal></Edge>
	<Edge>
	<Start>202</Start>
	<End>203</End>
	<Normal>
	<Nx>0</Nx>
	<Ny>0</Ny>
	<Nz>0</Nz></Normal></Edge>
	<Edge>
	<Start>203</Start>
	<End>204</End>
	<Normal>
	<Nx>0</Nx>
	<Ny>0</Ny>
	<Nz>0</Nz></Normal></Edge>
	<Edge>
	<Start>204</Start>
	<End>205</End>
	<Normal>
	<Nx>0</Nx>
	<Ny>0</Ny>
	<Nz>0</Nz></Normal></Edge>
	<Edge>
	<Start>205</Start>
	<End>206</End>
	<Normal>
	<Nx>0</Nx>
	<Ny>0</Ny>
	<Nz>0</Nz></Normal></Edge>
	<Edge>
	<Start>206</Start>
	<End>207</End>
	<Normal>
	<Nx>0</Nx>
	<Ny>0</Ny>
	<Nz>0</Nz></Normal></Edge>
	<Edge>
	<Start>207</Start>
	<End>208</End>
	<Normal>
	<Nx>0</Nx>
	<Ny>0</Ny>
	<Nz>0</Nz></Normal></Edge>
	<Edge>
	<Start>208</Start>
	<End>209</End>
	<Normal>
	<Nx>0</Nx>
	<Ny>0</Ny>
	<Nz>0</Nz></Normal></Edge>
	<Edge>
	<Start>209</Start>
	<End>210</End>
	<Normal>
	<Nx>0</Nx>
	<Ny>0</Ny>
	<Nz>0</Nz></Normal></Edge>
	<Edge>
	<Start>210</Start>
	<End>211</End>
	<Normal>
	<Nx>0</Nx>
	<Ny>0</Ny>
	<Nz>0</Nz></Normal></Edge>
	<Edge>
	<Start>211</Start>
	<End>212</End>
	<Normal>
	<Nx>0</Nx>
	<Ny>0</Ny>
	<Nz>0</Nz></Normal></Edge>
	<Edge>
	<Start>212</Start>
	<End>213</End>
	<Normal>
	<Nx>0</Nx>
	<Ny>0</Ny>
	<Nz>0</Nz></Normal></Edge>
	<Edge>
	<Start>213</Start>
	<End>214</End>
	<Normal>
	<Nx>0</Nx>
	<Ny>0</Ny>
	<Nz>0</Nz></Normal></Edge>
	<Edge>
	<Start>214</Start>
	<End>215</End>
	<Normal>
	<Nx>0</Nx>
	<Ny>0</Ny>
	<Nz>0</Nz></Normal></Edge>
	<Edge>
	<Start>215</Start>
	<End>216</End>
	<Normal>
	<Nx>0</Nx>
	<Ny>0</Ny>
	<Nz>0</Nz></Normal></Edge>
	<Edge>
	<Start>216</Start>
	<End>217</End>
	<Normal>
	<Nx>0</Nx>
	<Ny>0</Ny>
	<Nz>0</Nz></Normal></Edge>
	<Edge>
	<Start>217</Start>
	<End>218</End>
	<Normal>
	<Nx>0</Nx>
	<Ny>0</Ny>
	<Nz>0</Nz></Normal></Edge>
	<Edge>
	<Start>218</Start>
	<End>219</End>
	<Normal>
	<Nx>0</Nx>
	<Ny>0</Ny>
	<Nz>0</Nz></Normal></Edge>
	<Edge>
	<Start>219</Start>
	<End>220</End>
	<Normal>
	<Nx>0</Nx>
	<Ny>0</Ny>
	<Nz>0</Nz></Normal></Edge>
	<Edge>
	<Start>220</Start>
	<End>221</End>
	<Normal>
	<Nx>0</Nx>
	<Ny>0</Ny>
	<Nz>0</Nz></Normal></Edge>
	<Edge>
	<Start>221</Start>
	<End>222</End>
	<Normal>
	<Nx>0</Nx>
	<Ny>0</Ny>
	<Nz>0</Nz></Normal></Edge>
	<Edge>
	<Start>222</Start>
	<End>223</End>
	<Normal>
	<Nx>0</Nx>
	<Ny>0</Ny>
	<Nz>0</Nz></Normal></Edge>
	<Edge>
	<Start>223</Start>
	<End>224</End>
	<Normal>
	<Nx>0</Nx>
	<Ny>0</Ny>
	<Nz>0</Nz></Normal></Edge>
	<Edge>
	<Start>224</Start>
	<End>225</End>
	<Normal>
	<Nx>0</Nx>
	<Ny>0</Ny>
	<Nz>0</Nz></Normal></Edge>
	<Edge>
	<Start>225</Start>
	<End>226</End>
	<Normal>
	<Nx>0</Nx>
	<Ny>0</Ny>
	<Nz>0</Nz></Normal></Edge>
	<Edge>
	<Start>226</Start>
	<End>227</End>
	<Normal>
	<Nx>0</Nx>
	<Ny>0</Ny>
	<Nz>0</Nz></Normal></Edge>
	<Edge>
	<Start>227</Start>
	<End>228</End>
	<Normal>
	<Nx>0</Nx>
	<Ny>0</Ny>
	<Nz>0</Nz></Normal></Edge>
	<Edge>
	<Start>228</Start>
	<End>229</End>
	<Normal>
	<Nx>0</Nx>
	<Ny>0</Ny>
	<Nz>0</Nz></Normal></Edge>
	<Edge>
	<Start>229</Start>
	<End>230</End>
	<Normal>
	<Nx>0</Nx>
	<Ny>0</Ny>
	<Nz>0</Nz></Normal></Edge>
	<Edge>
	<Start>230</Start>
	<End>231</End>
	<Normal>
	<Nx>0</Nx>
	<Ny>0</Ny>
	<Nz>0</Nz></Normal></Edge>
	<Edge>
	<Start>231</Start>
	<End>232</End>
	<Normal>
	<Nx>0</Nx>
	<Ny>0</Ny>
	<Nz>0</Nz></Normal></Edge>
	<Edge>
	<Start>232</Start>
	<End>233</End>
	<Normal>
	<Nx>0</Nx>
	<Ny>0</Ny>
	<Nz>0</Nz></Normal></Edge>
	<Edge>
	<Start>233</Start>
	<End>234</End>
	<Normal>
	<Nx>0</Nx>
	<Ny>0</Ny>
	<Nz>0</Nz></Normal></Edge>
	<Edge>
	<Start>234</Start>
	<End>235</End>
	<Normal>
	<Nx>0</Nx>
	<Ny>0</Ny>
	<Nz>0</Nz></Normal></Edge>
	<Edge>
	<Start>235</Start>
	<End>236</End>
	<Normal>
	<Nx>0</Nx>
	<Ny>0</Ny>
	<Nz>0</Nz></Normal></Edge>
	<Edge>
	<Start>236</Start>
	<End>237</End>
	<Normal>
	<Nx>0</Nx>
	<Ny>0</Ny>
	<Nz>0</Nz></Normal></Edge>
	<Edge>
	<Start>237</Start>
	<End>238</End>
	<Normal>
	<Nx>0</Nx>
	<Ny>0</Ny>
	<Nz>0</Nz></Normal></Edge>
	<Edge>
	<Start>238</Start>
	<End>239</End>
	<Normal>
	<Nx>0</Nx>
	<Ny>0</Ny>
	<Nz>0</Nz></Normal></Edge>
	<Edge>
	<Start>239</Start>
	<End>240</End>
	<Normal>
	<Nx>0</Nx>
	<Ny>0</Ny>
	<Nz>0</Nz></Normal></Edge>
	<Edge>
	<Start>240</Start>
	<End>241</End>
	<Normal>
	<Nx>0</Nx>
	<Ny>0</Ny>
	<Nz>0</Nz></Normal></Edge>
	<Edge>
	<Start>241</Start>
	<End>242</End>
	<Normal>
	<Nx>0</Nx>
	<Ny>0</Ny>
	<Nz>0</Nz></Normal></Edge>
	<Edge>
	<Start>242</Start>
	<End>243</End>
	<Normal>
	<Nx>0</Nx>
	<Ny>0</Ny>
	<Nz>0</Nz></Normal></Edge>
	<Edge>
	<Start>243</Start>
	<End>244</End>
	<Normal>
	<Nx>0</Nx>
	<Ny>0</Ny>
	<Nz>0</Nz></Normal></Edge>
	<Edge>
	<Start>244</Start>
	<End>245</End>
	<Normal>
	<Nx>0</Nx>
	<Ny>0</Ny>
	<Nz>0</Nz></Normal></Edge>
	<Edge>
	<Start>245</Start>
	<End>246</End>
	<Normal>
	<Nx>0</Nx>
	<Ny>0</Ny>
	<Nz>0</Nz></Normal></Edge>
	<Edge>
	<Start>246</Start>
	<End>247</End>
	<Normal>
	<Nx>0</Nx>
	<Ny>0</Ny>
	<Nz>0</Nz></Normal></Edge>
	<Edge>
	<Start>247</Start>
	<End>248</End>
	<Normal>
	<Nx>0</Nx>
	<Ny>0</Ny>
	<Nz>0</Nz></Normal></Edge>
	<Edge>
	<Start>248</Start>
	<End>249</End>
	<Normal>
	<Nx>0</Nx>
	<Ny>0</Ny>
	<Nz>0</Nz></Normal></Edge>
	<Edge>
	<Start>249</Start>
	<End>250</End>
	<Normal>
	<Nx>0</Nx>
	<Ny>0</Ny>
	<Nz>0</Nz></Normal></Edge>
	<Edge>
	<Start>250</Start>
	<End>251</End>
	<Normal>
	<Nx>0</Nx>
	<Ny>0</Ny>
	<Nz>0</Nz></Normal></Edge>
	<Edge>
	<Start>251</Start>
	<End>252</End>
	<Normal>
	<Nx>0</Nx>
	<Ny>0</Ny>
	<Nz>0</Nz></Normal></Edge>
	<Edge>
	<Start>252</Start>
	<End>253</End>
	<Normal>
	<Nx>0</Nx>
	<Ny>0</Ny>
	<Nz>0</Nz></Normal></Edge>
	<Edge>
	<Start>253</Start>
	<End>254</End>
	<Normal>
	<Nx>0</Nx>
	<Ny>0</Ny>
	<Nz>0</Nz></Normal></Edge>
	<Edge>
	<Start>254</Start>
	<End>255</End>
	<Normal>
	<Nx>0</Nx>
	<Ny>0</Ny>
	<Nz>0</Nz></Normal></Edge>
	<Edge>
	<Start>255</Start>
	<End>256</End>
	<Normal>
	<Nx>0</Nx>
	<Ny>0</Ny>
	<Nz>0</Nz></Normal></Edge>
	<Edge>
	<Start>256</Start>
	<End>257</End>
	<Normal>
	<Nx>0</Nx>
	<Ny>0</Ny>
	<Nz>0</Nz></Normal></Edge>
	<Edge>
	<Start>257</Start>
	<End>258</End>
	<Normal>
	<Nx>0</Nx>
	<Ny>0</Ny>
	<Nz>0</Nz></Normal></Edge>
	<Edge>
	<Start>258</Start>
	<End>259</End>
	<Normal>
	<Nx>0</Nx>
	<Ny>0</Ny>
	<Nz>0</Nz></Normal></Edge>
	<Edge>
	<Start>259</Start>
	<End>260</End>
	<Normal>
	<Nx>0</Nx>
	<Ny>0</Ny>
	<Nz>0</Nz></Normal></Edge>
	<Edge>
	<Start>260</Start>
	<End>261</End>
	<Normal>
	<Nx>0</Nx>
	<Ny>0</Ny>
	<Nz>0</Nz></Normal></Edge>
	<Edge>
	<Start>261</Start>
	<End>262</End>
	<Normal>
	<Nx>0</Nx>
	<Ny>0</Ny>
	<Nz>0</Nz></Normal></Edge>
	<Edge>
	<Start>262</Start>
	<End>263</End>
	<Normal>
	<Nx>0</Nx>
	<Ny>0</Ny>
	<Nz>0</Nz></Normal></Edge>
	<Edge>
	<Start>263</Start>
	<End>264</End>
	<Normal>
	<Nx>0</Nx>
	<Ny>0</Ny>
	<Nz>0</Nz></Normal></Edge>
	<Edge>
	<Start>264</Start>
	<End>265</End>
	<Normal>
	<Nx>0</Nx>
	<Ny>0</Ny>
	<Nz>0</Nz></Normal></Edge>
	<Edge>
	<Start>265</Start>
	<End>266</End>
	<Normal>
	<Nx>0</Nx>
	<Ny>0</Ny>
	<Nz>0</Nz></Normal></Edge>
	<Edge>
	<Start>266</Start>
	<End>267</End>
	<Normal>
	<Nx>0</Nx>
	<Ny>0</Ny>
	<Nz>0</Nz></Normal></Edge>
	<Edge>
	<Start>267</Start>
	<End>268</End>
	<Normal>
	<Nx>0</Nx>
	<Ny>0</Ny>
	<Nz>0</Nz></Normal></Edge>
	<Edge>
	<Start>268</Start>
	<End>269</End>
	<Normal>
	<Nx>0</Nx>
	<Ny>0</Ny>
	<Nz>0</Nz></Normal></Edge>
	<Edge>
	<Start>269</Start>
	<End>270</End>
	<Normal>
	<Nx>0</Nx>
	<Ny>0</Ny>
	<Nz>0</Nz></Normal></Edge>
	<Edge>
	<Start>270</Start>
	<End>271</End>
	<Normal>
	<Nx>0</Nx>
	<Ny>0</Ny>
	<Nz>0</Nz></Normal></Edge>
	<Edge>
	<Start>271</Start>
	<End>272</End>
	<Normal>
	<Nx>0</Nx>
	<Ny>0</Ny>
	<Nz>0</Nz></Normal></Edge>
	<Edge>
	<Start>272</Start>
	<End>273</End>
	<Normal>
	<Nx>0</Nx>
	<Ny>0</Ny>
	<Nz>0</Nz></Normal></Edge>
	<Edge>
	<Start>273</Start>
	<End>274</End>
	<Normal>
	<Nx>0</Nx>
	<Ny>0</Ny>
	<Nz>0</Nz></Normal></Edge>
	<Edge>
	<Start>274</Start>
	<End>275</End>
	<Normal>
	<Nx>0</Nx>
	<Ny>0</Ny>
	<Nz>0</Nz></Normal></Edge>
	<Edge>
	<Start>275</Start>
	<End>276</End>
	<Normal>
	<Nx>0</Nx>
	<Ny>0</Ny>
	<Nz>0</Nz></Normal></Edge>
	<Edge>
	<Start>276</Start>
	<End>277</End>
	<Normal>
	<Nx>0</Nx>
	<Ny>0</Ny>
	<Nz>0</Nz></Normal></Edge>
	<Edge>
	<Start>277</Start>
	<End>278</End>
	<Normal>
	<Nx>0</Nx>
	<Ny>0</Ny>
	<Nz>0</Nz></Normal></Edge>
	<Edge>
	<Start>278</Start>
	<End>279</End>
	<Normal>
	<Nx>0</Nx>
	<Ny>0</Ny>
	<Nz>0</Nz></Normal></Edge>
	<Edge>
	<Start>279</Start>
	<End>280</End>
	<Normal>
	<Nx>0</Nx>
	<Ny>0</Ny>
	<Nz>0</Nz></Normal></Edge>
	<Edge>
	<Start>280</Start>
	<End>281</End>
	<Normal>
	<Nx>0</Nx>
	<Ny>0</Ny>
	<Nz>0</Nz></Normal></Edge>
	<Edge>
	<Start>281</Start>
	<End>282</End>
	<Normal>
	<Nx>0</Nx>
	<Ny>0</Ny>
	<Nz>0</Nz></Normal></Edge>
	<Edge>
	<Start>282</Start>
	<End>283</End>
	<Normal>
	<Nx>0</Nx>
	<Ny>0</Ny>
	<Nz>0</Nz></Normal></Edge>
	<Edge>
	<Start>283</Start>
	<End>284</End>
	<Normal>
	<Nx>0</Nx>
	<Ny>0</Ny>
	<Nz>0</Nz></Normal></Edge>
	<Edge>
	<Start>284</Start>
	<End>285</End>
	<Normal>
	<Nx>0</Nx>
	<Ny>0</Ny>
	<Nz>0</Nz></Normal></Edge>
	<Edge>
	<Start>285</Start>
	<End>286</End>
	<Normal>
	<Nx>0</Nx>
	<Ny>0</Ny>
	<Nz>0</Nz></Normal></Edge>
	<Edge>
	<Start>286</Start>
	<End>287</End>
	<Normal>
	<Nx>0</Nx>
	<Ny>0</Ny>
	<Nz>0</Nz></Normal></Edge>
	<Edge>
	<Start>287</Start>
	<End>288</End>
	<Normal>
	<Nx>0</Nx>
	<Ny>0</Ny>
	<Nz>0</Nz></Normal></Edge>
	<Edge>
	<Start>288</Start>
	<End>289</End>
	<Normal>
	<Nx>0</Nx>
	<Ny>0</Ny>
	<Nz>0</Nz></Normal></Edge>
	<Edge>
	<Start>289</Start>
	<End>290</End>
	<Normal>
	<Nx>0</Nx>
	<Ny>0</Ny>
	<Nz>0</Nz></Normal></Edge>
	<Edge>
	<Start>290</Start>
	<End>291</End>
	<Normal>
	<Nx>0</Nx>
	<Ny>0</Ny>
	<Nz>0</Nz></Normal></Edge>
	<Edge>
	<Start>291</Start>
	<End>292</End>
	<Normal>
	<Nx>0</Nx>
	<Ny>0</Ny>
	<Nz>0</Nz></Normal></Edge>
	<Edge>
	<Start>292</Start>
	<End>293</End>
	<Normal>
	<Nx>0</Nx>
	<Ny>0</Ny>
	<Nz>0</Nz></Normal></Edge>
	<Edge>
	<Start>293</Start>
	<End>294</End>
	<Normal>
	<Nx>0</Nx>
	<Ny>0</Ny>
	<Nz>0</Nz></Normal></Edge>
	<Edge>
	<Start>294</Start>
	<End>295</End>
	<Normal>
	<Nx>0</Nx>
	<Ny>0</Ny>
	<Nz>0</Nz></Normal></Edge>
	<Edge>
	<Start>295</Start>
	<End>296</End>
	<Normal>
	<Nx>0</Nx>
	<Ny>0</Ny>
	<Nz>0</Nz></Normal></Edge>
	<Edge>
	<Start>296</Start>
	<End>297</End>
	<Normal>
	<Nx>0</Nx>
	<Ny>0</Ny>
	<Nz>0</Nz></Normal></Edge>
	<Edge>
	<Start>297</Start>
	<End>298</End>
	<Normal>
	<Nx>0</Nx>
	<Ny>0</Ny>
	<Nz>0</Nz></Normal></Edge>
	<Edge>
	<Start>298</Start>
	<End>299</End>
	<Normal>
	<Nx>0</Nx>
	<Ny>0</Ny>
	<Nz>0</Nz></Normal></Edge>
	<Edge>
	<Start>299</Start>
	<End>300</End>
	<Normal>
	<Nx>0</Nx>
	<Ny>0</Ny>
	<Nz>0</Nz></Normal></Edge>
	<Edge>
	<Start>300</Start>
	<End>301</End>
	<Normal>
	<Nx>0</Nx>
	<Ny>0</Ny>
	<Nz>0</Nz></Normal></Edge>
	<Edge>
	<Start>301</Start>
	<End>302</End>
	<Normal>
	<Nx>0</Nx>
	<Ny>0</Ny>
	<Nz>0</Nz></Normal></Edge>
	<Edge>
	<Start>302</Start>
	<End>303</End>
	<Normal>
	<Nx>0</Nx>
	<Ny>0</Ny>
	<Nz>0</Nz></Normal></Edge>
	<Edge>
	<Start>303</Start>
	<End>304</End>
	<Normal>
	<Nx>0</Nx>
	<Ny>0</Ny>
	<Nz>0</Nz></Normal></Edge>
	<Edge>
	<Start>304</Start>
	<End>305</End>
	<Normal>
	<Nx>0</Nx>
	<Ny>0</Ny>
	<Nz>0</Nz></Normal></Edge>
	<Edge>
	<Start>305</Start>
	<End>306</End>
	<Normal>
	<Nx>0</Nx>
	<Ny>0</Ny>
	<Nz>0</Nz></Normal></Edge>
	<Edge>
	<Start>306</Start>
	<End>307</End>
	<Normal>
	<Nx>0</Nx>
	<Ny>0</Ny>
	<Nz>0</Nz></Normal></Edge>
	<Edge>
	<Start>307</Start>
	<End>308</End>
	<Normal>
	<Nx>0</Nx>
	<Ny>0</Ny>
	<Nz>0</Nz></Normal></Edge>
	<Edge>
	<Start>308</Start>
	<End>309</End>
	<Normal>
	<Nx>0</Nx>
	<Ny>0</Ny>
	<Nz>0</Nz></Normal></Edge>
	<Edge>
	<Start>309</Start>
	<End>310</End>
	<Normal>
	<Nx>0</Nx>
	<Ny>0</Ny>
	<Nz>0</Nz></Normal></Edge>
	<Edge>
	<Start>310</Start>
	<End>311</End>
	<Normal>
	<Nx>0</Nx>
	<Ny>0</Ny>
	<Nz>0</Nz></Normal></Edge>
	<Edge>
	<Start>311</Start>
	<End>312</End>
	<Normal>
	<Nx>0</Nx>
	<Ny>0</Ny>
	<Nz>0</Nz></Normal></Edge>
	<Edge>
	<Start>312</Start>
	<End>313</End>
	<Normal>
	<Nx>0</Nx>
	<Ny>0</Ny>
	<Nz>0</Nz></Normal></Edge>
	<Edge>
	<Start>313</Start>
	<End>314</End>
	<Normal>
	<Nx>0</Nx>
	<Ny>0</Ny>
	<Nz>0</Nz></Normal></Edge>
	<Edge>
	<Start>314</Start>
	<End>315</End>
	<Normal>
	<Nx>0</Nx>
	<Ny>0</Ny>
	<Nz>0</Nz></Normal></Edge>
	<Edge>
	<Start>315</Start>
	<End>316</End>
	<Normal>
	<Nx>0</Nx>
	<Ny>0</Ny>
	<Nz>0</Nz></Normal></Edge>
	<Edge>
	<Start>316</Start>
	<End>317</End>
	<Normal>
	<Nx>0</Nx>
	<Ny>0</Ny>
	<Nz>0</Nz></Normal></Edge>
	<Edge>
	<Start>317</Start>
	<End>318</End>
	<Normal>
	<Nx>0</Nx>
	<Ny>0</Ny>
	<Nz>0</Nz></Normal></Edge>
	<Edge>
	<Start>318</Start>
	<End>319</End>
	<Normal>
	<Nx>0</Nx>
	<Ny>0</Ny>
	<Nz>0</Nz></Normal></Edge>
	<Edge>
	<Start>319</Start>
	<End>320</End>
	<Normal>
	<Nx>0</Nx>
	<Ny>0</Ny>
	<Nz>0</Nz></Normal></Edge>
	<Edge>
	<Start>320</Start>
	<End>321</End>
	<Normal>
	<Nx>0</Nx>
	<Ny>0</Ny>
	<Nz>0</Nz></Normal></Edge>
	<Edge>
	<Start>321</Start>
	<End>322</End>
	<Normal>
	<Nx>0</Nx>
	<Ny>0</Ny>
	<Nz>0</Nz></Normal></Edge>
	<Edge>
	<Start>322</Start>
	<End>323</End>
	<Normal>
	<Nx>0</Nx>
	<Ny>0</Ny>
	<Nz>0</Nz></Normal></Edge>
	<Edge>
	<Start>323</Start>
	<End>324</End>
	<Normal>
	<Nx>0</Nx>
	<Ny>0</Ny>
	<Nz>0</Nz></Normal></Edge>
	<Edge>
	<Start>324</Start>
	<End>325</End>
	<Normal>
	<Nx>0</Nx>
	<Ny>0</Ny>
	<Nz>0</Nz></Normal></Edge>
	<Edge>
	<Start>325</Start>
	<End>326</End>
	<Normal>
	<Nx>0</Nx>
	<Ny>0</Ny>
	<Nz>0</Nz></Normal></Edge>
	<Edge>
	<Start>326</Start>
	<End>327</End>
	<Normal>
	<Nx>0</Nx>
	<Ny>0</Ny>
	<Nz>0</Nz></Normal></Edge>
	<Edge>
	<Start>327</Start>
	<End>328</End>
	<Normal>
	<Nx>0</Nx>
	<Ny>0</Ny>
	<Nz>0</Nz></Normal></Edge>
	<Edge>
	<Start>328</Start>
	<End>329</End>
	<Normal>
	<Nx>0</Nx>
	<Ny>0</Ny>
	<Nz>0</Nz></Normal></Edge>
	<Edge>
	<Start>329</Start>
	<End>330</End>
	<Normal>
	<Nx>0</Nx>
	<Ny>0</Ny>
	<Nz>0</Nz></Normal></Edge>
	<Edge>
	<Start>330</Start>
	<End>331</End>
	<Normal>
	<Nx>0</Nx>
	<Ny>0</Ny>
	<Nz>0</Nz></Normal></Edge>
	<Edge>
	<Start>331</Start>
	<End>332</End>
	<Normal>
	<Nx>0</Nx>
	<Ny>0</Ny>
	<Nz>0</Nz></Normal></Edge>
	<Edge>
	<Start>332</Start>
	<End>333</End>
	<Normal>
	<Nx>0</Nx>
	<Ny>0</Ny>
	<Nz>0</Nz></Normal></Edge>
	<Edge>
	<Start>333</Start>
	<End>334</End>
	<Normal>
	<Nx>0</Nx>
	<Ny>0</Ny>
	<Nz>0</Nz></Normal></Edge>
	<Edge>
	<Start>334</Start>
	<End>335</End>
	<Normal>
	<Nx>0</Nx>
	<Ny>0</Ny>
	<Nz>0</Nz></Normal></Edge>
	<Edge>
	<Start>335</Start>
	<End>336</End>
	<Normal>
	<Nx>0</Nx>
	<Ny>0</Ny>
	<Nz>0</Nz></Normal></Edge>
	<Edge>
	<Start>336</Start>
	<End>337</End>
	<Normal>
	<Nx>0</Nx>
	<Ny>0</Ny>
	<Nz>0</Nz></Normal></Edge>
	<Edge>
	<Start>337</Start>
	<End>338</End>
	<Normal>
	<Nx>0</Nx>
	<Ny>0</Ny>
	<Nz>0</Nz></Normal></Edge>
	<Edge>
	<Start>338</Start>
	<End>339</End>
	<Normal>
	<Nx>0</Nx>
	<Ny>0</Ny>
	<Nz>0</Nz></Normal></Edge>
	<Edge>
	<Start>339</Start>
	<End>340</End>
	<Normal>
	<Nx>0</Nx>
	<Ny>0</Ny>
	<Nz>0</Nz></Normal></Edge>
	<Edge>
	<Start>340</Start>
	<End>1</End>
	<Normal>
	<Nx>0</Nx>
	<Ny>0</Ny>
	<Nz>0</Nz></Normal></Edge></Region></Slice>
</Layer>