<?xml version="1.0"?><!--America Makes layer file created using MSXML 6.0--><Layer>
	<Thickness>0.05</Thickness>
	<VertexList>
	<Vertex>
	<X>1.848809</X>
	<Y>-20.004730</Y>
	<Co-ordinate_system>Cartesian</Co-ordinate_system></Vertex>
	<Vertex>
	<X>2.832256</X>
	<Y>-19.928605</Y></Vertex>
	<Vertex>
	<X>3.151069</X>
	<Y>-19.882989</Y></Vertex>
	<Vertex>
	<X>4.204312</X>
	<Y>-19.699583</Y></Vertex>
	<Vertex>
	<X>4.140137</X>
	<Y>-19.378791</Y></Vertex>
	<Vertex>
	<X>4.580501</X>
	<Y>-19.288106</Y></Vertex>
	<Vertex>
	<X>5.440345</X>
	<Y>-19.072834</Y></Vertex>
	<Vertex>
	<X>5.525296</X>
	<Y>-19.386994</Y></Vertex>
	<Vertex>
	<X>5.720313</X>
	<Y>-19.338773</Y></Vertex>
	<Vertex>
	<X>5.835086</X>
	<Y>-19.302207</Y></Vertex>
	<Vertex>
	<X>5.743877</X>
	<Y>-18.991665</Y></Vertex>
	<Vertex>
	<X>6.784468</X>
	<Y>-18.664495</Y></Vertex>
	<Vertex>
	<X>7.496215</X>
	<Y>-18.397777</Y></Vertex>
	<Vertex>
	<X>7.887430</X>
	<Y>-18.239905</Y></Vertex>
	<Vertex>
	<X>8.012790</X>
	<Y>-18.541708</Y></Vertex>
	<Vertex>
	<X>8.320292</X>
	<Y>-18.407378</Y></Vertex>
	<Vertex>
	<X>8.190735</X>
	<Y>-18.109289</Y></Vertex>
	<Vertex>
	<X>8.761354</X>
	<Y>-17.851443</Y></Vertex>
	<Vertex>
	<X>8.900258</X>
	<Y>-18.145497</Y></Vertex>
	<Vertex>
	<X>9.048264</X>
	<Y>-18.080059</Y></Vertex>
	<Vertex>
	<X>9.153238</X>
	<Y>-18.024795</Y></Vertex>
	<Vertex>
	<X>9.011032</X>
	<Y>-17.734042</Y></Vertex>
	<Vertex>
	<X>9.911222</X>
	<Y>-17.267868</Y></Vertex>
	<Vertex>
	<X>10.516762</X>
	<Y>-16.914584</Y></Vertex>
	<Vertex>
	<X>10.862020</X>
	<Y>-16.701403</Y></Vertex>
	<Vertex>
	<X>11.036004</X>
	<Y>-16.978043</Y></Vertex>
	<Vertex>
	<X>11.322369</X>
	<Y>-16.791080</Y></Vertex>
	<Vertex>
	<X>11.144514</X>
	<Y>-16.518427</Y></Vertex>
	<Vertex>
	<X>11.395546</X>
	<Y>-16.356113</Y></Vertex>
	<Vertex>
	<X>11.648794</X>
	<Y>-16.178571</Y></Vertex>
	<Vertex>
	<X>11.834908</X>
	<Y>-16.445730</Y></Vertex>
	<Vertex>
	<X>11.981475</X>
	<Y>-16.348851</Y></Vertex>
	<Vertex>
	<X>12.075310</X>
	<Y>-16.277175</Y></Vertex>
	<Vertex>
	<X>11.884966</X>
	<Y>-16.015401</Y></Vertex>
	<Vertex>
	<X>12.759466</X>
	<Y>-15.353619</Y></Vertex>
	<Vertex>
	<X>13.343349</X>
	<Y>-14.859817</Y></Vertex>
	<Vertex>
	<X>13.659488</X>
	<Y>-14.578587</Y></Vertex>
	<Vertex>
	<X>13.879195</X>
	<Y>-14.820514</Y></Vertex>
	<Vertex>
	<X>14.025324</X>
	<Y>-14.688598</Y></Vertex>
	<Vertex>
	<X>15.486203</X>
	<Y>-13.191091</Y></Vertex>
	<Vertex>
	<X>15.819168</X>
	<Y>-12.795431</Y></Vertex>
	<Vertex>
	<X>16.421300</X>
	<Y>-12.039355</Y></Vertex>
	<Vertex>
	<X>16.162128</X>
	<Y>-11.843154</Y></Vertex>
	<Vertex>
	<X>16.438489</X>
	<Y>-11.474900</Y></Vertex>
	<Vertex>
	<X>16.702548</X>
	<Y>-11.664572</Y></Vertex>
	<Vertex>
	<X>16.768124</X>
	<Y>-11.573135</Y></Vertex>
	<Vertex>
	<X>16.502248</X>
	<Y>-11.383565</Y></Vertex>
	<Vertex>
	<X>16.759276</X>
	<Y>-11.011342</Y></Vertex>
	<Vertex>
	<X>17.028156</X>
	<Y>-11.194016</Y></Vertex>
	<Vertex>
	<X>17.444627</X>
	<Y>-10.561508</Y></Vertex>
	<Vertex>
	<X>17.620928</X>
	<Y>-10.275157</Y></Vertex>
	<Vertex>
	<X>17.756948</X>
	<Y>-10.046615</Y></Vertex>
	<Vertex>
	<X>17.476233</X>
	<Y>-9.882726</Y></Vertex>
	<Vertex>
	<X>17.689158</X>
	<Y>-9.510210</Y></Vertex>
	<Vertex>
	<X>17.973456</X>
	<Y>-9.667687</Y></Vertex>
	<Vertex>
	<X>18.251496</X>
	<Y>-9.151376</Y></Vertex>
	<Vertex>
	<X>17.962361</X>
	<Y>-9.002704</Y></Vertex>
	<Vertex>
	<X>18.212702</X>
	<Y>-8.504687</Y></Vertex>
	<Vertex>
	<X>18.506344</X>
	<Y>-8.644089</Y></Vertex>
	<Vertex>
	<X>18.842759</X>
	<Y>-7.914023</Y></Vertex>
	<Vertex>
	<X>19.066240</X>
	<Y>-7.381923</Y></Vertex>
	<Vertex>
	<X>19.222028</X>
	<Y>-6.980867</Y></Vertex>
	<Vertex>
	<X>19.529672</X>
	<Y>-6.114164</Y></Vertex>
	<Vertex>
	<X>19.620888</X>
	<Y>-5.829104</Y></Vertex>
	<Vertex>
	<X>19.310747</X>
	<Y>-5.731536</Y></Vertex>
	<Vertex>
	<X>19.409464</X>
	<Y>-5.405534</Y></Vertex>
	<Vertex>
	<X>19.721436</X>
	<Y>-5.497056</Y></Vertex>
	<Vertex>
	<X>19.892496</X>
	<Y>-4.877914</Y></Vertex>
	<Vertex>
	<X>20.084956</X>
	<Y>-4.067586</Y></Vertex>
	<Vertex>
	<X>19.767732</X>
	<Y>-3.996198</Y></Vertex>
	<Vertex>
	<X>19.873417</X>
	<Y>-3.474666</Y></Vertex>
	<Vertex>
	<X>20.192792</X>
	<Y>-3.533923</Y></Vertex>
	<Vertex>
	<X>20.344044</X>
	<Y>-2.614547</Y></Vertex>
	<Vertex>
	<X>20.022317</X>
	<Y>-2.567565</Y></Vertex>
	<Vertex>
	<X>20.064843</X>
	<Y>-2.246900</Y></Vertex>
	<Vertex>
	<X>20.386944</X>
	<Y>-2.291109</Y></Vertex>
	<Vertex>
	<X>20.397867</X>
	<Y>-2.202564</Y></Vertex>
	<Vertex>
	<X>20.435503</X>
	<Y>-1.866124</Y></Vertex>
	<Vertex>
	<X>20.508756</X>
	<Y>-0.959497</Y></Vertex>
	<Vertex>
	<X>20.184188</X>
	<Y>-0.940575</Y></Vertex>
	<Vertex>
	<X>20.205096</X>
	<Y>-0.497155</Y></Vertex>
	<Vertex>
	<X>20.211952</X>
	<Y>-0.112497</Y></Vertex>
	<Vertex>
	<X>20.536968</X>
	<Y>-0.117955</Y></Vertex>
	<Vertex>
	<X>20.543204</X>
	<Y>0.223198</Y></Vertex>
	<Vertex>
	<X>20.539108</X>
	<Y>0.485363</Y></Vertex>
	<Vertex>
	<X>20.214052</X>
	<Y>0.481168</Y></Vertex>
	<Vertex>
	<X>20.209300</X>
	<Y>0.815610</Y></Vertex>
	<Vertex>
	<X>20.191327</X>
	<Y>1.257248</Y></Vertex>
	<Vertex>
	<X>20.516012</X>
	<Y>1.274061</Y></Vertex>
	<Vertex>
	<X>20.476304</X>
	<Y>1.862494</Y></Vertex>
	<Vertex>
	<X>20.459083</X>
	<Y>2.069875</Y></Vertex>
	<Vertex>
	<X>20.135147</X>
	<Y>2.041912</Y></Vertex>
	<Vertex>
	<X>20.103092</X>
	<Y>2.363794</Y></Vertex>
	<Vertex>
	<X>20.426760</X>
	<Y>2.394538</Y></Vertex>
	<Vertex>
	<X>20.415132</X>
	<Y>2.500546</Y></Vertex>
	<Vertex>
	<X>20.315311</X>
	<Y>3.257921</Y></Vertex>
	<Vertex>
	<X>19.993836</X>
	<Y>3.209365</Y></Vertex>
	<Vertex>
	<X>19.933440</X>
	<Y>3.585012</Y></Vertex>
	<Vertex>
	<X>20.253932</X>
	<Y>3.639677</Y></Vertex>
	<Vertex>
	<X>20.131863</X>
	<Y>4.291039</Y></Vertex>
	<Vertex>
	<X>20.036615</X>
	<Y>4.731547</Y></Vertex>
	<Vertex>
	<X>19.851132</X>
	<Y>5.480979</Y></Vertex>
	<Vertex>
	<X>19.624731</X>
	<Y>5.412746</Y></Vertex>
	<Vertex>
	<X>19.537694</X>
	<Y>5.394640</Y></Vertex>
	<Vertex>
	<X>19.465819</X>
	<Y>5.655806</Y></Vertex>
	<Vertex>
	<X>19.776816</X>
	<Y>5.751033</Y></Vertex>
	<Vertex>
	<X>19.641479</X>
	<Y>6.208875</Y></Vertex>
	<Vertex>
	<X>19.456964</X>
	<Y>6.777887</Y></Vertex>
	<Vertex>
	<X>19.148928</X>
	<Y>6.674215</Y></Vertex>
	<Vertex>
	<X>18.979335</X>
	<Y>7.151482</Y></Vertex>
	<Vertex>
	<X>19.283016</X>
	<Y>7.267761</Y></Vertex>
	<Vertex>
	<X>19.173252</X>
	<Y>7.554168</Y></Vertex>
	<Vertex>
	<X>18.842763</X>
	<Y>8.360423</Y></Vertex>
	<Vertex>
	<X>17.907400</X>
	<Y>10.231776</Y></Vertex>
	<Vertex>
	<X>16.784580</X>
	<Y>11.997040</Y></Vertex>
	<Vertex>
	<X>16.340175</X>
	<Y>12.583389</Y></Vertex>
	<Vertex>
	<X>15.486280</X>
	<Y>13.632337</Y></Vertex>
	<Vertex>
	<X>15.240556</X>
	<Y>13.416360</Y></Vertex>
	<Vertex>
	<X>14.941835</X>
	<Y>13.752385</Y></Vertex>
	<Vertex>
	<X>14.325484</X>
	<Y>14.389401</Y></Vertex>
	<Vertex>
	<X>14.555080</X>
	<Y>14.620049</Y></Vertex>
	<Vertex>
	<X>14.415812</X>
	<Y>14.764824</Y></Vertex>
	<Vertex>
	<X>14.326760</X>
	<Y>14.845941</Y></Vertex>
	<Vertex>
	<X>14.103425</X>
	<Y>14.611679</Y></Vertex>
	<Vertex>
	<X>13.299791</X>
	<Y>15.349273</Y></Vertex>
	<Vertex>
	<X>12.712932</X>
	<Y>15.832308</Y></Vertex>
	<Vertex>
	<X>12.380604</X>
	<Y>16.092173</Y></Vertex>
	<Vertex>
	<X>12.579292</X>
	<Y>16.351637</Y></Vertex>
	<Vertex>
	<X>12.309210</X>
	<Y>16.550777</Y></Vertex>
	<Vertex>
	<X>12.115832</X>
	<Y>16.289533</Y></Vertex>
	<Vertex>
	<X>11.607225</X>
	<Y>16.654781</Y></Vertex>
	<Vertex>
	<X>11.792432</X>
	<Y>16.922105</Y></Vertex>
	<Vertex>
	<X>11.561410</X>
	<Y>17.080837</Y></Vertex>
	<Vertex>
	<X>11.382341</X>
	<Y>16.811223</Y></Vertex>
	<Vertex>
	<X>10.526900</X>
	<Y>17.358808</Y></Vertex>
	<Vertex>
	<X>9.918175</X>
	<Y>17.706581</Y></Vertex>
	<Vertex>
	<X>9.560926</X>
	<Y>17.898988</Y></Vertex>
	<Vertex>
	<X>9.713512</X>
	<Y>18.187985</Y></Vertex>
	<Vertex>
	<X>9.636962</X>
	<Y>18.231012</Y></Vertex>
	<Vertex>
	<X>9.408414</X>
	<Y>18.342505</Y></Vertex>
	<Vertex>
	<X>9.261218</X>
	<Y>18.052153</Y></Vertex>
	<Vertex>
	<X>8.995134</X>
	<Y>18.188392</Y></Vertex>
	<Vertex>
	<X>8.714754</X>
	<Y>18.318941</Y></Vertex>
	<Vertex>
	<X>8.853064</X>
	<Y>18.613700</Y></Vertex>
	<Vertex>
	<X>8.586890</X>
	<Y>18.737617</Y></Vertex>
	<Vertex>
	<X>8.455362</X>
	<Y>18.441889</Y></Vertex>
	<Vertex>
	<X>7.444989</X>
	<Y>18.868333</Y></Vertex>
	<Vertex>
	<X>6.725401</X>
	<Y>19.127089</Y></Vertex>
	<Vertex>
	<X>6.323782</X>
	<Y>19.260261</Y></Vertex>
	<Vertex>
	<X>6.423444</X>
	<Y>19.571497</Y></Vertex>
	<Vertex>
	<X>6.186132</X>
	<Y>19.643996</Y></Vertex>
	<Vertex>
	<X>4.890456</X>
	<Y>19.999932</Y></Vertex>
	<Vertex>
	<X>3.977062</X>
	<Y>20.178564</Y></Vertex>
	<Vertex>
	<X>2.743836</X>
	<Y>20.382441</Y></Vertex>
	<Vertex>
	<X>2.703506</X>
	<Y>20.059896</Y></Vertex>
	<Vertex>
	<X>2.246408</X>
	<Y>20.115103</Y></Vertex>
	<Vertex>
	<X>2.278642</X>
	<Y>20.438617</Y></Vertex>
	<Vertex>
	<X>2.166668</X>
	<Y>20.449689</Y></Vertex>
	<Vertex>
	<X>2.135430</X>
	<Y>20.124651</Y></Vertex>
	<Vertex>
	<X>1.684563</X>
	<Y>20.161133</Y></Vertex>
	<Vertex>
	<X>1.708322</X>
	<Y>20.485329</Y></Vertex>
	<Vertex>
	<X>1.029402</X>
	<Y>20.525824</Y></Vertex>
	<Vertex>
	<X>0.350250</X>
	<Y>20.542777</Y></Vertex>
	<Vertex>
	<X>0.348670</X>
	<Y>20.217719</Y></Vertex>
	<Vertex>
	<X>-0.080398</X>
	<Y>20.215865</Y></Vertex>
	<Vertex>
	<X>-0.086166</X>
	<Y>20.540813</Y></Vertex>
	<Vertex>
	<X>-0.672324</X>
	<Y>20.523448</Y></Vertex>
	<Vertex>
	<X>-0.656514</X>
	<Y>20.198717</Y></Vertex>
	<Vertex>
	<X>-1.212977</X>
	<Y>20.166514</Y></Vertex>
	<Vertex>
	<X>-1.239070</X>
	<Y>20.490509</Y></Vertex>
	<Vertex>
	<X>-1.345007</X>
	<Y>20.482596</Y></Vertex>
	<Vertex>
	<X>-2.045218</X>
	<Y>20.414729</Y></Vertex>
	<Vertex>
	<X>-2.777222</X>
	<Y>20.320357</Y></Vertex>
	<Vertex>
	<X>-3.419784</X>
	<Y>20.213968</Y></Vertex>
	<Vertex>
	<X>-4.234194</X>
	<Y>20.048245</Y></Vertex>
	<Vertex>
	<X>-4.163622</X>
	<Y>19.730871</Y></Vertex>
	<Vertex>
	<X>-4.495305</X>
	<Y>19.653357</Y></Vertex>
	<Vertex>
	<X>-4.572028</X>
	<Y>19.969297</Y></Vertex>
	<Vertex>
	<X>-5.193750</X>
	<Y>19.807865</Y></Vertex>
	<Vertex>
	<X>-5.991746</X>
	<Y>19.569377</Y></Vertex>
	<Vertex>
	<X>-5.894957</X>
	<Y>19.258956</Y></Vertex>
	<Vertex>
	<X>-6.399455</X>
	<Y>19.089701</Y></Vertex>
	<Vertex>
	<X>-6.507831</X>
	<Y>19.395937</Y></Vertex>
	<Vertex>
	<X>-7.379659</X>
	<Y>19.067237</Y></Vertex>
	<Vertex>
	<X>-7.259485</X>
	<Y>18.765124</Y></Vertex>
	<Vertex>
	<X>-7.558450</X>
	<Y>18.641616</Y></Vertex>
	<Vertex>
	<X>-7.681216</X>
	<Y>18.942673</Y></Vertex>
	<Vertex>
	<X>-8.238696</X>
	<Y>18.693038</Y></Vertex>
	<Vertex>
	<X>-8.895329</X>
	<Y>18.382357</Y></Vertex>
	<Vertex>
	<X>-8.749434</X>
	<Y>18.091809</Y></Vertex>
	<Vertex>
	<X>-9.143901</X>
	<Y>17.888205</Y></Vertex>
	<Vertex>
	<X>-9.480451</X>
	<Y>17.701813</Y></Vertex>
	<Vertex>
	<X>-9.638233</X>
	<Y>17.986017</Y></Vertex>
	<Vertex>
	<X>-10.161703</X>
	<Y>17.686057</Y></Vertex>
	<Vertex>
	<X>-9.995546</X>
	<Y>17.406649</Y></Vertex>
	<Vertex>
	<X>-10.282891</X>
	<Y>17.235461</Y></Vertex>
	<Vertex>
	<X>-10.656374</X>
	<Y>16.999076</Y></Vertex>
	<Vertex>
	<X>-10.833278</X>
	<Y>17.271857</Y></Vertex>
	<Vertex>
	<X>-11.494007</X>
	<Y>16.824649</Y></Vertex>
	<Vertex>
	<X>-11.307824</X>
	<Y>16.558097</Y></Vertex>
	<Vertex>
	<X>-11.570553</X>
	<Y>16.369395</Y></Vertex>
	<Vertex>
	<X>-11.759013</X>
	<Y>16.634325</Y></Vertex>
	<Vertex>
	<X>-12.451000</X>
	<Y>16.106121</Y></Vertex>
	<Vertex>
	<X>-12.248214</X>
	<Y>15.851992</Y></Vertex>
	<Vertex>
	<X>-12.543333</X>
	<Y>15.611861</Y></Vertex>
	<Vertex>
	<X>-12.750919</X>
	<Y>15.862085</Y></Vertex>
	<Vertex>
	<X>-13.231225</X>
	<Y>15.450340</Y></Vertex>
	<Vertex>
	<X>-13.565094</X>
	<Y>15.147604</Y></Vertex>
	<Vertex>
	<X>-14.144136</X>
	<Y>14.592601</Y></Vertex>
	<Vertex>
	<X>-13.971843</X>
	<Y>14.430649</Y></Vertex>
	<Vertex>
	<X>-13.912645</X>
	<Y>14.364327</Y></Vertex>
	<Vertex>
	<X>-14.102888</X>
	<Y>14.171499</Y></Vertex>
	<Vertex>
	<X>-14.340849</X>
	<Y>14.393213</Y></Vertex>
	<Vertex>
	<X>-15.070202</X>
	<Y>13.602785</Y></Vertex>
	<Vertex>
	<X>-14.826458</X>
	<Y>13.387899</Y></Vertex>
	<Vertex>
	<X>-15.154934</X>
	<Y>13.002349</Y></Vertex>
	<Vertex>
	<X>-15.407473</X>
	<Y>13.207205</Y></Vertex>
	<Vertex>
	<X>-15.710113</X>
	<Y>12.833987</Y></Vertex>
	<Vertex>
	<X>-16.922319</X>
	<Y>11.128867</Y></Vertex>
	<Vertex>
	<X>-17.952777</X>
	<Y>9.308145</Y></Vertex>
	<Vertex>
	<X>-18.788609</X>
	<Y>7.390412</Y></Vertex>
	<Vertex>
	<X>-19.020992</X>
	<Y>6.736849</Y></Vertex>
	<Vertex>
	<X>-18.711089</X>
	<Y>6.632031</Y></Vertex>
	<Vertex>
	<X>-18.852737</X>
	<Y>6.205320</Y></Vertex>
	<Vertex>
	<X>-19.096228</X>
	<Y>5.353037</Y></Vertex>
	<Vertex>
	<X>-19.410775</X>
	<Y>5.436549</Y></Vertex>
	<Vertex>
	<X>-19.466523</X>
	<Y>5.243545</Y></Vertex>
	<Vertex>
	<X>-19.492242</X>
	<Y>5.125867</Y></Vertex>
	<Vertex>
	<X>-19.177700</X>
	<Y>5.049589</Y></Vertex>
	<Vertex>
	<X>-19.414657</X>
	<Y>3.984824</Y></Vertex>
	<Vertex>
	<X>-19.539546</X>
	<Y>3.235073</Y></Vertex>
	<Vertex>
	<X>-19.598433</X>
	<Y>2.817334</Y></Vertex>
	<Vertex>
	<X>-19.922481</X>
	<Y>2.859671</Y></Vertex>
	<Vertex>
	<X>-19.934358</X>
	<Y>2.786205</Y></Vertex>
	<Vertex>
	<X>-19.959898</X>
	<Y>2.526205</Y></Vertex>
	<Vertex>
	<X>-19.636969</X>
	<Y>2.489354</Y></Vertex>
	<Vertex>
	<X>-19.698976</X>
	<Y>1.866267</Y></Vertex>
	<Vertex>
	<X>-20.023086</X>
	<Y>1.892999</Y></Vertex>
	<Vertex>
	<X>-20.045044</X>
	<Y>1.613559</Y></Vertex>
	<Vertex>
	<X>-19.722016</X>
	<Y>1.593285</Y></Vertex>
	<Vertex>
	<X>-19.768519</X>
	<Y>0.578663</Y></Vertex>
	<Vertex>
	<X>-19.765337</X>
	<Y>-0.122394</Y></Vertex>
	<Vertex>
	<X>-19.753346</X>
	<Y>-0.527986</Y></Vertex>
	<Vertex>
	<X>-20.077849</X>
	<Y>-0.540269</Y></Vertex>
	<Vertex>
	<X>-20.076157</X>
	<Y>-0.685016</Y></Vertex>
	<Vertex>
	<X>-20.061183</X>
	<Y>-0.881821</Y></Vertex>
	<Vertex>
	<X>-19.736132</X>
	<Y>-0.864123</Y></Vertex>
	<Vertex>
	<X>-19.721080</X>
	<Y>-1.162679</Y></Vertex>
	<Vertex>
	<X>-19.693946</X>
	<Y>-1.470767</Y></Vertex>
	<Vertex>
	<X>-20.018372</X>
	<Y>-1.498369</Y></Vertex>
	<Vertex>
	<X>-20.007754</X>
	<Y>-1.673738</Y></Vertex>
	<Vertex>
	<X>-19.992598</X>
	<Y>-1.790839</Y></Vertex>
	<Vertex>
	<X>-19.670723</X>
	<Y>-1.756884</Y></Vertex>
	<Vertex>
	<X>-19.534853</X>
	<Y>-2.845112</Y></Vertex>
	<Vertex>
	<X>-19.399148</X>
	<Y>-3.597669</Y></Vertex>
	<Vertex>
	<X>-19.313667</X>
	<Y>-4.012069</Y></Vertex>
	<Vertex>
	<X>-19.633036</X>
	<Y>-4.081380</Y></Vertex>
	<Vertex>
	<X>-19.426803</X>
	<Y>-4.951716</Y></Vertex>
	<Vertex>
	<X>-18.790565</X>
	<Y>-6.944723</Y></Vertex>
	<Vertex>
	<X>-18.495535</X>
	<Y>-7.673486</Y></Vertex>
	<Vertex>
	<X>-18.196033</X>
	<Y>-7.547138</Y></Vertex>
	<Vertex>
	<X>-18.015295</X>
	<Y>-7.970601</Y></Vertex>
	<Vertex>
	<X>-18.311585</X>
	<Y>-8.104443</Y></Vertex>
	<Vertex>
	<X>-18.265186</X>
	<Y>-8.206953</Y></Vertex>
	<Vertex>
	<X>-17.968078</X>
	<Y>-8.071485</Y></Vertex>
	<Vertex>
	<X>-17.774234</X>
	<Y>-8.480188</Y></Vertex>
	<Vertex>
	<X>-18.066875</X>
	<Y>-8.621706</Y></Vertex>
	<Vertex>
	<X>-17.739428</X>
	<Y>-9.276398</Y></Vertex>
	<Vertex>
	<X>-17.437591</X>
	<Y>-9.826557</Y></Vertex>
	<Vertex>
	<X>-17.155302</X>
	<Y>-9.665401</Y></Vertex>
	<Vertex>
	<X>-16.939154</X>
	<Y>-10.036055</Y></Vertex>
	<Vertex>
	<X>-17.217686</X>
	<Y>-10.203523</Y></Vertex>
	<Vertex>
	<X>-16.909567</X>
	<Y>-10.702470</Y></Vertex>
	<Vertex>
	<X>-16.636248</X>
	<Y>-10.526413</Y></Vertex>
	<Vertex>
	<X>-16.330123</X>
	<Y>-10.992220</Y></Vertex>
	<Vertex>
	<X>-16.597668</X>
	<Y>-11.176817</Y></Vertex>
	<Vertex>
	<X>-15.995455</X>
	<Y>-12.013035</Y></Vertex>
	<Vertex>
	<X>-15.611994</X>
	<Y>-12.510558</Y></Vertex>
	<Vertex>
	<X>-15.139788</X>
	<Y>-13.075907</Y></Vertex>
	<Vertex>
	<X>-14.717093</X>
	<Y>-13.549537</Y></Vertex>
	<Vertex>
	<X>-14.477526</X>
	<Y>-13.329732</Y></Vertex>
	<Vertex>
	<X>-14.244555</X>
	<Y>-13.578222</Y></Vertex>
	<Vertex>
	<X>-14.479803</X>
	<Y>-13.802636</Y></Vertex>
	<Vertex>
	<X>-14.029141</X>
	<Y>-14.260348</Y></Vertex>
	<Vertex>
	<X>-13.423607</X>
	<Y>-14.832190</Y></Vertex>
	<Vertex>
	<X>-13.203168</X>
	<Y>-14.593158</Y></Vertex>
	<Vertex>
	<X>-12.804328</X>
	<Y>-14.945422</Y></Vertex>
	<Vertex>
	<X>-13.015359</X>
	<Y>-15.192410</Y></Vertex>
	<Vertex>
	<X>-12.831872</X>
	<Y>-15.348164</Y></Vertex>
	<Vertex>
	<X>-12.294783</X>
	<Y>-15.783086</Y></Vertex>
	<Vertex>
	<X>-12.093234</X>
	<Y>-15.527957</Y></Vertex>
	<Vertex>
	<X>-11.836791</X>
	<Y>-15.725116</Y></Vertex>
	<Vertex>
	<X>-12.036129</X>
	<Y>-15.981959</Y></Vertex>
	<Vertex>
	<X>-11.563625</X>
	<Y>-16.327420</Y></Vertex>
	<Vertex>
	<X>-10.943823</X>
	<Y>-16.753253</Y></Vertex>
	<Vertex>
	<X>-10.765150</X>
	<Y>-16.481631</Y></Vertex>
	<Vertex>
	<X>-10.391594</X>
	<Y>-16.721450</Y></Vertex>
	<Vertex>
	<X>-10.061896</X>
	<Y>-16.919712</Y></Vertex>
	<Vertex>
	<X>-10.229133</X>
	<Y>-17.198460</Y></Vertex>
	<Vertex>
	<X>-9.707623</X>
	<Y>-17.501817</Y></Vertex>
	<Vertex>
	<X>-9.548730</X>
	<Y>-17.218216</Y></Vertex>
	<Vertex>
	<X>-9.256805</X>
	<Y>-17.381473</Y></Vertex>
	<Vertex>
	<X>-8.865350</X>
	<Y>-17.586727</Y></Vertex>
	<Vertex>
	<X>-9.013132</X>
	<Y>-17.876318</Y></Vertex>
	<Vertex>
	<X>-8.295474</X>
	<Y>-18.224924</Y></Vertex>
	<Vertex>
	<X>-8.157723</X>
	<Y>-17.930410</Y></Vertex>
	<Vertex>
	<X>-7.862938</X>
	<Y>-18.063586</Y></Vertex>
	<Vertex>
	<X>-7.998142</X>
	<Y>-18.359263</Y></Vertex>
	<Vertex>
	<X>-7.194709</X>
	<Y>-18.694437</Y></Vertex>
	<Vertex>
	<X>-7.076023</X>
	<Y>-18.391755</Y></Vertex>
	<Vertex>
	<X>-6.720503</X>
	<Y>-18.527272</Y></Vertex>
	<Vertex>
	<X>-6.833409</X>
	<Y>-18.832157</Y></Vertex>
	<Vertex>
	<X>-6.179555</X>
	<Y>-19.061022</Y></Vertex>
	<Vertex>
	<X>-5.750439</X>
	<Y>-19.198792</Y></Vertex>
	<Vertex>
	<X>-5.037394</X>
	<Y>-19.403978</Y></Vertex>
	<Vertex>
	<X>-4.983287</X>
	<Y>-19.173791</Y></Vertex>
	<Vertex>
	<X>-4.955448</X>
	<Y>-19.089361</Y></Vertex>
	<Vertex>
	<X>-4.693335</X>
	<Y>-19.157705</Y></Vertex>
	<Vertex>
	<X>-4.766363</X>
	<Y>-19.474642</Y></Vertex>
	<Vertex>
	<X>-3.717156</X>
	<Y>-19.711066</Y></Vertex>
	<Vertex>
	<X>-3.652930</X>
	<Y>-19.392524</Y></Vertex>
	<Vertex>
	<X>-3.154775</X>
	<Y>-19.484078</Y></Vertex>
	<Vertex>
	<X>-3.205938</X>
	<Y>-19.805362</Y></Vertex>
	<Vertex>
	<X>-2.856215</X>
	<Y>-19.857941</Y></Vertex>
	<Vertex>
	<X>-1.345006</X>
	<Y>-20.036196</Y></Vertex>
	<Vertex>
	<X>0.746398</X>
	<Y>-20.090063</Y></Vertex></VertexList>
	<Slice>
	<Region>
	<Tag>main</Tag>
	<contourTraj>2</contourTraj>
	<hatchTraj>3</hatchTraj>
	<Type>Outer</Type>
	<Edge>
	<Start>1</Start>
	<End>2</End>
	<Normal>
	<Nx>0</Nx>
	<Ny>0</Ny>
	<Nz>0</Nz></Normal></Edge>
	<Edge>
	<Start>2</Start>
	<End>3</End>
	<Normal>
	<Nx>0</Nx>
	<Ny>0</Ny>
	<Nz>0</Nz></Normal></Edge>
	<Edge>
	<Start>3</Start>
	<End>4</End>
	<Normal>
	<Nx>0</Nx>
	<Ny>0</Ny>
	<Nz>0</Nz></Normal></Edge>
	<Edge>
	<Start>4</Start>
	<End>5</End>
	<Normal>
	<Nx>0</Nx>
	<Ny>0</Ny>
	<Nz>0</Nz></Normal></Edge>
	<Edge>
	<Start>5</Start>
	<End>6</End>
	<Normal>
	<Nx>0</Nx>
	<Ny>0</Ny>
	<Nz>0</Nz></Normal></Edge>
	<Edge>
	<Start>6</Start>
	<End>7</End>
	<Normal>
	<Nx>0</Nx>
	<Ny>0</Ny>
	<Nz>0</Nz></Normal></Edge>
	<Edge>
	<Start>7</Start>
	<End>8</End>
	<Normal>
	<Nx>0</Nx>
	<Ny>0</Ny>
	<Nz>0</Nz></Normal></Edge>
	<Edge>
	<Start>8</Start>
	<End>9</End>
	<Normal>
	<Nx>0</Nx>
	<Ny>0</Ny>
	<Nz>0</Nz></Normal></Edge>
	<Edge>
	<Start>9</Start>
	<End>10</End>
	<Normal>
	<Nx>0</Nx>
	<Ny>0</Ny>
	<Nz>0</Nz></Normal></Edge>
	<Edge>
	<Start>10</Start>
	<End>11</End>
	<Normal>
	<Nx>0</Nx>
	<Ny>0</Ny>
	<Nz>0</Nz></Normal></Edge>
	<Edge>
	<Start>11</Start>
	<End>12</End>
	<Normal>
	<Nx>0</Nx>
	<Ny>0</Ny>
	<Nz>0</Nz></Normal></Edge>
	<Edge>
	<Start>12</Start>
	<End>13</End>
	<Normal>
	<Nx>0</Nx>
	<Ny>0</Ny>
	<Nz>0</Nz></Normal></Edge>
	<Edge>
	<Start>13</Start>
	<End>14</End>
	<Normal>
	<Nx>0</Nx>
	<Ny>0</Ny>
	<Nz>0</Nz></Normal></Edge>
	<Edge>
	<Start>14</Start>
	<End>15</End>
	<Normal>
	<Nx>0</Nx>
	<Ny>0</Ny>
	<Nz>0</Nz></Normal></Edge>
	<Edge>
	<Start>15</Start>
	<End>16</End>
	<Normal>
	<Nx>0</Nx>
	<Ny>0</Ny>
	<Nz>0</Nz></Normal></Edge>
	<Edge>
	<Start>16</Start>
	<End>17</End>
	<Normal>
	<Nx>0</Nx>
	<Ny>0</Ny>
	<Nz>0</Nz></Normal></Edge>
	<Edge>
	<Start>17</Start>
	<End>18</End>
	<Normal>
	<Nx>0</Nx>
	<Ny>0</Ny>
	<Nz>0</Nz></Normal></Edge>
	<Edge>
	<Start>18</Start>
	<End>19</End>
	<Normal>
	<Nx>0</Nx>
	<Ny>0</Ny>
	<Nz>0</Nz></Normal></Edge>
	<Edge>
	<Start>19</Start>
	<End>20</End>
	<Normal>
	<Nx>0</Nx>
	<Ny>0</Ny>
	<Nz>0</Nz></Normal></Edge>
	<Edge>
	<Start>20</Start>
	<End>21</End>
	<Normal>
	<Nx>0</Nx>
	<Ny>0</Ny>
	<Nz>0</Nz></Normal></Edge>
	<Edge>
	<Start>21</Start>
	<End>22</End>
	<Normal>
	<Nx>0</Nx>
	<Ny>0</Ny>
	<Nz>0</Nz></Normal></Edge>
	<Edge>
	<Start>22</Start>
	<End>23</End>
	<Normal>
	<Nx>0</Nx>
	<Ny>0</Ny>
	<Nz>0</Nz></Normal></Edge>
	<Edge>
	<Start>23</Start>
	<End>24</End>
	<Normal>
	<Nx>0</Nx>
	<Ny>0</Ny>
	<Nz>0</Nz></Normal></Edge>
	<Edge>
	<Start>24</Start>
	<End>25</End>
	<Normal>
	<Nx>0</Nx>
	<Ny>0</Ny>
	<Nz>0</Nz></Normal></Edge>
	<Edge>
	<Start>25</Start>
	<End>26</End>
	<Normal>
	<Nx>0</Nx>
	<Ny>0</Ny>
	<Nz>0</Nz></Normal></Edge>
	<Edge>
	<Start>26</Start>
	<End>27</End>
	<Normal>
	<Nx>0</Nx>
	<Ny>0</Ny>
	<Nz>0</Nz></Normal></Edge>
	<Edge>
	<Start>27</Start>
	<End>28</End>
	<Normal>
	<Nx>0</Nx>
	<Ny>0</Ny>
	<Nz>0</Nz></Normal></Edge>
	<Edge>
	<Start>28</Start>
	<End>29</End>
	<Normal>
	<Nx>0</Nx>
	<Ny>0</Ny>
	<Nz>0</Nz></Normal></Edge>
	<Edge>
	<Start>29</Start>
	<End>30</End>
	<Normal>
	<Nx>0</Nx>
	<Ny>0</Ny>
	<Nz>0</Nz></Normal></Edge>
	<Edge>
	<Start>30</Start>
	<End>31</End>
	<Normal>
	<Nx>0</Nx>
	<Ny>0</Ny>
	<Nz>0</Nz></Normal></Edge>
	<Edge>
	<Start>31</Start>
	<End>32</End>
	<Normal>
	<Nx>0</Nx>
	<Ny>0</Ny>
	<Nz>0</Nz></Normal></Edge>
	<Edge>
	<Start>32</Start>
	<End>33</End>
	<Normal>
	<Nx>0</Nx>
	<Ny>0</Ny>
	<Nz>0</Nz></Normal></Edge>
	<Edge>
	<Start>33</Start>
	<End>34</End>
	<Normal>
	<Nx>0</Nx>
	<Ny>0</Ny>
	<Nz>0</Nz></Normal></Edge>
	<Edge>
	<Start>34</Start>
	<End>35</End>
	<Normal>
	<Nx>0</Nx>
	<Ny>0</Ny>
	<Nz>0</Nz></Normal></Edge>
	<Edge>
	<Start>35</Start>
	<End>36</End>
	<Normal>
	<Nx>0</Nx>
	<Ny>0</Ny>
	<Nz>0</Nz></Normal></Edge>
	<Edge>
	<Start>36</Start>
	<End>37</End>
	<Normal>
	<Nx>0</Nx>
	<Ny>0</Ny>
	<Nz>0</Nz></Normal></Edge>
	<Edge>
	<Start>37</Start>
	<End>38</End>
	<Normal>
	<Nx>0</Nx>
	<Ny>0</Ny>
	<Nz>0</Nz></Normal></Edge>
	<Edge>
	<Start>38</Start>
	<End>39</End>
	<Normal>
	<Nx>0</Nx>
	<Ny>0</Ny>
	<Nz>0</Nz></Normal></Edge>
	<Edge>
	<Start>39</Start>
	<End>40</End>
	<Normal>
	<Nx>0</Nx>
	<Ny>0</Ny>
	<Nz>0</Nz></Normal></Edge>
	<Edge>
	<Start>40</Start>
	<End>41</End>
	<Normal>
	<Nx>0</Nx>
	<Ny>0</Ny>
	<Nz>0</Nz></Normal></Edge>
	<Edge>
	<Start>41</Start>
	<End>42</End>
	<Normal>
	<Nx>0</Nx>
	<Ny>0</Ny>
	<Nz>0</Nz></Normal></Edge>
	<Edge>
	<Start>42</Start>
	<End>43</End>
	<Normal>
	<Nx>0</Nx>
	<Ny>0</Ny>
	<Nz>0</Nz></Normal></Edge>
	<Edge>
	<Start>43</Start>
	<End>44</End>
	<Normal>
	<Nx>0</Nx>
	<Ny>0</Ny>
	<Nz>0</Nz></Normal></Edge>
	<Edge>
	<Start>44</Start>
	<End>45</End>
	<Normal>
	<Nx>0</Nx>
	<Ny>0</Ny>
	<Nz>0</Nz></Normal></Edge>
	<Edge>
	<Start>45</Start>
	<End>46</End>
	<Normal>
	<Nx>0</Nx>
	<Ny>0</Ny>
	<Nz>0</Nz></Normal></Edge>
	<Edge>
	<Start>46</Start>
	<End>47</End>
	<Normal>
	<Nx>0</Nx>
	<Ny>0</Ny>
	<Nz>0</Nz></Normal></Edge>
	<Edge>
	<Start>47</Start>
	<End>48</End>
	<Normal>
	<Nx>0</Nx>
	<Ny>0</Ny>
	<Nz>0</Nz></Normal></Edge>
	<Edge>
	<Start>48</Start>
	<End>49</End>
	<Normal>
	<Nx>0</Nx>
	<Ny>0</Ny>
	<Nz>0</Nz></Normal></Edge>
	<Edge>
	<Start>49</Start>
	<End>50</End>
	<Normal>
	<Nx>0</Nx>
	<Ny>0</Ny>
	<Nz>0</Nz></Normal></Edge>
	<Edge>
	<Start>50</Start>
	<End>51</End>
	<Normal>
	<Nx>0</Nx>
	<Ny>0</Ny>
	<Nz>0</Nz></Normal></Edge>
	<Edge>
	<Start>51</Start>
	<End>52</End>
	<Normal>
	<Nx>0</Nx>
	<Ny>0</Ny>
	<Nz>0</Nz></Normal></Edge>
	<Edge>
	<Start>52</Start>
	<End>53</End>
	<Normal>
	<Nx>0</Nx>
	<Ny>0</Ny>
	<Nz>0</Nz></Normal></Edge>
	<Edge>
	<Start>53</Start>
	<End>54</End>
	<Normal>
	<Nx>0</Nx>
	<Ny>0</Ny>
	<Nz>0</Nz></Normal></Edge>
	<Edge>
	<Start>54</Start>
	<End>55</End>
	<Normal>
	<Nx>0</Nx>
	<Ny>0</Ny>
	<Nz>0</Nz></Normal></Edge>
	<Edge>
	<Start>55</Start>
	<End>56</End>
	<Normal>
	<Nx>0</Nx>
	<Ny>0</Ny>
	<Nz>0</Nz></Normal></Edge>
	<Edge>
	<Start>56</Start>
	<End>57</End>
	<Normal>
	<Nx>0</Nx>
	<Ny>0</Ny>
	<Nz>0</Nz></Normal></Edge>
	<Edge>
	<Start>57</Start>
	<End>58</End>
	<Normal>
	<Nx>0</Nx>
	<Ny>0</Ny>
	<Nz>0</Nz></Normal></Edge>
	<Edge>
	<Start>58</Start>
	<End>59</End>
	<Normal>
	<Nx>0</Nx>
	<Ny>0</Ny>
	<Nz>0</Nz></Normal></Edge>
	<Edge>
	<Start>59</Start>
	<End>60</End>
	<Normal>
	<Nx>0</Nx>
	<Ny>0</Ny>
	<Nz>0</Nz></Normal></Edge>
	<Edge>
	<Start>60</Start>
	<End>61</End>
	<Normal>
	<Nx>0</Nx>
	<Ny>0</Ny>
	<Nz>0</Nz></Normal></Edge>
	<Edge>
	<Start>61</Start>
	<End>62</End>
	<Normal>
	<Nx>0</Nx>
	<Ny>0</Ny>
	<Nz>0</Nz></Normal></Edge>
	<Edge>
	<Start>62</Start>
	<End>63</End>
	<Normal>
	<Nx>0</Nx>
	<Ny>0</Ny>
	<Nz>0</Nz></Normal></Edge>
	<Edge>
	<Start>63</Start>
	<End>64</End>
	<Normal>
	<Nx>0</Nx>
	<Ny>0</Ny>
	<Nz>0</Nz></Normal></Edge>
	<Edge>
	<Start>64</Start>
	<End>65</End>
	<Normal>
	<Nx>0</Nx>
	<Ny>0</Ny>
	<Nz>0</Nz></Normal></Edge>
	<Edge>
	<Start>65</Start>
	<End>66</End>
	<Normal>
	<Nx>0</Nx>
	<Ny>0</Ny>
	<Nz>0</Nz></Normal></Edge>
	<Edge>
	<Start>66</Start>
	<End>67</End>
	<Normal>
	<Nx>0</Nx>
	<Ny>0</Ny>
	<Nz>0</Nz></Normal></Edge>
	<Edge>
	<Start>67</Start>
	<End>68</End>
	<Normal>
	<Nx>0</Nx>
	<Ny>0</Ny>
	<Nz>0</Nz></Normal></Edge>
	<Edge>
	<Start>68</Start>
	<End>69</End>
	<Normal>
	<Nx>0</Nx>
	<Ny>0</Ny>
	<Nz>0</Nz></Normal></Edge>
	<Edge>
	<Start>69</Start>
	<End>70</End>
	<Normal>
	<Nx>0</Nx>
	<Ny>0</Ny>
	<Nz>0</Nz></Normal></Edge>
	<Edge>
	<Start>70</Start>
	<End>71</End>
	<Normal>
	<Nx>0</Nx>
	<Ny>0</Ny>
	<Nz>0</Nz></Normal></Edge>
	<Edge>
	<Start>71</Start>
	<End>72</End>
	<Normal>
	<Nx>0</Nx>
	<Ny>0</Ny>
	<Nz>0</Nz></Normal></Edge>
	<Edge>
	<Start>72</Start>
	<End>73</End>
	<Normal>
	<Nx>0</Nx>
	<Ny>0</Ny>
	<Nz>0</Nz></Normal></Edge>
	<Edge>
	<Start>73</Start>
	<End>74</End>
	<Normal>
	<Nx>0</Nx>
	<Ny>0</Ny>
	<Nz>0</Nz></Normal></Edge>
	<Edge>
	<Start>74</Start>
	<End>75</End>
	<Normal>
	<Nx>0</Nx>
	<Ny>0</Ny>
	<Nz>0</Nz></Normal></Edge>
	<Edge>
	<Start>75</Start>
	<End>76</End>
	<Normal>
	<Nx>0</Nx>
	<Ny>0</Ny>
	<Nz>0</Nz></Normal></Edge>
	<Edge>
	<Start>76</Start>
	<End>77</End>
	<Normal>
	<Nx>0</Nx>
	<Ny>0</Ny>
	<Nz>0</Nz></Normal></Edge>
	<Edge>
	<Start>77</Start>
	<End>78</End>
	<Normal>
	<Nx>0</Nx>
	<Ny>0</Ny>
	<Nz>0</Nz></Normal></Edge>
	<Edge>
	<Start>78</Start>
	<End>79</End>
	<Normal>
	<Nx>0</Nx>
	<Ny>0</Ny>
	<Nz>0</Nz></Normal></Edge>
	<Edge>
	<Start>79</Start>
	<End>80</End>
	<Normal>
	<Nx>0</Nx>
	<Ny>0</Ny>
	<Nz>0</Nz></Normal></Edge>
	<Edge>
	<Start>80</Start>
	<End>81</End>
	<Normal>
	<Nx>0</Nx>
	<Ny>0</Ny>
	<Nz>0</Nz></Normal></Edge>
	<Edge>
	<Start>81</Start>
	<End>82</End>
	<Normal>
	<Nx>0</Nx>
	<Ny>0</Ny>
	<Nz>0</Nz></Normal></Edge>
	<Edge>
	<Start>82</Start>
	<End>83</End>
	<Normal>
	<Nx>0</Nx>
	<Ny>0</Ny>
	<Nz>0</Nz></Normal></Edge>
	<Edge>
	<Start>83</Start>
	<End>84</End>
	<Normal>
	<Nx>0</Nx>
	<Ny>0</Ny>
	<Nz>0</Nz></Normal></Edge>
	<Edge>
	<Start>84</Start>
	<End>85</End>
	<Normal>
	<Nx>0</Nx>
	<Ny>0</Ny>
	<Nz>0</Nz></Normal></Edge>
	<Edge>
	<Start>85</Start>
	<End>86</End>
	<Normal>
	<Nx>0</Nx>
	<Ny>0</Ny>
	<Nz>0</Nz></Normal></Edge>
	<Edge>
	<Start>86</Start>
	<End>87</End>
	<Normal>
	<Nx>0</Nx>
	<Ny>0</Ny>
	<Nz>0</Nz></Normal></Edge>
	<Edge>
	<Start>87</Start>
	<End>88</End>
	<Normal>
	<Nx>0</Nx>
	<Ny>0</Ny>
	<Nz>0</Nz></Normal></Edge>
	<Edge>
	<Start>88</Start>
	<End>89</End>
	<Normal>
	<Nx>0</Nx>
	<Ny>0</Ny>
	<Nz>0</Nz></Normal></Edge>
	<Edge>
	<Start>89</Start>
	<End>90</End>
	<Normal>
	<Nx>0</Nx>
	<Ny>0</Ny>
	<Nz>0</Nz></Normal></Edge>
	<Edge>
	<Start>90</Start>
	<End>91</End>
	<Normal>
	<Nx>0</Nx>
	<Ny>0</Ny>
	<Nz>0</Nz></Normal></Edge>
	<Edge>
	<Start>91</Start>
	<End>92</End>
	<Normal>
	<Nx>0</Nx>
	<Ny>0</Ny>
	<Nz>0</Nz></Normal></Edge>
	<Edge>
	<Start>92</Start>
	<End>93</End>
	<Normal>
	<Nx>0</Nx>
	<Ny>0</Ny>
	<Nz>0</Nz></Normal></Edge>
	<Edge>
	<Start>93</Start>
	<End>94</End>
	<Normal>
	<Nx>0</Nx>
	<Ny>0</Ny>
	<Nz>0</Nz></Normal></Edge>
	<Edge>
	<Start>94</Start>
	<End>95</End>
	<Normal>
	<Nx>0</Nx>
	<Ny>0</Ny>
	<Nz>0</Nz></Normal></Edge>
	<Edge>
	<Start>95</Start>
	<End>96</End>
	<Normal>
	<Nx>0</Nx>
	<Ny>0</Ny>
	<Nz>0</Nz></Normal></Edge>
	<Edge>
	<Start>96</Start>
	<End>97</End>
	<Normal>
	<Nx>0</Nx>
	<Ny>0</Ny>
	<Nz>0</Nz></Normal></Edge>
	<Edge>
	<Start>97</Start>
	<End>98</End>
	<Normal>
	<Nx>0</Nx>
	<Ny>0</Ny>
	<Nz>0</Nz></Normal></Edge>
	<Edge>
	<Start>98</Start>
	<End>99</End>
	<Normal>
	<Nx>0</Nx>
	<Ny>0</Ny>
	<Nz>0</Nz></Normal></Edge>
	<Edge>
	<Start>99</Start>
	<End>100</End>
	<Normal>
	<Nx>0</Nx>
	<Ny>0</Ny>
	<Nz>0</Nz></Normal></Edge>
	<Edge>
	<Start>100</Start>
	<End>101</End>
	<Normal>
	<Nx>0</Nx>
	<Ny>0</Ny>
	<Nz>0</Nz></Normal></Edge>
	<Edge>
	<Start>101</Start>
	<End>102</End>
	<Normal>
	<Nx>0</Nx>
	<Ny>0</Ny>
	<Nz>0</Nz></Normal></Edge>
	<Edge>
	<Start>102</Start>
	<End>103</End>
	<Normal>
	<Nx>0</Nx>
	<Ny>0</Ny>
	<Nz>0</Nz></Normal></Edge>
	<Edge>
	<Start>103</Start>
	<End>104</End>
	<Normal>
	<Nx>0</Nx>
	<Ny>0</Ny>
	<Nz>0</Nz></Normal></Edge>
	<Edge>
	<Start>104</Start>
	<End>105</End>
	<Normal>
	<Nx>0</Nx>
	<Ny>0</Ny>
	<Nz>0</Nz></Normal></Edge>
	<Edge>
	<Start>105</Start>
	<End>106</End>
	<Normal>
	<Nx>0</Nx>
	<Ny>0</Ny>
	<Nz>0</Nz></Normal></Edge>
	<Edge>
	<Start>106</Start>
	<End>107</End>
	<Normal>
	<Nx>0</Nx>
	<Ny>0</Ny>
	<Nz>0</Nz></Normal></Edge>
	<Edge>
	<Start>107</Start>
	<End>108</End>
	<Normal>
	<Nx>0</Nx>
	<Ny>0</Ny>
	<Nz>0</Nz></Normal></Edge>
	<Edge>
	<Start>108</Start>
	<End>109</End>
	<Normal>
	<Nx>0</Nx>
	<Ny>0</Ny>
	<Nz>0</Nz></Normal></Edge>
	<Edge>
	<Start>109</Start>
	<End>110</End>
	<Normal>
	<Nx>0</Nx>
	<Ny>0</Ny>
	<Nz>0</Nz></Normal></Edge>
	<Edge>
	<Start>110</Start>
	<End>111</End>
	<Normal>
	<Nx>0</Nx>
	<Ny>0</Ny>
	<Nz>0</Nz></Normal></Edge>
	<Edge>
	<Start>111</Start>
	<End>112</End>
	<Normal>
	<Nx>0</Nx>
	<Ny>0</Ny>
	<Nz>0</Nz></Normal></Edge>
	<Edge>
	<Start>112</Start>
	<End>113</End>
	<Normal>
	<Nx>0</Nx>
	<Ny>0</Ny>
	<Nz>0</Nz></Normal></Edge>
	<Edge>
	<Start>113</Start>
	<End>114</End>
	<Normal>
	<Nx>0</Nx>
	<Ny>0</Ny>
	<Nz>0</Nz></Normal></Edge>
	<Edge>
	<Start>114</Start>
	<End>115</End>
	<Normal>
	<Nx>0</Nx>
	<Ny>0</Ny>
	<Nz>0</Nz></Normal></Edge>
	<Edge>
	<Start>115</Start>
	<End>116</End>
	<Normal>
	<Nx>0</Nx>
	<Ny>0</Ny>
	<Nz>0</Nz></Normal></Edge>
	<Edge>
	<Start>116</Start>
	<End>117</End>
	<Normal>
	<Nx>0</Nx>
	<Ny>0</Ny>
	<Nz>0</Nz></Normal></Edge>
	<Edge>
	<Start>117</Start>
	<End>118</End>
	<Normal>
	<Nx>0</Nx>
	<Ny>0</Ny>
	<Nz>0</Nz></Normal></Edge>
	<Edge>
	<Start>118</Start>
	<End>119</End>
	<Normal>
	<Nx>0</Nx>
	<Ny>0</Ny>
	<Nz>0</Nz></Normal></Edge>
	<Edge>
	<Start>119</Start>
	<End>120</End>
	<Normal>
	<Nx>0</Nx>
	<Ny>0</Ny>
	<Nz>0</Nz></Normal></Edge>
	<Edge>
	<Start>120</Start>
	<End>121</End>
	<Normal>
	<Nx>0</Nx>
	<Ny>0</Ny>
	<Nz>0</Nz></Normal></Edge>
	<Edge>
	<Start>121</Start>
	<End>122</End>
	<Normal>
	<Nx>0</Nx>
	<Ny>0</Ny>
	<Nz>0</Nz></Normal></Edge>
	<Edge>
	<Start>122</Start>
	<End>123</End>
	<Normal>
	<Nx>0</Nx>
	<Ny>0</Ny>
	<Nz>0</Nz></Normal></Edge>
	<Edge>
	<Start>123</Start>
	<End>124</End>
	<Normal>
	<Nx>0</Nx>
	<Ny>0</Ny>
	<Nz>0</Nz></Normal></Edge>
	<Edge>
	<Start>124</Start>
	<End>125</End>
	<Normal>
	<Nx>0</Nx>
	<Ny>0</Ny>
	<Nz>0</Nz></Normal></Edge>
	<Edge>
	<Start>125</Start>
	<End>126</End>
	<Normal>
	<Nx>0</Nx>
	<Ny>0</Ny>
	<Nz>0</Nz></Normal></Edge>
	<Edge>
	<Start>126</Start>
	<End>127</End>
	<Normal>
	<Nx>0</Nx>
	<Ny>0</Ny>
	<Nz>0</Nz></Normal></Edge>
	<Edge>
	<Start>127</Start>
	<End>128</End>
	<Normal>
	<Nx>0</Nx>
	<Ny>0</Ny>
	<Nz>0</Nz></Normal></Edge>
	<Edge>
	<Start>128</Start>
	<End>129</End>
	<Normal>
	<Nx>0</Nx>
	<Ny>0</Ny>
	<Nz>0</Nz></Normal></Edge>
	<Edge>
	<Start>129</Start>
	<End>130</End>
	<Normal>
	<Nx>0</Nx>
	<Ny>0</Ny>
	<Nz>0</Nz></Normal></Edge>
	<Edge>
	<Start>130</Start>
	<End>131</End>
	<Normal>
	<Nx>0</Nx>
	<Ny>0</Ny>
	<Nz>0</Nz></Normal></Edge>
	<Edge>
	<Start>131</Start>
	<End>132</End>
	<Normal>
	<Nx>0</Nx>
	<Ny>0</Ny>
	<Nz>0</Nz></Normal></Edge>
	<Edge>
	<Start>132</Start>
	<End>133</End>
	<Normal>
	<Nx>0</Nx>
	<Ny>0</Ny>
	<Nz>0</Nz></Normal></Edge>
	<Edge>
	<Start>133</Start>
	<End>134</End>
	<Normal>
	<Nx>0</Nx>
	<Ny>0</Ny>
	<Nz>0</Nz></Normal></Edge>
	<Edge>
	<Start>134</Start>
	<End>135</End>
	<Normal>
	<Nx>0</Nx>
	<Ny>0</Ny>
	<Nz>0</Nz></Normal></Edge>
	<Edge>
	<Start>135</Start>
	<End>136</End>
	<Normal>
	<Nx>0</Nx>
	<Ny>0</Ny>
	<Nz>0</Nz></Normal></Edge>
	<Edge>
	<Start>136</Start>
	<End>137</End>
	<Normal>
	<Nx>0</Nx>
	<Ny>0</Ny>
	<Nz>0</Nz></Normal></Edge>
	<Edge>
	<Start>137</Start>
	<End>138</End>
	<Normal>
	<Nx>0</Nx>
	<Ny>0</Ny>
	<Nz>0</Nz></Normal></Edge>
	<Edge>
	<Start>138</Start>
	<End>139</End>
	<Normal>
	<Nx>0</Nx>
	<Ny>0</Ny>
	<Nz>0</Nz></Normal></Edge>
	<Edge>
	<Start>139</Start>
	<End>140</End>
	<Normal>
	<Nx>0</Nx>
	<Ny>0</Ny>
	<Nz>0</Nz></Normal></Edge>
	<Edge>
	<Start>140</Start>
	<End>141</End>
	<Normal>
	<Nx>0</Nx>
	<Ny>0</Ny>
	<Nz>0</Nz></Normal></Edge>
	<Edge>
	<Start>141</Start>
	<End>142</End>
	<Normal>
	<Nx>0</Nx>
	<Ny>0</Ny>
	<Nz>0</Nz></Normal></Edge>
	<Edge>
	<Start>142</Start>
	<End>143</End>
	<Normal>
	<Nx>0</Nx>
	<Ny>0</Ny>
	<Nz>0</Nz></Normal></Edge>
	<Edge>
	<Start>143</Start>
	<End>144</End>
	<Normal>
	<Nx>0</Nx>
	<Ny>0</Ny>
	<Nz>0</Nz></Normal></Edge>
	<Edge>
	<Start>144</Start>
	<End>145</End>
	<Normal>
	<Nx>0</Nx>
	<Ny>0</Ny>
	<Nz>0</Nz></Normal></Edge>
	<Edge>
	<Start>145</Start>
	<End>146</End>
	<Normal>
	<Nx>0</Nx>
	<Ny>0</Ny>
	<Nz>0</Nz></Normal></Edge>
	<Edge>
	<Start>146</Start>
	<End>147</End>
	<Normal>
	<Nx>0</Nx>
	<Ny>0</Ny>
	<Nz>0</Nz></Normal></Edge>
	<Edge>
	<Start>147</Start>
	<End>148</End>
	<Normal>
	<Nx>0</Nx>
	<Ny>0</Ny>
	<Nz>0</Nz></Normal></Edge>
	<Edge>
	<Start>148</Start>
	<End>149</End>
	<Normal>
	<Nx>0</Nx>
	<Ny>0</Ny>
	<Nz>0</Nz></Normal></Edge>
	<Edge>
	<Start>149</Start>
	<End>150</End>
	<Normal>
	<Nx>0</Nx>
	<Ny>0</Ny>
	<Nz>0</Nz></Normal></Edge>
	<Edge>
	<Start>150</Start>
	<End>151</End>
	<Normal>
	<Nx>0</Nx>
	<Ny>0</Ny>
	<Nz>0</Nz></Normal></Edge>
	<Edge>
	<Start>151</Start>
	<End>152</End>
	<Normal>
	<Nx>0</Nx>
	<Ny>0</Ny>
	<Nz>0</Nz></Normal></Edge>
	<Edge>
	<Start>152</Start>
	<End>153</End>
	<Normal>
	<Nx>0</Nx>
	<Ny>0</Ny>
	<Nz>0</Nz></Normal></Edge>
	<Edge>
	<Start>153</Start>
	<End>154</End>
	<Normal>
	<Nx>0</Nx>
	<Ny>0</Ny>
	<Nz>0</Nz></Normal></Edge>
	<Edge>
	<Start>154</Start>
	<End>155</End>
	<Normal>
	<Nx>0</Nx>
	<Ny>0</Ny>
	<Nz>0</Nz></Normal></Edge>
	<Edge>
	<Start>155</Start>
	<End>156</End>
	<Normal>
	<Nx>0</Nx>
	<Ny>0</Ny>
	<Nz>0</Nz></Normal></Edge>
	<Edge>
	<Start>156</Start>
	<End>157</End>
	<Normal>
	<Nx>0</Nx>
	<Ny>0</Ny>
	<Nz>0</Nz></Normal></Edge>
	<Edge>
	<Start>157</Start>
	<End>158</End>
	<Normal>
	<Nx>0</Nx>
	<Ny>0</Ny>
	<Nz>0</Nz></Normal></Edge>
	<Edge>
	<Start>158</Start>
	<End>159</End>
	<Normal>
	<Nx>0</Nx>
	<Ny>0</Ny>
	<Nz>0</Nz></Normal></Edge>
	<Edge>
	<Start>159</Start>
	<End>160</End>
	<Normal>
	<Nx>0</Nx>
	<Ny>0</Ny>
	<Nz>0</Nz></Normal></Edge>
	<Edge>
	<Start>160</Start>
	<End>161</End>
	<Normal>
	<Nx>0</Nx>
	<Ny>0</Ny>
	<Nz>0</Nz></Normal></Edge>
	<Edge>
	<Start>161</Start>
	<End>162</End>
	<Normal>
	<Nx>0</Nx>
	<Ny>0</Ny>
	<Nz>0</Nz></Normal></Edge>
	<Edge>
	<Start>162</Start>
	<End>163</End>
	<Normal>
	<Nx>0</Nx>
	<Ny>0</Ny>
	<Nz>0</Nz></Normal></Edge>
	<Edge>
	<Start>163</Start>
	<End>164</End>
	<Normal>
	<Nx>0</Nx>
	<Ny>0</Ny>
	<Nz>0</Nz></Normal></Edge>
	<Edge>
	<Start>164</Start>
	<End>165</End>
	<Normal>
	<Nx>0</Nx>
	<Ny>0</Ny>
	<Nz>0</Nz></Normal></Edge>
	<Edge>
	<Start>165</Start>
	<End>166</End>
	<Normal>
	<Nx>0</Nx>
	<Ny>0</Ny>
	<Nz>0</Nz></Normal></Edge>
	<Edge>
	<Start>166</Start>
	<End>167</End>
	<Normal>
	<Nx>0</Nx>
	<Ny>0</Ny>
	<Nz>0</Nz></Normal></Edge>
	<Edge>
	<Start>167</Start>
	<End>168</End>
	<Normal>
	<Nx>0</Nx>
	<Ny>0</Ny>
	<Nz>0</Nz></Normal></Edge>
	<Edge>
	<Start>168</Start>
	<End>169</End>
	<Normal>
	<Nx>0</Nx>
	<Ny>0</Ny>
	<Nz>0</Nz></Normal></Edge>
	<Edge>
	<Start>169</Start>
	<End>170</End>
	<Normal>
	<Nx>0</Nx>
	<Ny>0</Ny>
	<Nz>0</Nz></Normal></Edge>
	<Edge>
	<Start>170</Start>
	<End>171</End>
	<Normal>
	<Nx>0</Nx>
	<Ny>0</Ny>
	<Nz>0</Nz></Normal></Edge>
	<Edge>
	<Start>171</Start>
	<End>172</End>
	<Normal>
	<Nx>0</Nx>
	<Ny>0</Ny>
	<Nz>0</Nz></Normal></Edge>
	<Edge>
	<Start>172</Start>
	<End>173</End>
	<Normal>
	<Nx>0</Nx>
	<Ny>0</Ny>
	<Nz>0</Nz></Normal></Edge>
	<Edge>
	<Start>173</Start>
	<End>174</End>
	<Normal>
	<Nx>0</Nx>
	<Ny>0</Ny>
	<Nz>0</Nz></Normal></Edge>
	<Edge>
	<Start>174</Start>
	<End>175</End>
	<Normal>
	<Nx>0</Nx>
	<Ny>0</Ny>
	<Nz>0</Nz></Normal></Edge>
	<Edge>
	<Start>175</Start>
	<End>176</End>
	<Normal>
	<Nx>0</Nx>
	<Ny>0</Ny>
	<Nz>0</Nz></Normal></Edge>
	<Edge>
	<Start>176</Start>
	<End>177</End>
	<Normal>
	<Nx>0</Nx>
	<Ny>0</Ny>
	<Nz>0</Nz></Normal></Edge>
	<Edge>
	<Start>177</Start>
	<End>178</End>
	<Normal>
	<Nx>0</Nx>
	<Ny>0</Ny>
	<Nz>0</Nz></Normal></Edge>
	<Edge>
	<Start>178</Start>
	<End>179</End>
	<Normal>
	<Nx>0</Nx>
	<Ny>0</Ny>
	<Nz>0</Nz></Normal></Edge>
	<Edge>
	<Start>179</Start>
	<End>180</End>
	<Normal>
	<Nx>0</Nx>
	<Ny>0</Ny>
	<Nz>0</Nz></Normal></Edge>
	<Edge>
	<Start>180</Start>
	<End>181</End>
	<Normal>
	<Nx>0</Nx>
	<Ny>0</Ny>
	<Nz>0</Nz></Normal></Edge>
	<Edge>
	<Start>181</Start>
	<End>182</End>
	<Normal>
	<Nx>0</Nx>
	<Ny>0</Ny>
	<Nz>0</Nz></Normal></Edge>
	<Edge>
	<Start>182</Start>
	<End>183</End>
	<Normal>
	<Nx>0</Nx>
	<Ny>0</Ny>
	<Nz>0</Nz></Normal></Edge>
	<Edge>
	<Start>183</Start>
	<End>184</End>
	<Normal>
	<Nx>0</Nx>
	<Ny>0</Ny>
	<Nz>0</Nz></Normal></Edge>
	<Edge>
	<Start>184</Start>
	<End>185</End>
	<Normal>
	<Nx>0</Nx>
	<Ny>0</Ny>
	<Nz>0</Nz></Normal></Edge>
	<Edge>
	<Start>185</Start>
	<End>186</End>
	<Normal>
	<Nx>0</Nx>
	<Ny>0</Ny>
	<Nz>0</Nz></Normal></Edge>
	<Edge>
	<Start>186</Start>
	<End>187</End>
	<Normal>
	<Nx>0</Nx>
	<Ny>0</Ny>
	<Nz>0</Nz></Normal></Edge>
	<Edge>
	<Start>187</Start>
	<End>188</End>
	<Normal>
	<Nx>0</Nx>
	<Ny>0</Ny>
	<Nz>0</Nz></Normal></Edge>
	<Edge>
	<Start>188</Start>
	<End>189</End>
	<Normal>
	<Nx>0</Nx>
	<Ny>0</Ny>
	<Nz>0</Nz></Normal></Edge>
	<Edge>
	<Start>189</Start>
	<End>190</End>
	<Normal>
	<Nx>0</Nx>
	<Ny>0</Ny>
	<Nz>0</Nz></Normal></Edge>
	<Edge>
	<Start>190</Start>
	<End>191</End>
	<Normal>
	<Nx>0</Nx>
	<Ny>0</Ny>
	<Nz>0</Nz></Normal></Edge>
	<Edge>
	<Start>191</Start>
	<End>192</End>
	<Normal>
	<Nx>0</Nx>
	<Ny>0</Ny>
	<Nz>0</Nz></Normal></Edge>
	<Edge>
	<Start>192</Start>
	<End>193</End>
	<Normal>
	<Nx>0</Nx>
	<Ny>0</Ny>
	<Nz>0</Nz></Normal></Edge>
	<Edge>
	<Start>193</Start>
	<End>194</End>
	<Normal>
	<Nx>0</Nx>
	<Ny>0</Ny>
	<Nz>0</Nz></Normal></Edge>
	<Edge>
	<Start>194</Start>
	<End>195</End>
	<Normal>
	<Nx>0</Nx>
	<Ny>0</Ny>
	<Nz>0</Nz></Normal></Edge>
	<Edge>
	<Start>195</Start>
	<End>196</End>
	<Normal>
	<Nx>0</Nx>
	<Ny>0</Ny>
	<Nz>0</Nz></Normal></Edge>
	<Edge>
	<Start>196</Start>
	<End>197</End>
	<Normal>
	<Nx>0</Nx>
	<Ny>0</Ny>
	<Nz>0</Nz></Normal></Edge>
	<Edge>
	<Start>197</Start>
	<End>198</End>
	<Normal>
	<Nx>0</Nx>
	<Ny>0</Ny>
	<Nz>0</Nz></Normal></Edge>
	<Edge>
	<Start>198</Start>
	<End>199</End>
	<Normal>
	<Nx>0</Nx>
	<Ny>0</Ny>
	<Nz>0</Nz></Normal></Edge>
	<Edge>
	<Start>199</Start>
	<End>200</End>
	<Normal>
	<Nx>0</Nx>
	<Ny>0</Ny>
	<Nz>0</Nz></Normal></Edge>
	<Edge>
	<Start>200</Start>
	<End>201</End>
	<Normal>
	<Nx>0</Nx>
	<Ny>0</Ny>
	<Nz>0</Nz></Normal></Edge>
	<Edge>
	<Start>201</Start>
	<End>202</End>
	<Normal>
	<Nx>0</Nx>
	<Ny>0</Ny>
	<Nz>0</Nz></Normal></Edge>
	<Edge>
	<Start>202</Start>
	<End>203</End>
	<Normal>
	<Nx>0</Nx>
	<Ny>0</Ny>
	<Nz>0</Nz></Normal></Edge>
	<Edge>
	<Start>203</Start>
	<End>204</End>
	<Normal>
	<Nx>0</Nx>
	<Ny>0</Ny>
	<Nz>0</Nz></Normal></Edge>
	<Edge>
	<Start>204</Start>
	<End>205</End>
	<Normal>
	<Nx>0</Nx>
	<Ny>0</Ny>
	<Nz>0</Nz></Normal></Edge>
	<Edge>
	<Start>205</Start>
	<End>206</End>
	<Normal>
	<Nx>0</Nx>
	<Ny>0</Ny>
	<Nz>0</Nz></Normal></Edge>
	<Edge>
	<Start>206</Start>
	<End>207</End>
	<Normal>
	<Nx>0</Nx>
	<Ny>0</Ny>
	<Nz>0</Nz></Normal></Edge>
	<Edge>
	<Start>207</Start>
	<End>208</End>
	<Normal>
	<Nx>0</Nx>
	<Ny>0</Ny>
	<Nz>0</Nz></Normal></Edge>
	<Edge>
	<Start>208</Start>
	<End>209</End>
	<Normal>
	<Nx>0</Nx>
	<Ny>0</Ny>
	<Nz>0</Nz></Normal></Edge>
	<Edge>
	<Start>209</Start>
	<End>210</End>
	<Normal>
	<Nx>0</Nx>
	<Ny>0</Ny>
	<Nz>0</Nz></Normal></Edge>
	<Edge>
	<Start>210</Start>
	<End>211</End>
	<Normal>
	<Nx>0</Nx>
	<Ny>0</Ny>
	<Nz>0</Nz></Normal></Edge>
	<Edge>
	<Start>211</Start>
	<End>212</End>
	<Normal>
	<Nx>0</Nx>
	<Ny>0</Ny>
	<Nz>0</Nz></Normal></Edge>
	<Edge>
	<Start>212</Start>
	<End>213</End>
	<Normal>
	<Nx>0</Nx>
	<Ny>0</Ny>
	<Nz>0</Nz></Normal></Edge>
	<Edge>
	<Start>213</Start>
	<End>214</End>
	<Normal>
	<Nx>0</Nx>
	<Ny>0</Ny>
	<Nz>0</Nz></Normal></Edge>
	<Edge>
	<Start>214</Start>
	<End>215</End>
	<Normal>
	<Nx>0</Nx>
	<Ny>0</Ny>
	<Nz>0</Nz></Normal></Edge>
	<Edge>
	<Start>215</Start>
	<End>216</End>
	<Normal>
	<Nx>0</Nx>
	<Ny>0</Ny>
	<Nz>0</Nz></Normal></Edge>
	<Edge>
	<Start>216</Start>
	<End>217</End>
	<Normal>
	<Nx>0</Nx>
	<Ny>0</Ny>
	<Nz>0</Nz></Normal></Edge>
	<Edge>
	<Start>217</Start>
	<End>218</End>
	<Normal>
	<Nx>0</Nx>
	<Ny>0</Ny>
	<Nz>0</Nz></Normal></Edge>
	<Edge>
	<Start>218</Start>
	<End>219</End>
	<Normal>
	<Nx>0</Nx>
	<Ny>0</Ny>
	<Nz>0</Nz></Normal></Edge>
	<Edge>
	<Start>219</Start>
	<End>220</End>
	<Normal>
	<Nx>0</Nx>
	<Ny>0</Ny>
	<Nz>0</Nz></Normal></Edge>
	<Edge>
	<Start>220</Start>
	<End>221</End>
	<Normal>
	<Nx>0</Nx>
	<Ny>0</Ny>
	<Nz>0</Nz></Normal></Edge>
	<Edge>
	<Start>221</Start>
	<End>222</End>
	<Normal>
	<Nx>0</Nx>
	<Ny>0</Ny>
	<Nz>0</Nz></Normal></Edge>
	<Edge>
	<Start>222</Start>
	<End>223</End>
	<Normal>
	<Nx>0</Nx>
	<Ny>0</Ny>
	<Nz>0</Nz></Normal></Edge>
	<Edge>
	<Start>223</Start>
	<End>224</End>
	<Normal>
	<Nx>0</Nx>
	<Ny>0</Ny>
	<Nz>0</Nz></Normal></Edge>
	<Edge>
	<Start>224</Start>
	<End>225</End>
	<Normal>
	<Nx>0</Nx>
	<Ny>0</Ny>
	<Nz>0</Nz></Normal></Edge>
	<Edge>
	<Start>225</Start>
	<End>226</End>
	<Normal>
	<Nx>0</Nx>
	<Ny>0</Ny>
	<Nz>0</Nz></Normal></Edge>
	<Edge>
	<Start>226</Start>
	<End>227</End>
	<Normal>
	<Nx>0</Nx>
	<Ny>0</Ny>
	<Nz>0</Nz></Normal></Edge>
	<Edge>
	<Start>227</Start>
	<End>228</End>
	<Normal>
	<Nx>0</Nx>
	<Ny>0</Ny>
	<Nz>0</Nz></Normal></Edge>
	<Edge>
	<Start>228</Start>
	<End>229</End>
	<Normal>
	<Nx>0</Nx>
	<Ny>0</Ny>
	<Nz>0</Nz></Normal></Edge>
	<Edge>
	<Start>229</Start>
	<End>230</End>
	<Normal>
	<Nx>0</Nx>
	<Ny>0</Ny>
	<Nz>0</Nz></Normal></Edge>
	<Edge>
	<Start>230</Start>
	<End>231</End>
	<Normal>
	<Nx>0</Nx>
	<Ny>0</Ny>
	<Nz>0</Nz></Normal></Edge>
	<Edge>
	<Start>231</Start>
	<End>232</End>
	<Normal>
	<Nx>0</Nx>
	<Ny>0</Ny>
	<Nz>0</Nz></Normal></Edge>
	<Edge>
	<Start>232</Start>
	<End>233</End>
	<Normal>
	<Nx>0</Nx>
	<Ny>0</Ny>
	<Nz>0</Nz></Normal></Edge>
	<Edge>
	<Start>233</Start>
	<End>234</End>
	<Normal>
	<Nx>0</Nx>
	<Ny>0</Ny>
	<Nz>0</Nz></Normal></Edge>
	<Edge>
	<Start>234</Start>
	<End>235</End>
	<Normal>
	<Nx>0</Nx>
	<Ny>0</Ny>
	<Nz>0</Nz></Normal></Edge>
	<Edge>
	<Start>235</Start>
	<End>236</End>
	<Normal>
	<Nx>0</Nx>
	<Ny>0</Ny>
	<Nz>0</Nz></Normal></Edge>
	<Edge>
	<Start>236</Start>
	<End>237</End>
	<Normal>
	<Nx>0</Nx>
	<Ny>0</Ny>
	<Nz>0</Nz></Normal></Edge>
	<Edge>
	<Start>237</Start>
	<End>238</End>
	<Normal>
	<Nx>0</Nx>
	<Ny>0</Ny>
	<Nz>0</Nz></Normal></Edge>
	<Edge>
	<Start>238</Start>
	<End>239</End>
	<Normal>
	<Nx>0</Nx>
	<Ny>0</Ny>
	<Nz>0</Nz></Normal></Edge>
	<Edge>
	<Start>239</Start>
	<End>240</End>
	<Normal>
	<Nx>0</Nx>
	<Ny>0</Ny>
	<Nz>0</Nz></Normal></Edge>
	<Edge>
	<Start>240</Start>
	<End>241</End>
	<Normal>
	<Nx>0</Nx>
	<Ny>0</Ny>
	<Nz>0</Nz></Normal></Edge>
	<Edge>
	<Start>241</Start>
	<End>242</End>
	<Normal>
	<Nx>0</Nx>
	<Ny>0</Ny>
	<Nz>0</Nz></Normal></Edge>
	<Edge>
	<Start>242</Start>
	<End>243</End>
	<Normal>
	<Nx>0</Nx>
	<Ny>0</Ny>
	<Nz>0</Nz></Normal></Edge>
	<Edge>
	<Start>243</Start>
	<End>244</End>
	<Normal>
	<Nx>0</Nx>
	<Ny>0</Ny>
	<Nz>0</Nz></Normal></Edge>
	<Edge>
	<Start>244</Start>
	<End>245</End>
	<Normal>
	<Nx>0</Nx>
	<Ny>0</Ny>
	<Nz>0</Nz></Normal></Edge>
	<Edge>
	<Start>245</Start>
	<End>246</End>
	<Normal>
	<Nx>0</Nx>
	<Ny>0</Ny>
	<Nz>0</Nz></Normal></Edge>
	<Edge>
	<Start>246</Start>
	<End>247</End>
	<Normal>
	<Nx>0</Nx>
	<Ny>0</Ny>
	<Nz>0</Nz></Normal></Edge>
	<Edge>
	<Start>247</Start>
	<End>248</End>
	<Normal>
	<Nx>0</Nx>
	<Ny>0</Ny>
	<Nz>0</Nz></Normal></Edge>
	<Edge>
	<Start>248</Start>
	<End>249</End>
	<Normal>
	<Nx>0</Nx>
	<Ny>0</Ny>
	<Nz>0</Nz></Normal></Edge>
	<Edge>
	<Start>249</Start>
	<End>250</End>
	<Normal>
	<Nx>0</Nx>
	<Ny>0</Ny>
	<Nz>0</Nz></Normal></Edge>
	<Edge>
	<Start>250</Start>
	<End>251</End>
	<Normal>
	<Nx>0</Nx>
	<Ny>0</Ny>
	<Nz>0</Nz></Normal></Edge>
	<Edge>
	<Start>251</Start>
	<End>252</End>
	<Normal>
	<Nx>0</Nx>
	<Ny>0</Ny>
	<Nz>0</Nz></Normal></Edge>
	<Edge>
	<Start>252</Start>
	<End>253</End>
	<Normal>
	<Nx>0</Nx>
	<Ny>0</Ny>
	<Nz>0</Nz></Normal></Edge>
	<Edge>
	<Start>253</Start>
	<End>254</End>
	<Normal>
	<Nx>0</Nx>
	<Ny>0</Ny>
	<Nz>0</Nz></Normal></Edge>
	<Edge>
	<Start>254</Start>
	<End>255</End>
	<Normal>
	<Nx>0</Nx>
	<Ny>0</Ny>
	<Nz>0</Nz></Normal></Edge>
	<Edge>
	<Start>255</Start>
	<End>256</End>
	<Normal>
	<Nx>0</Nx>
	<Ny>0</Ny>
	<Nz>0</Nz></Normal></Edge>
	<Edge>
	<Start>256</Start>
	<End>257</End>
	<Normal>
	<Nx>0</Nx>
	<Ny>0</Ny>
	<Nz>0</Nz></Normal></Edge>
	<Edge>
	<Start>257</Start>
	<End>258</End>
	<Normal>
	<Nx>0</Nx>
	<Ny>0</Ny>
	<Nz>0</Nz></Normal></Edge>
	<Edge>
	<Start>258</Start>
	<End>259</End>
	<Normal>
	<Nx>0</Nx>
	<Ny>0</Ny>
	<Nz>0</Nz></Normal></Edge>
	<Edge>
	<Start>259</Start>
	<End>260</End>
	<Normal>
	<Nx>0</Nx>
	<Ny>0</Ny>
	<Nz>0</Nz></Normal></Edge>
	<Edge>
	<Start>260</Start>
	<End>261</End>
	<Normal>
	<Nx>0</Nx>
	<Ny>0</Ny>
	<Nz>0</Nz></Normal></Edge>
	<Edge>
	<Start>261</Start>
	<End>262</End>
	<Normal>
	<Nx>0</Nx>
	<Ny>0</Ny>
	<Nz>0</Nz></Normal></Edge>
	<Edge>
	<Start>262</Start>
	<End>263</End>
	<Normal>
	<Nx>0</Nx>
	<Ny>0</Ny>
	<Nz>0</Nz></Normal></Edge>
	<Edge>
	<Start>263</Start>
	<End>264</End>
	<Normal>
	<Nx>0</Nx>
	<Ny>0</Ny>
	<Nz>0</Nz></Normal></Edge>
	<Edge>
	<Start>264</Start>
	<End>265</End>
	<Normal>
	<Nx>0</Nx>
	<Ny>0</Ny>
	<Nz>0</Nz></Normal></Edge>
	<Edge>
	<Start>265</Start>
	<End>266</End>
	<Normal>
	<Nx>0</Nx>
	<Ny>0</Ny>
	<Nz>0</Nz></Normal></Edge>
	<Edge>
	<Start>266</Start>
	<End>267</End>
	<Normal>
	<Nx>0</Nx>
	<Ny>0</Ny>
	<Nz>0</Nz></Normal></Edge>
	<Edge>
	<Start>267</Start>
	<End>268</End>
	<Normal>
	<Nx>0</Nx>
	<Ny>0</Ny>
	<Nz>0</Nz></Normal></Edge>
	<Edge>
	<Start>268</Start>
	<End>269</End>
	<Normal>
	<Nx>0</Nx>
	<Ny>0</Ny>
	<Nz>0</Nz></Normal></Edge>
	<Edge>
	<Start>269</Start>
	<End>270</End>
	<Normal>
	<Nx>0</Nx>
	<Ny>0</Ny>
	<Nz>0</Nz></Normal></Edge>
	<Edge>
	<Start>270</Start>
	<End>271</End>
	<Normal>
	<Nx>0</Nx>
	<Ny>0</Ny>
	<Nz>0</Nz></Normal></Edge>
	<Edge>
	<Start>271</Start>
	<End>272</End>
	<Normal>
	<Nx>0</Nx>
	<Ny>0</Ny>
	<Nz>0</Nz></Normal></Edge>
	<Edge>
	<Start>272</Start>
	<End>273</End>
	<Normal>
	<Nx>0</Nx>
	<Ny>0</Ny>
	<Nz>0</Nz></Normal></Edge>
	<Edge>
	<Start>273</Start>
	<End>274</End>
	<Normal>
	<Nx>0</Nx>
	<Ny>0</Ny>
	<Nz>0</Nz></Normal></Edge>
	<Edge>
	<Start>274</Start>
	<End>275</End>
	<Normal>
	<Nx>0</Nx>
	<Ny>0</Ny>
	<Nz>0</Nz></Normal></Edge>
	<Edge>
	<Start>275</Start>
	<End>276</End>
	<Normal>
	<Nx>0</Nx>
	<Ny>0</Ny>
	<Nz>0</Nz></Normal></Edge>
	<Edge>
	<Start>276</Start>
	<End>277</End>
	<Normal>
	<Nx>0</Nx>
	<Ny>0</Ny>
	<Nz>0</Nz></Normal></Edge>
	<Edge>
	<Start>277</Start>
	<End>278</End>
	<Normal>
	<Nx>0</Nx>
	<Ny>0</Ny>
	<Nz>0</Nz></Normal></Edge>
	<Edge>
	<Start>278</Start>
	<End>279</End>
	<Normal>
	<Nx>0</Nx>
	<Ny>0</Ny>
	<Nz>0</Nz></Normal></Edge>
	<Edge>
	<Start>279</Start>
	<End>280</End>
	<Normal>
	<Nx>0</Nx>
	<Ny>0</Ny>
	<Nz>0</Nz></Normal></Edge>
	<Edge>
	<Start>280</Start>
	<End>281</End>
	<Normal>
	<Nx>0</Nx>
	<Ny>0</Ny>
	<Nz>0</Nz></Normal></Edge>
	<Edge>
	<Start>281</Start>
	<End>282</End>
	<Normal>
	<Nx>0</Nx>
	<Ny>0</Ny>
	<Nz>0</Nz></Normal></Edge>
	<Edge>
	<Start>282</Start>
	<End>283</End>
	<Normal>
	<Nx>0</Nx>
	<Ny>0</Ny>
	<Nz>0</Nz></Normal></Edge>
	<Edge>
	<Start>283</Start>
	<End>284</End>
	<Normal>
	<Nx>0</Nx>
	<Ny>0</Ny>
	<Nz>0</Nz></Normal></Edge>
	<Edge>
	<Start>284</Start>
	<End>285</End>
	<Normal>
	<Nx>0</Nx>
	<Ny>0</Ny>
	<Nz>0</Nz></Normal></Edge>
	<Edge>
	<Start>285</Start>
	<End>286</End>
	<Normal>
	<Nx>0</Nx>
	<Ny>0</Ny>
	<Nz>0</Nz></Normal></Edge>
	<Edge>
	<Start>286</Start>
	<End>287</End>
	<Normal>
	<Nx>0</Nx>
	<Ny>0</Ny>
	<Nz>0</Nz></Normal></Edge>
	<Edge>
	<Start>287</Start>
	<End>288</End>
	<Normal>
	<Nx>0</Nx>
	<Ny>0</Ny>
	<Nz>0</Nz></Normal></Edge>
	<Edge>
	<Start>288</Start>
	<End>289</End>
	<Normal>
	<Nx>0</Nx>
	<Ny>0</Ny>
	<Nz>0</Nz></Normal></Edge>
	<Edge>
	<Start>289</Start>
	<End>290</End>
	<Normal>
	<Nx>0</Nx>
	<Ny>0</Ny>
	<Nz>0</Nz></Normal></Edge>
	<Edge>
	<Start>290</Start>
	<End>291</End>
	<Normal>
	<Nx>0</Nx>
	<Ny>0</Ny>
	<Nz>0</Nz></Normal></Edge>
	<Edge>
	<Start>291</Start>
	<End>292</End>
	<Normal>
	<Nx>0</Nx>
	<Ny>0</Ny>
	<Nz>0</Nz></Normal></Edge>
	<Edge>
	<Start>292</Start>
	<End>293</End>
	<Normal>
	<Nx>0</Nx>
	<Ny>0</Ny>
	<Nz>0</Nz></Normal></Edge>
	<Edge>
	<Start>293</Start>
	<End>294</End>
	<Normal>
	<Nx>0</Nx>
	<Ny>0</Ny>
	<Nz>0</Nz></Normal></Edge>
	<Edge>
	<Start>294</Start>
	<End>295</End>
	<Normal>
	<Nx>0</Nx>
	<Ny>0</Ny>
	<Nz>0</Nz></Normal></Edge>
	<Edge>
	<Start>295</Start>
	<End>296</End>
	<Normal>
	<Nx>0</Nx>
	<Ny>0</Ny>
	<Nz>0</Nz></Normal></Edge>
	<Edge>
	<Start>296</Start>
	<End>297</End>
	<Normal>
	<Nx>0</Nx>
	<Ny>0</Ny>
	<Nz>0</Nz></Normal></Edge>
	<Edge>
	<Start>297</Start>
	<End>298</End>
	<Normal>
	<Nx>0</Nx>
	<Ny>0</Ny>
	<Nz>0</Nz></Normal></Edge>
	<Edge>
	<Start>298</Start>
	<End>299</End>
	<Normal>
	<Nx>0</Nx>
	<Ny>0</Ny>
	<Nz>0</Nz></Normal></Edge>
	<Edge>
	<Start>299</Start>
	<End>300</End>
	<Normal>
	<Nx>0</Nx>
	<Ny>0</Ny>
	<Nz>0</Nz></Normal></Edge>
	<Edge>
	<Start>300</Start>
	<End>301</End>
	<Normal>
	<Nx>0</Nx>
	<Ny>0</Ny>
	<Nz>0</Nz></Normal></Edge>
	<Edge>
	<Start>301</Start>
	<End>302</End>
	<Normal>
	<Nx>0</Nx>
	<Ny>0</Ny>
	<Nz>0</Nz></Normal></Edge>
	<Edge>
	<Start>302</Start>
	<End>303</End>
	<Normal>
	<Nx>0</Nx>
	<Ny>0</Ny>
	<Nz>0</Nz></Normal></Edge>
	<Edge>
	<Start>303</Start>
	<End>304</End>
	<Normal>
	<Nx>0</Nx>
	<Ny>0</Ny>
	<Nz>0</Nz></Normal></Edge>
	<Edge>
	<Start>304</Start>
	<End>305</End>
	<Normal>
	<Nx>0</Nx>
	<Ny>0</Ny>
	<Nz>0</Nz></Normal></Edge>
	<Edge>
	<Start>305</Start>
	<End>306</End>
	<Normal>
	<Nx>0</Nx>
	<Ny>0</Ny>
	<Nz>0</Nz></Normal></Edge>
	<Edge>
	<Start>306</Start>
	<End>307</End>
	<Normal>
	<Nx>0</Nx>
	<Ny>0</Ny>
	<Nz>0</Nz></Normal></Edge>
	<Edge>
	<Start>307</Start>
	<End>308</End>
	<Normal>
	<Nx>0</Nx>
	<Ny>0</Ny>
	<Nz>0</Nz></Normal></Edge>
	<Edge>
	<Start>308</Start>
	<End>309</End>
	<Normal>
	<Nx>0</Nx>
	<Ny>0</Ny>
	<Nz>0</Nz></Normal></Edge>
	<Edge>
	<Start>309</Start>
	<End>310</End>
	<Normal>
	<Nx>0</Nx>
	<Ny>0</Ny>
	<Nz>0</Nz></Normal></Edge>
	<Edge>
	<Start>310</Start>
	<End>311</End>
	<Normal>
	<Nx>0</Nx>
	<Ny>0</Ny>
	<Nz>0</Nz></Normal></Edge>
	<Edge>
	<Start>311</Start>
	<End>312</End>
	<Normal>
	<Nx>0</Nx>
	<Ny>0</Ny>
	<Nz>0</Nz></Normal></Edge>
	<Edge>
	<Start>312</Start>
	<End>313</End>
	<Normal>
	<Nx>0</Nx>
	<Ny>0</Ny>
	<Nz>0</Nz></Normal></Edge>
	<Edge>
	<Start>313</Start>
	<End>314</End>
	<Normal>
	<Nx>0</Nx>
	<Ny>0</Ny>
	<Nz>0</Nz></Normal></Edge>
	<Edge>
	<Start>314</Start>
	<End>315</End>
	<Normal>
	<Nx>0</Nx>
	<Ny>0</Ny>
	<Nz>0</Nz></Normal></Edge>
	<Edge>
	<Start>315</Start>
	<End>316</End>
	<Normal>
	<Nx>0</Nx>
	<Ny>0</Ny>
	<Nz>0</Nz></Normal></Edge>
	<Edge>
	<Start>316</Start>
	<End>317</End>
	<Normal>
	<Nx>0</Nx>
	<Ny>0</Ny>
	<Nz>0</Nz></Normal></Edge>
	<Edge>
	<Start>317</Start>
	<End>318</End>
	<Normal>
	<Nx>0</Nx>
	<Ny>0</Ny>
	<Nz>0</Nz></Normal></Edge>
	<Edge>
	<Start>318</Start>
	<End>319</End>
	<Normal>
	<Nx>0</Nx>
	<Ny>0</Ny>
	<Nz>0</Nz></Normal></Edge>
	<Edge>
	<Start>319</Start>
	<End>320</End>
	<Normal>
	<Nx>0</Nx>
	<Ny>0</Ny>
	<Nz>0</Nz></Normal></Edge>
	<Edge>
	<Start>320</Start>
	<End>321</End>
	<Normal>
	<Nx>0</Nx>
	<Ny>0</Ny>
	<Nz>0</Nz></Normal></Edge>
	<Edge>
	<Start>321</Start>
	<End>322</End>
	<Normal>
	<Nx>0</Nx>
	<Ny>0</Ny>
	<Nz>0</Nz></Normal></Edge>
	<Edge>
	<Start>322</Start>
	<End>323</End>
	<Normal>
	<Nx>0</Nx>
	<Ny>0</Ny>
	<Nz>0</Nz></Normal></Edge>
	<Edge>
	<Start>323</Start>
	<End>324</End>
	<Normal>
	<Nx>0</Nx>
	<Ny>0</Ny>
	<Nz>0</Nz></Normal></Edge>
	<Edge>
	<Start>324</Start>
	<End>325</End>
	<Normal>
	<Nx>0</Nx>
	<Ny>0</Ny>
	<Nz>0</Nz></Normal></Edge>
	<Edge>
	<Start>325</Start>
	<End>326</End>
	<Normal>
	<Nx>0</Nx>
	<Ny>0</Ny>
	<Nz>0</Nz></Normal></Edge>
	<Edge>
	<Start>326</Start>
	<End>1</End>
	<Normal>
	<Nx>0</Nx>
	<Ny>0</Ny>
	<Nz>0</Nz></Normal></Edge></Region></Slice>
</Layer>