<?xml version="1.0"?><!--America Makes layer file created using MSXML 6.0--><Layer>
	<Thickness>0.05</Thickness>
	<VertexList>
	<Vertex>
	<X>1.367347</X>
	<Y>-20.041998</Y>
	<Co-ordinate_system>Cartesian</Co-ordinate_system></Vertex>
	<Vertex>
	<X>2.832256</X>
	<Y>-19.928605</Y></Vertex>
	<Vertex>
	<X>3.872840</X>
	<Y>-19.753266</Y></Vertex>
	<Vertex>
	<X>4.530887</X>
	<Y>-19.633347</Y></Vertex>
	<Vertex>
	<X>4.697793</X>
	<Y>-19.596317</Y></Vertex>
	<Vertex>
	<X>4.625793</X>
	<Y>-19.277221</Y></Vertex>
	<Vertex>
	<X>4.990954</X>
	<Y>-19.191937</Y></Vertex>
	<Vertex>
	<X>5.066110</X>
	<Y>-19.507412</Y></Vertex>
	<Vertex>
	<X>5.377800</X>
	<Y>-19.429322</Y></Vertex>
	<Vertex>
	<X>5.294443</X>
	<Y>-19.111622</Y></Vertex>
	<Vertex>
	<X>6.405167</X>
	<Y>-18.786056</Y></Vertex>
	<Vertex>
	<X>6.784467</X>
	<Y>-18.664496</Y></Vertex>
	<Vertex>
	<X>7.454627</X>
	<Y>-18.415406</Y></Vertex>
	<Vertex>
	<X>7.570948</X>
	<Y>-18.715282</Y></Vertex>
	<Vertex>
	<X>7.981744</X>
	<Y>-18.556983</Y></Vertex>
	<Vertex>
	<X>7.858259</X>
	<Y>-18.256221</Y></Vertex>
	<Vertex>
	<X>8.336834</X>
	<Y>-18.046332</Y></Vertex>
	<Vertex>
	<X>8.468774</X>
	<Y>-18.343420</Y></Vertex>
	<Vertex>
	<X>8.725114</X>
	<Y>-18.229685</Y></Vertex>
	<Vertex>
	<X>8.587648</X>
	<Y>-17.931383</Y></Vertex>
	<Vertex>
	<X>9.585958</X>
	<Y>-17.438654</Y></Vertex>
	<Vertex>
	<X>9.911222</X>
	<Y>-17.267868</Y></Vertex>
	<Vertex>
	<X>10.464588</X>
	<Y>-16.946691</Y></Vertex>
	<Vertex>
	<X>10.629336</X>
	<Y>-17.222941</Y></Vertex>
	<Vertex>
	<X>11.061354</X>
	<Y>-16.964505</Y></Vertex>
	<Vertex>
	<X>10.888006</X>
	<Y>-16.689597</Y></Vertex>
	<Vertex>
	<X>11.263764</X>
	<Y>-16.443050</Y></Vertex>
	<Vertex>
	<X>11.442840</X>
	<Y>-16.713381</Y></Vertex>
	<Vertex>
	<X>11.687418</X>
	<Y>-16.550687</Y></Vertex>
	<Vertex>
	<X>11.502064</X>
	<Y>-16.279530</Y></Vertex>
	<Vertex>
	<X>12.441265</X>
	<Y>-15.597187</Y></Vertex>
	<Vertex>
	<X>12.759466</X>
	<Y>-15.353619</Y></Vertex>
	<Vertex>
	<X>13.311112</X>
	<Y>-14.889638</Y></Vertex>
	<Vertex>
	<X>13.521656</X>
	<Y>-15.132795</Y></Vertex>
	<Vertex>
	<X>14.025615</X>
	<Y>-14.688906</Y></Vertex>
	<Vertex>
	<X>15.486204</X>
	<Y>-13.191090</Y></Vertex>
	<Vertex>
	<X>15.683364</X>
	<Y>-12.956806</Y></Vertex>
	<Vertex>
	<X>16.611588</X>
	<Y>-11.789492</Y></Vertex>
	<Vertex>
	<X>16.784580</X>
	<Y>-11.550636</Y></Vertex>
	<Vertex>
	<X>16.874492</X>
	<Y>-11.422905</Y></Vertex>
	<Vertex>
	<X>17.633376</X>
	<Y>-10.244951</Y></Vertex>
	<Vertex>
	<X>17.862268</X>
	<Y>-9.864433</Y></Vertex>
	<Vertex>
	<X>17.942692</X>
	<Y>-9.722529</Y></Vertex>
	<Vertex>
	<X>18.323051</X>
	<Y>-8.961552</Y></Vertex>
	<Vertex>
	<X>18.563240</X>
	<Y>-8.509671</Y></Vertex>
	<Vertex>
	<X>18.842760</X>
	<Y>-7.914022</Y></Vertex>
	<Vertex>
	<X>19.033175</X>
	<Y>-7.451993</Y></Vertex>
	<Vertex>
	<X>19.491831</X>
	<Y>-6.223905</Y></Vertex>
	<Vertex>
	<X>19.600075</X>
	<Y>-5.895335</Y></Vertex>
	<Vertex>
	<X>19.742052</X>
	<Y>-5.420098</Y></Vertex>
	<Vertex>
	<X>19.932888</X>
	<Y>-4.705312</Y></Vertex>
	<Vertex>
	<X>20.075112</X>
	<Y>-4.110356</Y></Vertex>
	<Vertex>
	<X>20.180047</X>
	<Y>-3.588932</Y></Vertex>
	<Vertex>
	<X>20.392188</X>
	<Y>-2.230994</Y></Vertex>
	<Vertex>
	<X>20.435504</X>
	<Y>-1.866123</Y></Vertex>
	<Vertex>
	<X>20.494628</X>
	<Y>-1.134341</Y></Vertex>
	<Vertex>
	<X>20.531528</X>
	<Y>-0.395526</Y></Vertex>
	<Vertex>
	<X>20.543204</X>
	<Y>0.223198</Y></Vertex>
	<Vertex>
	<X>20.535199</X>
	<Y>0.735415</Y></Vertex>
	<Vertex>
	<X>20.500484</X>
	<Y>1.474328</Y></Vertex>
	<Vertex>
	<X>20.452463</X>
	<Y>2.134975</Y></Vertex>
	<Vertex>
	<X>20.423440</X>
	<Y>2.423858</Y></Vertex>
	<Vertex>
	<X>20.341231</X>
	<Y>3.054057</Y></Vertex>
	<Vertex>
	<X>20.223660</X>
	<Y>3.799254</Y></Vertex>
	<Vertex>
	<X>20.067996</X>
	<Y>4.588040</Y></Vertex>
	<Vertex>
	<X>19.954308</X>
	<Y>5.046454</Y></Vertex>
	<Vertex>
	<X>19.649815</X>
	<Y>6.178639</Y></Vertex>
	<Vertex>
	<X>19.446195</X>
	<Y>6.800687</Y></Vertex>
	<Vertex>
	<X>19.058491</X>
	<Y>7.831509</Y></Vertex>
	<Vertex>
	<X>18.842764</X>
	<Y>8.360422</Y></Vertex>
	<Vertex>
	<X>17.907400</X>
	<Y>10.231776</Y></Vertex>
	<Vertex>
	<X>16.784579</X>
	<Y>11.997041</Y></Vertex>
	<Vertex>
	<X>16.521432</X>
	<Y>12.344238</Y></Vertex>
	<Vertex>
	<X>16.011807</X>
	<Y>12.970273</Y></Vertex>
	<Vertex>
	<X>15.484724</X>
	<Y>13.636228</Y></Vertex>
	<Vertex>
	<X>15.150108</X>
	<Y>14.008073</Y></Vertex>
	<Vertex>
	<X>14.909764</X>
	<Y>13.786167</Y></Vertex>
	<Vertex>
	<X>14.653325</X>
	<Y>14.059769</Y></Vertex>
	<Vertex>
	<X>14.888960</X>
	<Y>14.282589</Y></Vertex>
	<Vertex>
	<X>14.665488</X>
	<Y>14.513473</Y></Vertex>
	<Vertex>
	<X>14.432027</X>
	<Y>14.282441</Y></Vertex>
	<Vertex>
	<X>13.594716</X>
	<Y>15.081568</Y></Vertex>
	<Vertex>
	<X>13.299791</X>
	<Y>15.349273</Y></Vertex>
	<Vertex>
	<X>12.748994</X>
	<Y>15.805109</Y></Vertex>
	<Vertex>
	<X>12.950536</X>
	<Y>16.055781</Y></Vertex>
	<Vertex>
	<X>12.608046</X>
	<Y>16.332385</Y></Vertex>
	<Vertex>
	<X>12.409890</X>
	<Y>16.074646</Y></Vertex>
	<Vertex>
	<X>11.988264</X>
	<Y>16.384580</Y></Vertex>
	<Vertex>
	<X>12.179582</X>
	<Y>16.647385</Y></Vertex>
	<Vertex>
	<X>11.952914</X>
	<Y>16.812517</Y></Vertex>
	<Vertex>
	<X>11.763308</X>
	<Y>16.544317</Y></Vertex>
	<Vertex>
	<X>10.837437</X>
	<Y>17.162517</Y></Vertex>
	<Vertex>
	<X>10.526899</X>
	<Y>17.358809</Y></Vertex>
	<Vertex>
	<X>9.972067</X>
	<Y>17.677449</Y></Vertex>
	<Vertex>
	<X>10.128934</X>
	<Y>17.958249</Y></Vertex>
	<Vertex>
	<X>9.689112</X>
	<Y>18.203173</Y></Vertex>
	<Vertex>
	<X>9.537708</X>
	<Y>17.915590</Y></Vertex>
	<Vertex>
	<X>9.136315</X>
	<Y>18.117733</Y></Vertex>
	<Vertex>
	<X>9.280888</X>
	<Y>18.407985</Y></Vertex>
	<Vertex>
	<X>9.143098</X>
	<Y>18.476672</Y></Vertex>
	<Vertex>
	<X>9.017706</X>
	<Y>18.538448</Y></Vertex>
	<Vertex>
	<X>8.875553</X>
	<Y>18.242353</Y></Vertex>
	<Vertex>
	<X>7.815025</X>
	<Y>18.714549</Y></Vertex>
	<Vertex>
	<X>7.444990</X>
	<Y>18.868332</Y></Vertex>
	<Vertex>
	<X>6.767346</X>
	<Y>19.114084</Y></Vertex>
	<Vertex>
	<X>6.872656</X>
	<Y>19.418001</Y></Vertex>
	<Vertex>
	<X>5.657671</X>
	<Y>19.789169</Y></Vertex>
	<Vertex>
	<X>4.890456</X>
	<Y>19.999932</Y></Vertex>
	<Vertex>
	<X>4.349601</X>
	<Y>20.105709</Y></Vertex>
	<Vertex>
	<X>3.781573</X>
	<Y>20.199613</Y></Vertex>
	<Vertex>
	<X>2.831944</X>
	<Y>20.372668</Y></Vertex>
	<Vertex>
	<X>2.554046</X>
	<Y>20.408660</Y></Vertex>
	<Vertex>
	<X>1.738855</X>
	<Y>20.481405</Y></Vertex>
	<Vertex>
	<X>0.746398</X>
	<Y>20.536461</Y></Vertex>
	<Vertex>
	<X>-0.129076</X>
	<Y>20.513913</Y></Vertex>
	<Vertex>
	<X>-0.613164</X>
	<Y>20.516813</Y></Vertex>
	<Vertex>
	<X>-1.165039</X>
	<Y>20.495200</Y></Vertex>
	<Vertex>
	<X>-1.909130</X>
	<Y>20.424853</Y></Vertex>
	<Vertex>
	<X>-2.952088</X>
	<Y>20.289601</Y></Vertex>
	<Vertex>
	<X>-3.316280</X>
	<Y>20.232333</Y></Vertex>
	<Vertex>
	<X>-3.721491</X>
	<Y>20.154928</Y></Vertex>
	<Vertex>
	<X>-4.523987</X>
	<Y>19.973673</Y></Vertex>
	<Vertex>
	<X>-4.896038</X>
	<Y>19.885869</Y></Vertex>
	<Vertex>
	<X>-5.241660</X>
	<Y>19.794264</Y></Vertex>
	<Vertex>
	<X>-5.931799</X>
	<Y>19.584361</Y></Vertex>
	<Vertex>
	<X>-6.554983</X>
	<Y>19.354592</Y></Vertex>
	<Vertex>
	<X>-7.368721</X>
	<Y>19.071537</Y></Vertex>
	<Vertex>
	<X>-7.676414</X>
	<Y>18.943433</Y></Vertex>
	<Vertex>
	<X>-8.978525</X>
	<Y>18.339329</Y></Vertex>
	<Vertex>
	<X>-9.277478</X>
	<Y>18.185352</Y></Vertex>
	<Vertex>
	<X>-9.619093</X>
	<Y>17.997248</Y></Vertex>
	<Vertex>
	<X>-10.258739</X>
	<Y>17.623065</Y></Vertex>
	<Vertex>
	<X>-10.888633</X>
	<Y>17.235289</Y></Vertex>
	<Vertex>
	<X>-11.472582</X>
	<Y>16.836013</Y></Vertex>
	<Vertex>
	<X>-12.524889</X>
	<Y>16.045833</Y></Vertex>
	<Vertex>
	<X>-13.052756</X>
	<Y>15.603776</Y></Vertex>
	<Vertex>
	<X>-13.915856</X>
	<Y>14.808624</Y></Vertex>
	<Vertex>
	<X>-14.229036</X>
	<Y>14.506804</Y></Vertex>
	<Vertex>
	<X>-14.664347</X>
	<Y>14.046109</Y></Vertex>
	<Vertex>
	<X>-15.375072</X>
	<Y>13.238999</Y></Vertex>
	<Vertex>
	<X>-15.710113</X>
	<Y>12.833987</Y></Vertex>
	<Vertex>
	<X>-16.922320</X>
	<Y>11.128866</Y></Vertex>
	<Vertex>
	<X>-17.952778</X>
	<Y>9.308144</Y></Vertex>
	<Vertex>
	<X>-18.789407</X>
	<Y>7.390703</Y></Vertex>
	<Vertex>
	<X>-18.984000</X>
	<Y>6.843422</Y></Vertex>
	<Vertex>
	<X>-19.178302</X>
	<Y>6.257847</Y></Vertex>
	<Vertex>
	<X>-18.865956</X>
	<Y>6.160655</Y></Vertex>
	<Vertex>
	<X>-18.974037</X>
	<Y>5.803889</Y></Vertex>
	<Vertex>
	<X>-19.285466</X>
	<Y>5.894425</Y></Vertex>
	<Vertex>
	<X>-19.373683</X>
	<Y>5.585447</Y></Vertex>
	<Vertex>
	<X>-19.056869</X>
	<Y>5.498785</Y></Vertex>
	<Vertex>
	<X>-19.330281</X>
	<Y>4.374088</Y></Vertex>
	<Vertex>
	<X>-19.414656</X>
	<Y>3.984824</Y></Vertex>
	<Vertex>
	<X>-19.534020</X>
	<Y>3.279902</Y></Vertex>
	<Vertex>
	<X>-19.851881</X>
	<Y>3.329105</Y></Vertex>
	<Vertex>
	<X>-19.920185</X>
	<Y>2.894198</Y></Vertex>
	<Vertex>
	<X>-19.597977</X>
	<Y>2.850753</Y></Vertex>
	<Vertex>
	<X>-19.655496</X>
	<Y>2.331354</Y></Vertex>
	<Vertex>
	<X>-19.978751</X>
	<Y>2.365635</Y></Vertex>
	<Vertex>
	<X>-20.008425</X>
	<Y>2.086771</Y></Vertex>
	<Vertex>
	<X>-19.681354</X>
	<Y>2.056668</Y></Vertex>
	<Vertex>
	<X>-19.753793</X>
	<Y>0.945741</Y></Vertex>
	<Vertex>
	<X>-19.768519</X>
	<Y>0.578663</Y></Vertex>
	<Vertex>
	<X>-19.767056</X>
	<Y>-0.061155</Y></Vertex>
	<Vertex>
	<X>-20.089629</X>
	<Y>-0.065703</Y></Vertex>
	<Vertex>
	<X>-20.080868</X>
	<Y>-0.569065</Y></Vertex>
	<Vertex>
	<X>-19.756115</X>
	<Y>-0.556395</Y></Vertex>
	<Vertex>
	<X>-19.730477</X>
	<Y>-1.005082</Y></Vertex>
	<Vertex>
	<X>-20.054130</X>
	<Y>-1.025005</Y></Vertex>
	<Vertex>
	<X>-20.046432</X>
	<Y>-1.152145</Y></Vertex>
	<Vertex>
	<X>-20.035520</X>
	<Y>-1.318157</Y></Vertex>
	<Vertex>
	<X>-19.708015</X>
	<Y>-1.293213</Y></Vertex>
	<Vertex>
	<X>-19.586689</X>
	<Y>-2.447759</Y></Vertex>
	<Vertex>
	<X>-19.534853</X>
	<Y>-2.845111</Y></Vertex>
	<Vertex>
	<X>-19.408855</X>
	<Y>-3.554842</Y></Vertex>
	<Vertex>
	<X>-19.724711</X>
	<Y>-3.615603</Y></Vertex>
	<Vertex>
	<X>-19.525930</X>
	<Y>-4.543700</Y></Vertex>
	<Vertex>
	<X>-19.426803</X>
	<Y>-4.951716</Y></Vertex>
	<Vertex>
	<X>-18.790565</X>
	<Y>-6.944723</Y></Vertex>
	<Vertex>
	<X>-18.468518</X>
	<Y>-7.737093</Y></Vertex>
	<Vertex>
	<X>-18.321409</X>
	<Y>-8.073708</Y></Vertex>
	<Vertex>
	<X>-18.135387</X>
	<Y>-8.484685</Y></Vertex>
	<Vertex>
	<X>-17.951132</X>
	<Y>-8.860930</Y></Vertex>
	<Vertex>
	<X>-17.826446</X>
	<Y>-9.107276</Y></Vertex>
	<Vertex>
	<X>-17.231957</X>
	<Y>-10.167640</Y></Vertex>
	<Vertex>
	<X>-16.935628</X>
	<Y>-10.661496</Y></Vertex>
	<Vertex>
	<X>-16.722470</X>
	<Y>-10.986369</Y></Vertex>
	<Vertex>
	<X>-15.750947</X>
	<Y>-12.335698</Y></Vertex>
	<Vertex>
	<X>-15.372402</X>
	<Y>-12.795166</Y></Vertex>
	<Vertex>
	<X>-14.672845</X>
	<Y>-13.590833</Y></Vertex>
	<Vertex>
	<X>-14.336074</X>
	<Y>-13.951775</Y></Vertex>
	<Vertex>
	<X>-14.048468</X>
	<Y>-14.218693</Y></Vertex>
	<Vertex>
	<X>-13.803391</X>
	<Y>-14.464956</Y></Vertex>
	<Vertex>
	<X>-13.053343</X>
	<Y>-15.157261</Y></Vertex>
	<Vertex>
	<X>-12.793639</X>
	<Y>-15.380116</Y></Vertex>
	<Vertex>
	<X>-12.048631</X>
	<Y>-15.939184</Y></Vertex>
	<Vertex>
	<X>-11.692705</X>
	<Y>-16.226004</Y></Vertex>
	<Vertex>
	<X>-11.120312</X>
	<Y>-16.635836</Y></Vertex>
	<Vertex>
	<X>-10.695037</X>
	<Y>-16.912524</Y></Vertex>
	<Vertex>
	<X>-9.371554</X>
	<Y>-17.688877</Y></Vertex>
	<Vertex>
	<X>-8.961310</X>
	<Y>-17.883867</Y></Vertex>
	<Vertex>
	<X>-8.708191</X>
	<Y>-18.015824</Y></Vertex>
	<Vertex>
	<X>-7.971550</X>
	<Y>-18.364529</Y></Vertex>
	<Vertex>
	<X>-7.548124</X>
	<Y>-18.551672</Y></Vertex>
	<Vertex>
	<X>-7.245860</X>
	<Y>-18.674008</Y></Vertex>
	<Vertex>
	<X>-6.819765</X>
	<Y>-18.822227</Y></Vertex>
	<Vertex>
	<X>-6.536376</X>
	<Y>-18.930248</Y></Vertex>
	<Vertex>
	<X>-5.884422</X>
	<Y>-19.153208</Y></Vertex>
	<Vertex>
	<X>-5.455938</X>
	<Y>-19.287013</Y></Vertex>
	<Vertex>
	<X>-5.038859</X>
	<Y>-19.400363</Y></Vertex>
	<Vertex>
	<X>-3.568793</X>
	<Y>-19.739434</Y></Vertex>
	<Vertex>
	<X>-3.320769</X>
	<Y>-19.785156</Y></Vertex>
	<Vertex>
	<X>-2.239849</X>
	<Y>-19.930644</Y></Vertex>
	<Vertex>
	<X>-1.345006</X>
	<Y>-20.036195</Y></Vertex>
	<Vertex>
	<X>0.746398</X>
	<Y>-20.090063</Y></Vertex></VertexList>
	<Slice>
	<Region>
	<Tag>main</Tag>
	<contourTraj>2</contourTraj>
	<hatchTraj>3</hatchTraj>
	<Type>Outer</Type>
	<Edge>
	<Start>1</Start>
	<End>2</End>
	<Normal>
	<Nx>0</Nx>
	<Ny>0</Ny>
	<Nz>0</Nz></Normal></Edge>
	<Edge>
	<Start>2</Start>
	<End>3</End>
	<Normal>
	<Nx>0</Nx>
	<Ny>0</Ny>
	<Nz>0</Nz></Normal></Edge>
	<Edge>
	<Start>3</Start>
	<End>4</End>
	<Normal>
	<Nx>0</Nx>
	<Ny>0</Ny>
	<Nz>0</Nz></Normal></Edge>
	<Edge>
	<Start>4</Start>
	<End>5</End>
	<Normal>
	<Nx>0</Nx>
	<Ny>0</Ny>
	<Nz>0</Nz></Normal></Edge>
	<Edge>
	<Start>5</Start>
	<End>6</End>
	<Normal>
	<Nx>0</Nx>
	<Ny>0</Ny>
	<Nz>0</Nz></Normal></Edge>
	<Edge>
	<Start>6</Start>
	<End>7</End>
	<Normal>
	<Nx>0</Nx>
	<Ny>0</Ny>
	<Nz>0</Nz></Normal></Edge>
	<Edge>
	<Start>7</Start>
	<End>8</End>
	<Normal>
	<Nx>0</Nx>
	<Ny>0</Ny>
	<Nz>0</Nz></Normal></Edge>
	<Edge>
	<Start>8</Start>
	<End>9</End>
	<Normal>
	<Nx>0</Nx>
	<Ny>0</Ny>
	<Nz>0</Nz></Normal></Edge>
	<Edge>
	<Start>9</Start>
	<End>10</End>
	<Normal>
	<Nx>0</Nx>
	<Ny>0</Ny>
	<Nz>0</Nz></Normal></Edge>
	<Edge>
	<Start>10</Start>
	<End>11</End>
	<Normal>
	<Nx>0</Nx>
	<Ny>0</Ny>
	<Nz>0</Nz></Normal></Edge>
	<Edge>
	<Start>11</Start>
	<End>12</End>
	<Normal>
	<Nx>0</Nx>
	<Ny>0</Ny>
	<Nz>0</Nz></Normal></Edge>
	<Edge>
	<Start>12</Start>
	<End>13</End>
	<Normal>
	<Nx>0</Nx>
	<Ny>0</Ny>
	<Nz>0</Nz></Normal></Edge>
	<Edge>
	<Start>13</Start>
	<End>14</End>
	<Normal>
	<Nx>0</Nx>
	<Ny>0</Ny>
	<Nz>0</Nz></Normal></Edge>
	<Edge>
	<Start>14</Start>
	<End>15</End>
	<Normal>
	<Nx>0</Nx>
	<Ny>0</Ny>
	<Nz>0</Nz></Normal></Edge>
	<Edge>
	<Start>15</Start>
	<End>16</End>
	<Normal>
	<Nx>0</Nx>
	<Ny>0</Ny>
	<Nz>0</Nz></Normal></Edge>
	<Edge>
	<Start>16</Start>
	<End>17</End>
	<Normal>
	<Nx>0</Nx>
	<Ny>0</Ny>
	<Nz>0</Nz></Normal></Edge>
	<Edge>
	<Start>17</Start>
	<End>18</End>
	<Normal>
	<Nx>0</Nx>
	<Ny>0</Ny>
	<Nz>0</Nz></Normal></Edge>
	<Edge>
	<Start>18</Start>
	<End>19</End>
	<Normal>
	<Nx>0</Nx>
	<Ny>0</Ny>
	<Nz>0</Nz></Normal></Edge>
	<Edge>
	<Start>19</Start>
	<End>20</End>
	<Normal>
	<Nx>0</Nx>
	<Ny>0</Ny>
	<Nz>0</Nz></Normal></Edge>
	<Edge>
	<Start>20</Start>
	<End>21</End>
	<Normal>
	<Nx>0</Nx>
	<Ny>0</Ny>
	<Nz>0</Nz></Normal></Edge>
	<Edge>
	<Start>21</Start>
	<End>22</End>
	<Normal>
	<Nx>0</Nx>
	<Ny>0</Ny>
	<Nz>0</Nz></Normal></Edge>
	<Edge>
	<Start>22</Start>
	<End>23</End>
	<Normal>
	<Nx>0</Nx>
	<Ny>0</Ny>
	<Nz>0</Nz></Normal></Edge>
	<Edge>
	<Start>23</Start>
	<End>24</End>
	<Normal>
	<Nx>0</Nx>
	<Ny>0</Ny>
	<Nz>0</Nz></Normal></Edge>
	<Edge>
	<Start>24</Start>
	<End>25</End>
	<Normal>
	<Nx>0</Nx>
	<Ny>0</Ny>
	<Nz>0</Nz></Normal></Edge>
	<Edge>
	<Start>25</Start>
	<End>26</End>
	<Normal>
	<Nx>0</Nx>
	<Ny>0</Ny>
	<Nz>0</Nz></Normal></Edge>
	<Edge>
	<Start>26</Start>
	<End>27</End>
	<Normal>
	<Nx>0</Nx>
	<Ny>0</Ny>
	<Nz>0</Nz></Normal></Edge>
	<Edge>
	<Start>27</Start>
	<End>28</End>
	<Normal>
	<Nx>0</Nx>
	<Ny>0</Ny>
	<Nz>0</Nz></Normal></Edge>
	<Edge>
	<Start>28</Start>
	<End>29</End>
	<Normal>
	<Nx>0</Nx>
	<Ny>0</Ny>
	<Nz>0</Nz></Normal></Edge>
	<Edge>
	<Start>29</Start>
	<End>30</End>
	<Normal>
	<Nx>0</Nx>
	<Ny>0</Ny>
	<Nz>0</Nz></Normal></Edge>
	<Edge>
	<Start>30</Start>
	<End>31</End>
	<Normal>
	<Nx>0</Nx>
	<Ny>0</Ny>
	<Nz>0</Nz></Normal></Edge>
	<Edge>
	<Start>31</Start>
	<End>32</End>
	<Normal>
	<Nx>0</Nx>
	<Ny>0</Ny>
	<Nz>0</Nz></Normal></Edge>
	<Edge>
	<Start>32</Start>
	<End>33</End>
	<Normal>
	<Nx>0</Nx>
	<Ny>0</Ny>
	<Nz>0</Nz></Normal></Edge>
	<Edge>
	<Start>33</Start>
	<End>34</End>
	<Normal>
	<Nx>0</Nx>
	<Ny>0</Ny>
	<Nz>0</Nz></Normal></Edge>
	<Edge>
	<Start>34</Start>
	<End>35</End>
	<Normal>
	<Nx>0</Nx>
	<Ny>0</Ny>
	<Nz>0</Nz></Normal></Edge>
	<Edge>
	<Start>35</Start>
	<End>36</End>
	<Normal>
	<Nx>0</Nx>
	<Ny>0</Ny>
	<Nz>0</Nz></Normal></Edge>
	<Edge>
	<Start>36</Start>
	<End>37</End>
	<Normal>
	<Nx>0</Nx>
	<Ny>0</Ny>
	<Nz>0</Nz></Normal></Edge>
	<Edge>
	<Start>37</Start>
	<End>38</End>
	<Normal>
	<Nx>0</Nx>
	<Ny>0</Ny>
	<Nz>0</Nz></Normal></Edge>
	<Edge>
	<Start>38</Start>
	<End>39</End>
	<Normal>
	<Nx>0</Nx>
	<Ny>0</Ny>
	<Nz>0</Nz></Normal></Edge>
	<Edge>
	<Start>39</Start>
	<End>40</End>
	<Normal>
	<Nx>0</Nx>
	<Ny>0</Ny>
	<Nz>0</Nz></Normal></Edge>
	<Edge>
	<Start>40</Start>
	<End>41</End>
	<Normal>
	<Nx>0</Nx>
	<Ny>0</Ny>
	<Nz>0</Nz></Normal></Edge>
	<Edge>
	<Start>41</Start>
	<End>42</End>
	<Normal>
	<Nx>0</Nx>
	<Ny>0</Ny>
	<Nz>0</Nz></Normal></Edge>
	<Edge>
	<Start>42</Start>
	<End>43</End>
	<Normal>
	<Nx>0</Nx>
	<Ny>0</Ny>
	<Nz>0</Nz></Normal></Edge>
	<Edge>
	<Start>43</Start>
	<End>44</End>
	<Normal>
	<Nx>0</Nx>
	<Ny>0</Ny>
	<Nz>0</Nz></Normal></Edge>
	<Edge>
	<Start>44</Start>
	<End>45</End>
	<Normal>
	<Nx>0</Nx>
	<Ny>0</Ny>
	<Nz>0</Nz></Normal></Edge>
	<Edge>
	<Start>45</Start>
	<End>46</End>
	<Normal>
	<Nx>0</Nx>
	<Ny>0</Ny>
	<Nz>0</Nz></Normal></Edge>
	<Edge>
	<Start>46</Start>
	<End>47</End>
	<Normal>
	<Nx>0</Nx>
	<Ny>0</Ny>
	<Nz>0</Nz></Normal></Edge>
	<Edge>
	<Start>47</Start>
	<End>48</End>
	<Normal>
	<Nx>0</Nx>
	<Ny>0</Ny>
	<Nz>0</Nz></Normal></Edge>
	<Edge>
	<Start>48</Start>
	<End>49</End>
	<Normal>
	<Nx>0</Nx>
	<Ny>0</Ny>
	<Nz>0</Nz></Normal></Edge>
	<Edge>
	<Start>49</Start>
	<End>50</End>
	<Normal>
	<Nx>0</Nx>
	<Ny>0</Ny>
	<Nz>0</Nz></Normal></Edge>
	<Edge>
	<Start>50</Start>
	<End>51</End>
	<Normal>
	<Nx>0</Nx>
	<Ny>0</Ny>
	<Nz>0</Nz></Normal></Edge>
	<Edge>
	<Start>51</Start>
	<End>52</End>
	<Normal>
	<Nx>0</Nx>
	<Ny>0</Ny>
	<Nz>0</Nz></Normal></Edge>
	<Edge>
	<Start>52</Start>
	<End>53</End>
	<Normal>
	<Nx>0</Nx>
	<Ny>0</Ny>
	<Nz>0</Nz></Normal></Edge>
	<Edge>
	<Start>53</Start>
	<End>54</End>
	<Normal>
	<Nx>0</Nx>
	<Ny>0</Ny>
	<Nz>0</Nz></Normal></Edge>
	<Edge>
	<Start>54</Start>
	<End>55</End>
	<Normal>
	<Nx>0</Nx>
	<Ny>0</Ny>
	<Nz>0</Nz></Normal></Edge>
	<Edge>
	<Start>55</Start>
	<End>56</End>
	<Normal>
	<Nx>0</Nx>
	<Ny>0</Ny>
	<Nz>0</Nz></Normal></Edge>
	<Edge>
	<Start>56</Start>
	<End>57</End>
	<Normal>
	<Nx>0</Nx>
	<Ny>0</Ny>
	<Nz>0</Nz></Normal></Edge>
	<Edge>
	<Start>57</Start>
	<End>58</End>
	<Normal>
	<Nx>0</Nx>
	<Ny>0</Ny>
	<Nz>0</Nz></Normal></Edge>
	<Edge>
	<Start>58</Start>
	<End>59</End>
	<Normal>
	<Nx>0</Nx>
	<Ny>0</Ny>
	<Nz>0</Nz></Normal></Edge>
	<Edge>
	<Start>59</Start>
	<End>60</End>
	<Normal>
	<Nx>0</Nx>
	<Ny>0</Ny>
	<Nz>0</Nz></Normal></Edge>
	<Edge>
	<Start>60</Start>
	<End>61</End>
	<Normal>
	<Nx>0</Nx>
	<Ny>0</Ny>
	<Nz>0</Nz></Normal></Edge>
	<Edge>
	<Start>61</Start>
	<End>62</End>
	<Normal>
	<Nx>0</Nx>
	<Ny>0</Ny>
	<Nz>0</Nz></Normal></Edge>
	<Edge>
	<Start>62</Start>
	<End>63</End>
	<Normal>
	<Nx>0</Nx>
	<Ny>0</Ny>
	<Nz>0</Nz></Normal></Edge>
	<Edge>
	<Start>63</Start>
	<End>64</End>
	<Normal>
	<Nx>0</Nx>
	<Ny>0</Ny>
	<Nz>0</Nz></Normal></Edge>
	<Edge>
	<Start>64</Start>
	<End>65</End>
	<Normal>
	<Nx>0</Nx>
	<Ny>0</Ny>
	<Nz>0</Nz></Normal></Edge>
	<Edge>
	<Start>65</Start>
	<End>66</End>
	<Normal>
	<Nx>0</Nx>
	<Ny>0</Ny>
	<Nz>0</Nz></Normal></Edge>
	<Edge>
	<Start>66</Start>
	<End>67</End>
	<Normal>
	<Nx>0</Nx>
	<Ny>0</Ny>
	<Nz>0</Nz></Normal></Edge>
	<Edge>
	<Start>67</Start>
	<End>68</End>
	<Normal>
	<Nx>0</Nx>
	<Ny>0</Ny>
	<Nz>0</Nz></Normal></Edge>
	<Edge>
	<Start>68</Start>
	<End>69</End>
	<Normal>
	<Nx>0</Nx>
	<Ny>0</Ny>
	<Nz>0</Nz></Normal></Edge>
	<Edge>
	<Start>69</Start>
	<End>70</End>
	<Normal>
	<Nx>0</Nx>
	<Ny>0</Ny>
	<Nz>0</Nz></Normal></Edge>
	<Edge>
	<Start>70</Start>
	<End>71</End>
	<Normal>
	<Nx>0</Nx>
	<Ny>0</Ny>
	<Nz>0</Nz></Normal></Edge>
	<Edge>
	<Start>71</Start>
	<End>72</End>
	<Normal>
	<Nx>0</Nx>
	<Ny>0</Ny>
	<Nz>0</Nz></Normal></Edge>
	<Edge>
	<Start>72</Start>
	<End>73</End>
	<Normal>
	<Nx>0</Nx>
	<Ny>0</Ny>
	<Nz>0</Nz></Normal></Edge>
	<Edge>
	<Start>73</Start>
	<End>74</End>
	<Normal>
	<Nx>0</Nx>
	<Ny>0</Ny>
	<Nz>0</Nz></Normal></Edge>
	<Edge>
	<Start>74</Start>
	<End>75</End>
	<Normal>
	<Nx>0</Nx>
	<Ny>0</Ny>
	<Nz>0</Nz></Normal></Edge>
	<Edge>
	<Start>75</Start>
	<End>76</End>
	<Normal>
	<Nx>0</Nx>
	<Ny>0</Ny>
	<Nz>0</Nz></Normal></Edge>
	<Edge>
	<Start>76</Start>
	<End>77</End>
	<Normal>
	<Nx>0</Nx>
	<Ny>0</Ny>
	<Nz>0</Nz></Normal></Edge>
	<Edge>
	<Start>77</Start>
	<End>78</End>
	<Normal>
	<Nx>0</Nx>
	<Ny>0</Ny>
	<Nz>0</Nz></Normal></Edge>
	<Edge>
	<Start>78</Start>
	<End>79</End>
	<Normal>
	<Nx>0</Nx>
	<Ny>0</Ny>
	<Nz>0</Nz></Normal></Edge>
	<Edge>
	<Start>79</Start>
	<End>80</End>
	<Normal>
	<Nx>0</Nx>
	<Ny>0</Ny>
	<Nz>0</Nz></Normal></Edge>
	<Edge>
	<Start>80</Start>
	<End>81</End>
	<Normal>
	<Nx>0</Nx>
	<Ny>0</Ny>
	<Nz>0</Nz></Normal></Edge>
	<Edge>
	<Start>81</Start>
	<End>82</End>
	<Normal>
	<Nx>0</Nx>
	<Ny>0</Ny>
	<Nz>0</Nz></Normal></Edge>
	<Edge>
	<Start>82</Start>
	<End>83</End>
	<Normal>
	<Nx>0</Nx>
	<Ny>0</Ny>
	<Nz>0</Nz></Normal></Edge>
	<Edge>
	<Start>83</Start>
	<End>84</End>
	<Normal>
	<Nx>0</Nx>
	<Ny>0</Ny>
	<Nz>0</Nz></Normal></Edge>
	<Edge>
	<Start>84</Start>
	<End>85</End>
	<Normal>
	<Nx>0</Nx>
	<Ny>0</Ny>
	<Nz>0</Nz></Normal></Edge>
	<Edge>
	<Start>85</Start>
	<End>86</End>
	<Normal>
	<Nx>0</Nx>
	<Ny>0</Ny>
	<Nz>0</Nz></Normal></Edge>
	<Edge>
	<Start>86</Start>
	<End>87</End>
	<Normal>
	<Nx>0</Nx>
	<Ny>0</Ny>
	<Nz>0</Nz></Normal></Edge>
	<Edge>
	<Start>87</Start>
	<End>88</End>
	<Normal>
	<Nx>0</Nx>
	<Ny>0</Ny>
	<Nz>0</Nz></Normal></Edge>
	<Edge>
	<Start>88</Start>
	<End>89</End>
	<Normal>
	<Nx>0</Nx>
	<Ny>0</Ny>
	<Nz>0</Nz></Normal></Edge>
	<Edge>
	<Start>89</Start>
	<End>90</End>
	<Normal>
	<Nx>0</Nx>
	<Ny>0</Ny>
	<Nz>0</Nz></Normal></Edge>
	<Edge>
	<Start>90</Start>
	<End>91</End>
	<Normal>
	<Nx>0</Nx>
	<Ny>0</Ny>
	<Nz>0</Nz></Normal></Edge>
	<Edge>
	<Start>91</Start>
	<End>92</End>
	<Normal>
	<Nx>0</Nx>
	<Ny>0</Ny>
	<Nz>0</Nz></Normal></Edge>
	<Edge>
	<Start>92</Start>
	<End>93</End>
	<Normal>
	<Nx>0</Nx>
	<Ny>0</Ny>
	<Nz>0</Nz></Normal></Edge>
	<Edge>
	<Start>93</Start>
	<End>94</End>
	<Normal>
	<Nx>0</Nx>
	<Ny>0</Ny>
	<Nz>0</Nz></Normal></Edge>
	<Edge>
	<Start>94</Start>
	<End>95</End>
	<Normal>
	<Nx>0</Nx>
	<Ny>0</Ny>
	<Nz>0</Nz></Normal></Edge>
	<Edge>
	<Start>95</Start>
	<End>96</End>
	<Normal>
	<Nx>0</Nx>
	<Ny>0</Ny>
	<Nz>0</Nz></Normal></Edge>
	<Edge>
	<Start>96</Start>
	<End>97</End>
	<Normal>
	<Nx>0</Nx>
	<Ny>0</Ny>
	<Nz>0</Nz></Normal></Edge>
	<Edge>
	<Start>97</Start>
	<End>98</End>
	<Normal>
	<Nx>0</Nx>
	<Ny>0</Ny>
	<Nz>0</Nz></Normal></Edge>
	<Edge>
	<Start>98</Start>
	<End>99</End>
	<Normal>
	<Nx>0</Nx>
	<Ny>0</Ny>
	<Nz>0</Nz></Normal></Edge>
	<Edge>
	<Start>99</Start>
	<End>100</End>
	<Normal>
	<Nx>0</Nx>
	<Ny>0</Ny>
	<Nz>0</Nz></Normal></Edge>
	<Edge>
	<Start>100</Start>
	<End>101</End>
	<Normal>
	<Nx>0</Nx>
	<Ny>0</Ny>
	<Nz>0</Nz></Normal></Edge>
	<Edge>
	<Start>101</Start>
	<End>102</End>
	<Normal>
	<Nx>0</Nx>
	<Ny>0</Ny>
	<Nz>0</Nz></Normal></Edge>
	<Edge>
	<Start>102</Start>
	<End>103</End>
	<Normal>
	<Nx>0</Nx>
	<Ny>0</Ny>
	<Nz>0</Nz></Normal></Edge>
	<Edge>
	<Start>103</Start>
	<End>104</End>
	<Normal>
	<Nx>0</Nx>
	<Ny>0</Ny>
	<Nz>0</Nz></Normal></Edge>
	<Edge>
	<Start>104</Start>
	<End>105</End>
	<Normal>
	<Nx>0</Nx>
	<Ny>0</Ny>
	<Nz>0</Nz></Normal></Edge>
	<Edge>
	<Start>105</Start>
	<End>106</End>
	<Normal>
	<Nx>0</Nx>
	<Ny>0</Ny>
	<Nz>0</Nz></Normal></Edge>
	<Edge>
	<Start>106</Start>
	<End>107</End>
	<Normal>
	<Nx>0</Nx>
	<Ny>0</Ny>
	<Nz>0</Nz></Normal></Edge>
	<Edge>
	<Start>107</Start>
	<End>108</End>
	<Normal>
	<Nx>0</Nx>
	<Ny>0</Ny>
	<Nz>0</Nz></Normal></Edge>
	<Edge>
	<Start>108</Start>
	<End>109</End>
	<Normal>
	<Nx>0</Nx>
	<Ny>0</Ny>
	<Nz>0</Nz></Normal></Edge>
	<Edge>
	<Start>109</Start>
	<End>110</End>
	<Normal>
	<Nx>0</Nx>
	<Ny>0</Ny>
	<Nz>0</Nz></Normal></Edge>
	<Edge>
	<Start>110</Start>
	<End>111</End>
	<Normal>
	<Nx>0</Nx>
	<Ny>0</Ny>
	<Nz>0</Nz></Normal></Edge>
	<Edge>
	<Start>111</Start>
	<End>112</End>
	<Normal>
	<Nx>0</Nx>
	<Ny>0</Ny>
	<Nz>0</Nz></Normal></Edge>
	<Edge>
	<Start>112</Start>
	<End>113</End>
	<Normal>
	<Nx>0</Nx>
	<Ny>0</Ny>
	<Nz>0</Nz></Normal></Edge>
	<Edge>
	<Start>113</Start>
	<End>114</End>
	<Normal>
	<Nx>0</Nx>
	<Ny>0</Ny>
	<Nz>0</Nz></Normal></Edge>
	<Edge>
	<Start>114</Start>
	<End>115</End>
	<Normal>
	<Nx>0</Nx>
	<Ny>0</Ny>
	<Nz>0</Nz></Normal></Edge>
	<Edge>
	<Start>115</Start>
	<End>116</End>
	<Normal>
	<Nx>0</Nx>
	<Ny>0</Ny>
	<Nz>0</Nz></Normal></Edge>
	<Edge>
	<Start>116</Start>
	<End>117</End>
	<Normal>
	<Nx>0</Nx>
	<Ny>0</Ny>
	<Nz>0</Nz></Normal></Edge>
	<Edge>
	<Start>117</Start>
	<End>118</End>
	<Normal>
	<Nx>0</Nx>
	<Ny>0</Ny>
	<Nz>0</Nz></Normal></Edge>
	<Edge>
	<Start>118</Start>
	<End>119</End>
	<Normal>
	<Nx>0</Nx>
	<Ny>0</Ny>
	<Nz>0</Nz></Normal></Edge>
	<Edge>
	<Start>119</Start>
	<End>120</End>
	<Normal>
	<Nx>0</Nx>
	<Ny>0</Ny>
	<Nz>0</Nz></Normal></Edge>
	<Edge>
	<Start>120</Start>
	<End>121</End>
	<Normal>
	<Nx>0</Nx>
	<Ny>0</Ny>
	<Nz>0</Nz></Normal></Edge>
	<Edge>
	<Start>121</Start>
	<End>122</End>
	<Normal>
	<Nx>0</Nx>
	<Ny>0</Ny>
	<Nz>0</Nz></Normal></Edge>
	<Edge>
	<Start>122</Start>
	<End>123</End>
	<Normal>
	<Nx>0</Nx>
	<Ny>0</Ny>
	<Nz>0</Nz></Normal></Edge>
	<Edge>
	<Start>123</Start>
	<End>124</End>
	<Normal>
	<Nx>0</Nx>
	<Ny>0</Ny>
	<Nz>0</Nz></Normal></Edge>
	<Edge>
	<Start>124</Start>
	<End>125</End>
	<Normal>
	<Nx>0</Nx>
	<Ny>0</Ny>
	<Nz>0</Nz></Normal></Edge>
	<Edge>
	<Start>125</Start>
	<End>126</End>
	<Normal>
	<Nx>0</Nx>
	<Ny>0</Ny>
	<Nz>0</Nz></Normal></Edge>
	<Edge>
	<Start>126</Start>
	<End>127</End>
	<Normal>
	<Nx>0</Nx>
	<Ny>0</Ny>
	<Nz>0</Nz></Normal></Edge>
	<Edge>
	<Start>127</Start>
	<End>128</End>
	<Normal>
	<Nx>0</Nx>
	<Ny>0</Ny>
	<Nz>0</Nz></Normal></Edge>
	<Edge>
	<Start>128</Start>
	<End>129</End>
	<Normal>
	<Nx>0</Nx>
	<Ny>0</Ny>
	<Nz>0</Nz></Normal></Edge>
	<Edge>
	<Start>129</Start>
	<End>130</End>
	<Normal>
	<Nx>0</Nx>
	<Ny>0</Ny>
	<Nz>0</Nz></Normal></Edge>
	<Edge>
	<Start>130</Start>
	<End>131</End>
	<Normal>
	<Nx>0</Nx>
	<Ny>0</Ny>
	<Nz>0</Nz></Normal></Edge>
	<Edge>
	<Start>131</Start>
	<End>132</End>
	<Normal>
	<Nx>0</Nx>
	<Ny>0</Ny>
	<Nz>0</Nz></Normal></Edge>
	<Edge>
	<Start>132</Start>
	<End>133</End>
	<Normal>
	<Nx>0</Nx>
	<Ny>0</Ny>
	<Nz>0</Nz></Normal></Edge>
	<Edge>
	<Start>133</Start>
	<End>134</End>
	<Normal>
	<Nx>0</Nx>
	<Ny>0</Ny>
	<Nz>0</Nz></Normal></Edge>
	<Edge>
	<Start>134</Start>
	<End>135</End>
	<Normal>
	<Nx>0</Nx>
	<Ny>0</Ny>
	<Nz>0</Nz></Normal></Edge>
	<Edge>
	<Start>135</Start>
	<End>136</End>
	<Normal>
	<Nx>0</Nx>
	<Ny>0</Ny>
	<Nz>0</Nz></Normal></Edge>
	<Edge>
	<Start>136</Start>
	<End>137</End>
	<Normal>
	<Nx>0</Nx>
	<Ny>0</Ny>
	<Nz>0</Nz></Normal></Edge>
	<Edge>
	<Start>137</Start>
	<End>138</End>
	<Normal>
	<Nx>0</Nx>
	<Ny>0</Ny>
	<Nz>0</Nz></Normal></Edge>
	<Edge>
	<Start>138</Start>
	<End>139</End>
	<Normal>
	<Nx>0</Nx>
	<Ny>0</Ny>
	<Nz>0</Nz></Normal></Edge>
	<Edge>
	<Start>139</Start>
	<End>140</End>
	<Normal>
	<Nx>0</Nx>
	<Ny>0</Ny>
	<Nz>0</Nz></Normal></Edge>
	<Edge>
	<Start>140</Start>
	<End>141</End>
	<Normal>
	<Nx>0</Nx>
	<Ny>0</Ny>
	<Nz>0</Nz></Normal></Edge>
	<Edge>
	<Start>141</Start>
	<End>142</End>
	<Normal>
	<Nx>0</Nx>
	<Ny>0</Ny>
	<Nz>0</Nz></Normal></Edge>
	<Edge>
	<Start>142</Start>
	<End>143</End>
	<Normal>
	<Nx>0</Nx>
	<Ny>0</Ny>
	<Nz>0</Nz></Normal></Edge>
	<Edge>
	<Start>143</Start>
	<End>144</End>
	<Normal>
	<Nx>0</Nx>
	<Ny>0</Ny>
	<Nz>0</Nz></Normal></Edge>
	<Edge>
	<Start>144</Start>
	<End>145</End>
	<Normal>
	<Nx>0</Nx>
	<Ny>0</Ny>
	<Nz>0</Nz></Normal></Edge>
	<Edge>
	<Start>145</Start>
	<End>146</End>
	<Normal>
	<Nx>0</Nx>
	<Ny>0</Ny>
	<Nz>0</Nz></Normal></Edge>
	<Edge>
	<Start>146</Start>
	<End>147</End>
	<Normal>
	<Nx>0</Nx>
	<Ny>0</Ny>
	<Nz>0</Nz></Normal></Edge>
	<Edge>
	<Start>147</Start>
	<End>148</End>
	<Normal>
	<Nx>0</Nx>
	<Ny>0</Ny>
	<Nz>0</Nz></Normal></Edge>
	<Edge>
	<Start>148</Start>
	<End>149</End>
	<Normal>
	<Nx>0</Nx>
	<Ny>0</Ny>
	<Nz>0</Nz></Normal></Edge>
	<Edge>
	<Start>149</Start>
	<End>150</End>
	<Normal>
	<Nx>0</Nx>
	<Ny>0</Ny>
	<Nz>0</Nz></Normal></Edge>
	<Edge>
	<Start>150</Start>
	<End>151</End>
	<Normal>
	<Nx>0</Nx>
	<Ny>0</Ny>
	<Nz>0</Nz></Normal></Edge>
	<Edge>
	<Start>151</Start>
	<End>152</End>
	<Normal>
	<Nx>0</Nx>
	<Ny>0</Ny>
	<Nz>0</Nz></Normal></Edge>
	<Edge>
	<Start>152</Start>
	<End>153</End>
	<Normal>
	<Nx>0</Nx>
	<Ny>0</Ny>
	<Nz>0</Nz></Normal></Edge>
	<Edge>
	<Start>153</Start>
	<End>154</End>
	<Normal>
	<Nx>0</Nx>
	<Ny>0</Ny>
	<Nz>0</Nz></Normal></Edge>
	<Edge>
	<Start>154</Start>
	<End>155</End>
	<Normal>
	<Nx>0</Nx>
	<Ny>0</Ny>
	<Nz>0</Nz></Normal></Edge>
	<Edge>
	<Start>155</Start>
	<End>156</End>
	<Normal>
	<Nx>0</Nx>
	<Ny>0</Ny>
	<Nz>0</Nz></Normal></Edge>
	<Edge>
	<Start>156</Start>
	<End>157</End>
	<Normal>
	<Nx>0</Nx>
	<Ny>0</Ny>
	<Nz>0</Nz></Normal></Edge>
	<Edge>
	<Start>157</Start>
	<End>158</End>
	<Normal>
	<Nx>0</Nx>
	<Ny>0</Ny>
	<Nz>0</Nz></Normal></Edge>
	<Edge>
	<Start>158</Start>
	<End>159</End>
	<Normal>
	<Nx>0</Nx>
	<Ny>0</Ny>
	<Nz>0</Nz></Normal></Edge>
	<Edge>
	<Start>159</Start>
	<End>160</End>
	<Normal>
	<Nx>0</Nx>
	<Ny>0</Ny>
	<Nz>0</Nz></Normal></Edge>
	<Edge>
	<Start>160</Start>
	<End>161</End>
	<Normal>
	<Nx>0</Nx>
	<Ny>0</Ny>
	<Nz>0</Nz></Normal></Edge>
	<Edge>
	<Start>161</Start>
	<End>162</End>
	<Normal>
	<Nx>0</Nx>
	<Ny>0</Ny>
	<Nz>0</Nz></Normal></Edge>
	<Edge>
	<Start>162</Start>
	<End>163</End>
	<Normal>
	<Nx>0</Nx>
	<Ny>0</Ny>
	<Nz>0</Nz></Normal></Edge>
	<Edge>
	<Start>163</Start>
	<End>164</End>
	<Normal>
	<Nx>0</Nx>
	<Ny>0</Ny>
	<Nz>0</Nz></Normal></Edge>
	<Edge>
	<Start>164</Start>
	<End>165</End>
	<Normal>
	<Nx>0</Nx>
	<Ny>0</Ny>
	<Nz>0</Nz></Normal></Edge>
	<Edge>
	<Start>165</Start>
	<End>166</End>
	<Normal>
	<Nx>0</Nx>
	<Ny>0</Ny>
	<Nz>0</Nz></Normal></Edge>
	<Edge>
	<Start>166</Start>
	<End>167</End>
	<Normal>
	<Nx>0</Nx>
	<Ny>0</Ny>
	<Nz>0</Nz></Normal></Edge>
	<Edge>
	<Start>167</Start>
	<End>168</End>
	<Normal>
	<Nx>0</Nx>
	<Ny>0</Ny>
	<Nz>0</Nz></Normal></Edge>
	<Edge>
	<Start>168</Start>
	<End>169</End>
	<Normal>
	<Nx>0</Nx>
	<Ny>0</Ny>
	<Nz>0</Nz></Normal></Edge>
	<Edge>
	<Start>169</Start>
	<End>170</End>
	<Normal>
	<Nx>0</Nx>
	<Ny>0</Ny>
	<Nz>0</Nz></Normal></Edge>
	<Edge>
	<Start>170</Start>
	<End>171</End>
	<Normal>
	<Nx>0</Nx>
	<Ny>0</Ny>
	<Nz>0</Nz></Normal></Edge>
	<Edge>
	<Start>171</Start>
	<End>172</End>
	<Normal>
	<Nx>0</Nx>
	<Ny>0</Ny>
	<Nz>0</Nz></Normal></Edge>
	<Edge>
	<Start>172</Start>
	<End>173</End>
	<Normal>
	<Nx>0</Nx>
	<Ny>0</Ny>
	<Nz>0</Nz></Normal></Edge>
	<Edge>
	<Start>173</Start>
	<End>174</End>
	<Normal>
	<Nx>0</Nx>
	<Ny>0</Ny>
	<Nz>0</Nz></Normal></Edge>
	<Edge>
	<Start>174</Start>
	<End>175</End>
	<Normal>
	<Nx>0</Nx>
	<Ny>0</Ny>
	<Nz>0</Nz></Normal></Edge>
	<Edge>
	<Start>175</Start>
	<End>176</End>
	<Normal>
	<Nx>0</Nx>
	<Ny>0</Ny>
	<Nz>0</Nz></Normal></Edge>
	<Edge>
	<Start>176</Start>
	<End>177</End>
	<Normal>
	<Nx>0</Nx>
	<Ny>0</Ny>
	<Nz>0</Nz></Normal></Edge>
	<Edge>
	<Start>177</Start>
	<End>178</End>
	<Normal>
	<Nx>0</Nx>
	<Ny>0</Ny>
	<Nz>0</Nz></Normal></Edge>
	<Edge>
	<Start>178</Start>
	<End>179</End>
	<Normal>
	<Nx>0</Nx>
	<Ny>0</Ny>
	<Nz>0</Nz></Normal></Edge>
	<Edge>
	<Start>179</Start>
	<End>180</End>
	<Normal>
	<Nx>0</Nx>
	<Ny>0</Ny>
	<Nz>0</Nz></Normal></Edge>
	<Edge>
	<Start>180</Start>
	<End>181</End>
	<Normal>
	<Nx>0</Nx>
	<Ny>0</Ny>
	<Nz>0</Nz></Normal></Edge>
	<Edge>
	<Start>181</Start>
	<End>182</End>
	<Normal>
	<Nx>0</Nx>
	<Ny>0</Ny>
	<Nz>0</Nz></Normal></Edge>
	<Edge>
	<Start>182</Start>
	<End>183</End>
	<Normal>
	<Nx>0</Nx>
	<Ny>0</Ny>
	<Nz>0</Nz></Normal></Edge>
	<Edge>
	<Start>183</Start>
	<End>184</End>
	<Normal>
	<Nx>0</Nx>
	<Ny>0</Ny>
	<Nz>0</Nz></Normal></Edge>
	<Edge>
	<Start>184</Start>
	<End>185</End>
	<Normal>
	<Nx>0</Nx>
	<Ny>0</Ny>
	<Nz>0</Nz></Normal></Edge>
	<Edge>
	<Start>185</Start>
	<End>186</End>
	<Normal>
	<Nx>0</Nx>
	<Ny>0</Ny>
	<Nz>0</Nz></Normal></Edge>
	<Edge>
	<Start>186</Start>
	<End>187</End>
	<Normal>
	<Nx>0</Nx>
	<Ny>0</Ny>
	<Nz>0</Nz></Normal></Edge>
	<Edge>
	<Start>187</Start>
	<End>188</End>
	<Normal>
	<Nx>0</Nx>
	<Ny>0</Ny>
	<Nz>0</Nz></Normal></Edge>
	<Edge>
	<Start>188</Start>
	<End>189</End>
	<Normal>
	<Nx>0</Nx>
	<Ny>0</Ny>
	<Nz>0</Nz></Normal></Edge>
	<Edge>
	<Start>189</Start>
	<End>190</End>
	<Normal>
	<Nx>0</Nx>
	<Ny>0</Ny>
	<Nz>0</Nz></Normal></Edge>
	<Edge>
	<Start>190</Start>
	<End>191</End>
	<Normal>
	<Nx>0</Nx>
	<Ny>0</Ny>
	<Nz>0</Nz></Normal></Edge>
	<Edge>
	<Start>191</Start>
	<End>192</End>
	<Normal>
	<Nx>0</Nx>
	<Ny>0</Ny>
	<Nz>0</Nz></Normal></Edge>
	<Edge>
	<Start>192</Start>
	<End>193</End>
	<Normal>
	<Nx>0</Nx>
	<Ny>0</Ny>
	<Nz>0</Nz></Normal></Edge>
	<Edge>
	<Start>193</Start>
	<End>194</End>
	<Normal>
	<Nx>0</Nx>
	<Ny>0</Ny>
	<Nz>0</Nz></Normal></Edge>
	<Edge>
	<Start>194</Start>
	<End>195</End>
	<Normal>
	<Nx>0</Nx>
	<Ny>0</Ny>
	<Nz>0</Nz></Normal></Edge>
	<Edge>
	<Start>195</Start>
	<End>196</End>
	<Normal>
	<Nx>0</Nx>
	<Ny>0</Ny>
	<Nz>0</Nz></Normal></Edge>
	<Edge>
	<Start>196</Start>
	<End>197</End>
	<Normal>
	<Nx>0</Nx>
	<Ny>0</Ny>
	<Nz>0</Nz></Normal></Edge>
	<Edge>
	<Start>197</Start>
	<End>198</End>
	<Normal>
	<Nx>0</Nx>
	<Ny>0</Ny>
	<Nz>0</Nz></Normal></Edge>
	<Edge>
	<Start>198</Start>
	<End>199</End>
	<Normal>
	<Nx>0</Nx>
	<Ny>0</Ny>
	<Nz>0</Nz></Normal></Edge>
	<Edge>
	<Start>199</Start>
	<End>200</End>
	<Normal>
	<Nx>0</Nx>
	<Ny>0</Ny>
	<Nz>0</Nz></Normal></Edge>
	<Edge>
	<Start>200</Start>
	<End>201</End>
	<Normal>
	<Nx>0</Nx>
	<Ny>0</Ny>
	<Nz>0</Nz></Normal></Edge>
	<Edge>
	<Start>201</Start>
	<End>202</End>
	<Normal>
	<Nx>0</Nx>
	<Ny>0</Ny>
	<Nz>0</Nz></Normal></Edge>
	<Edge>
	<Start>202</Start>
	<End>203</End>
	<Normal>
	<Nx>0</Nx>
	<Ny>0</Ny>
	<Nz>0</Nz></Normal></Edge>
	<Edge>
	<Start>203</Start>
	<End>204</End>
	<Normal>
	<Nx>0</Nx>
	<Ny>0</Ny>
	<Nz>0</Nz></Normal></Edge>
	<Edge>
	<Start>204</Start>
	<End>205</End>
	<Normal>
	<Nx>0</Nx>
	<Ny>0</Ny>
	<Nz>0</Nz></Normal></Edge>
	<Edge>
	<Start>205</Start>
	<End>206</End>
	<Normal>
	<Nx>0</Nx>
	<Ny>0</Ny>
	<Nz>0</Nz></Normal></Edge>
	<Edge>
	<Start>206</Start>
	<End>207</End>
	<Normal>
	<Nx>0</Nx>
	<Ny>0</Ny>
	<Nz>0</Nz></Normal></Edge>
	<Edge>
	<Start>207</Start>
	<End>208</End>
	<Normal>
	<Nx>0</Nx>
	<Ny>0</Ny>
	<Nz>0</Nz></Normal></Edge>
	<Edge>
	<Start>208</Start>
	<End>209</End>
	<Normal>
	<Nx>0</Nx>
	<Ny>0</Ny>
	<Nz>0</Nz></Normal></Edge>
	<Edge>
	<Start>209</Start>
	<End>210</End>
	<Normal>
	<Nx>0</Nx>
	<Ny>0</Ny>
	<Nz>0</Nz></Normal></Edge>
	<Edge>
	<Start>210</Start>
	<End>211</End>
	<Normal>
	<Nx>0</Nx>
	<Ny>0</Ny>
	<Nz>0</Nz></Normal></Edge>
	<Edge>
	<Start>211</Start>
	<End>212</End>
	<Normal>
	<Nx>0</Nx>
	<Ny>0</Ny>
	<Nz>0</Nz></Normal></Edge>
	<Edge>
	<Start>212</Start>
	<End>213</End>
	<Normal>
	<Nx>0</Nx>
	<Ny>0</Ny>
	<Nz>0</Nz></Normal></Edge>
	<Edge>
	<Start>213</Start>
	<End>214</End>
	<Normal>
	<Nx>0</Nx>
	<Ny>0</Ny>
	<Nz>0</Nz></Normal></Edge>
	<Edge>
	<Start>214</Start>
	<End>215</End>
	<Normal>
	<Nx>0</Nx>
	<Ny>0</Ny>
	<Nz>0</Nz></Normal></Edge>
	<Edge>
	<Start>215</Start>
	<End>1</End>
	<Normal>
	<Nx>0</Nx>
	<Ny>0</Ny>
	<Nz>0</Nz></Normal></Edge></Region></Slice>
</Layer>