<?xml version="1.0"?><!--America Makes layer file created using MSXML 6.0--><Layer>
	<Thickness>0.05</Thickness>
	<VertexList>
	<Vertex>
	<X>2.415238</X>
	<Y>-19.960885</Y>
	<Co-ordinate_system>Cartesian</Co-ordinate_system></Vertex>
	<Vertex>
	<X>2.832255</X>
	<Y>-19.928606</Y></Vertex>
	<Vertex>
	<X>3.485036</X>
	<Y>-19.830688</Y></Vertex>
	<Vertex>
	<X>3.433090</X>
	<Y>-19.511158</Y></Vertex>
	<Vertex>
	<X>4.581031</X>
	<Y>-19.290596</Y></Vertex>
	<Vertex>
	<X>5.538804</X>
	<Y>-19.051274</Y></Vertex>
	<Vertex>
	<X>5.625236</X>
	<Y>-19.364680</Y></Vertex>
	<Vertex>
	<X>6.408271</X>
	<Y>-19.129943</Y></Vertex>
	<Vertex>
	<X>6.493812</X>
	<Y>-19.102503</Y></Vertex>
	<Vertex>
	<X>6.392092</X>
	<Y>-18.794703</Y></Vertex>
	<Vertex>
	<X>6.882736</X>
	<Y>-18.627670</Y></Vertex>
	<Vertex>
	<X>8.509218</X>
	<Y>-17.971315</Y></Vertex>
	<Vertex>
	<X>8.644306</X>
	<Y>-18.267991</Y></Vertex>
	<Vertex>
	<X>9.010080</X>
	<Y>-18.097858</Y></Vertex>
	<Vertex>
	<X>9.767058</X>
	<Y>-17.713304</Y></Vertex>
	<Vertex>
	<X>9.613229</X>
	<Y>-17.427949</Y></Vertex>
	<Vertex>
	<X>9.994826</X>
	<Y>-17.219091</Y></Vertex>
	<Vertex>
	<X>11.430246</X>
	<Y>-16.332783</Y></Vertex>
	<Vertex>
	<X>11.612964</X>
	<Y>-16.602747</Y></Vertex>
	<Vertex>
	<X>12.255051</X>
	<Y>-16.150827</Y></Vertex>
	<Vertex>
	<X>12.628490</X>
	<Y>-15.867548</Y></Vertex>
	<Vertex>
	<X>12.430534</X>
	<Y>-15.610812</Y></Vertex>
	<Vertex>
	<X>12.840079</X>
	<Y>-15.285443</Y></Vertex>
	<Vertex>
	<X>14.154439</X>
	<Y>-14.116222</Y></Vertex>
	<Vertex>
	<X>14.381584</X>
	<Y>-14.350047</Y></Vertex>
	<Vertex>
	<X>14.777588</X>
	<Y>-13.917351</Y></Vertex>
	<Vertex>
	<X>15.486204</X>
	<Y>-13.191090</Y></Vertex>
	<Vertex>
	<X>16.099220</X>
	<Y>-12.457049</Y></Vertex>
	<Vertex>
	<X>15.846030</X>
	<Y>-12.253097</Y></Vertex>
	<Vertex>
	<X>16.129848</X>
	<Y>-11.891371</Y></Vertex>
	<Vertex>
	<X>16.388492</X>
	<Y>-12.088357</Y></Vertex>
	<Vertex>
	<X>16.784579</X>
	<Y>-11.550637</Y></Vertex>
	<Vertex>
	<X>17.066156</X>
	<Y>-11.143714</Y></Vertex>
	<Vertex>
	<X>16.796668</X>
	<Y>-10.961844</Y></Vertex>
	<Vertex>
	<X>17.037112</X>
	<Y>-10.594765</Y></Vertex>
	<Vertex>
	<X>17.310512</X>
	<Y>-10.770665</Y></Vertex>
	<Vertex>
	<X>17.436076</X>
	<Y>-10.575847</Y></Vertex>
	<Vertex>
	<X>17.160668</X>
	<Y>-10.403063</Y></Vertex>
	<Vertex>
	<X>17.337360</X>
	<Y>-10.116088</Y></Vertex>
	<Vertex>
	<X>17.615636</X>
	<Y>-10.284206</Y></Vertex>
	<Vertex>
	<X>17.973431</X>
	<Y>-9.667791</Y></Vertex>
	<Vertex>
	<X>17.689428</X>
	<Y>-9.509536</Y></Vertex>
	<Vertex>
	<X>17.904963</X>
	<Y>-9.112382</Y></Vertex>
	<Vertex>
	<X>18.192415</X>
	<Y>-9.264150</Y></Vertex>
	<Vertex>
	<X>18.478288</X>
	<Y>-8.701723</Y></Vertex>
	<Vertex>
	<X>18.186208</X>
	<Y>-8.558926</Y></Vertex>
	<Vertex>
	<X>18.338348</X>
	<Y>-8.240657</Y></Vertex>
	<Vertex>
	<X>18.632900</X>
	<Y>-8.378280</Y></Vertex>
	<Vertex>
	<X>18.871824</X>
	<Y>-7.847170</Y></Vertex>
	<Vertex>
	<X>18.574224</X>
	<Y>-7.716182</Y></Vertex>
	<Vertex>
	<X>18.817812</X>
	<Y>-7.127686</Y></Vertex>
	<Vertex>
	<X>19.039503</X>
	<Y>-6.539973</Y></Vertex>
	<Vertex>
	<X>19.345412</X>
	<Y>-6.650066</Y></Vertex>
	<Vertex>
	<X>19.427804</X>
	<Y>-6.416499</Y></Vertex>
	<Vertex>
	<X>19.120549</X>
	<Y>-6.310271</Y></Vertex>
	<Vertex>
	<X>19.219840</X>
	<Y>-6.015635</Y></Vertex>
	<Vertex>
	<X>19.528728</X>
	<Y>-6.117079</Y></Vertex>
	<Vertex>
	<X>19.778112</X>
	<Y>-5.300192</Y></Vertex>
	<Vertex>
	<X>19.465236</X>
	<Y>-5.211818</Y></Vertex>
	<Vertex>
	<X>19.577788</X>
	<Y>-4.796297</Y></Vertex>
	<Vertex>
	<X>19.892496</X>
	<Y>-4.877914</Y></Vertex>
	<Vertex>
	<X>19.940663</X>
	<Y>-4.685183</Y></Vertex>
	<Vertex>
	<X>20.011960</X>
	<Y>-4.392716</Y></Vertex>
	<Vertex>
	<X>19.695836</X>
	<Y>-4.316528</Y></Vertex>
	<Vertex>
	<X>19.816288</X>
	<Y>-3.765023</Y></Vertex>
	<Vertex>
	<X>19.930324</X>
	<Y>-3.156667</Y></Vertex>
	<Vertex>
	<X>20.250708</X>
	<Y>-3.211887</Y></Vertex>
	<Vertex>
	<X>20.280032</X>
	<Y>-3.036551</Y></Vertex>
	<Vertex>
	<X>19.959265</X>
	<Y>-2.984708</Y></Vertex>
	<Vertex>
	<X>20.049107</X>
	<Y>-2.370748</Y></Vertex>
	<Vertex>
	<X>20.119932</X>
	<Y>-1.755524</Y></Vertex>
	<Vertex>
	<X>20.443456</X>
	<Y>-1.787701</Y></Vertex>
	<Vertex>
	<X>20.508756</X>
	<Y>-0.959497</Y></Vertex>
	<Vertex>
	<X>20.184188</X>
	<Y>-0.940575</Y></Vertex>
	<Vertex>
	<X>20.205299</X>
	<Y>-0.491633</Y></Vertex>
	<Vertex>
	<X>20.530216</X>
	<Y>-0.503255</Y></Vertex>
	<Vertex>
	<X>20.543204</X>
	<Y>0.223198</Y></Vertex>
	<Vertex>
	<X>20.534504</X>
	<Y>0.817689</Y></Vertex>
	<Vertex>
	<X>20.209524</X>
	<Y>0.808179</Y></Vertex>
	<Vertex>
	<X>20.191328</X>
	<Y>1.257248</Y></Vertex>
	<Vertex>
	<X>20.516012</X>
	<Y>1.274061</Y></Vertex>
	<Vertex>
	<X>20.493440</X>
	<Y>1.644429</Y></Vertex>
	<Vertex>
	<X>20.169139</X>
	<Y>1.621403</Y></Vertex>
	<Vertex>
	<X>20.116136</X>
	<Y>2.239632</Y></Vertex>
	<Vertex>
	<X>20.044159</X>
	<Y>2.854721</Y></Vertex>
	<Vertex>
	<X>20.366452</X>
	<Y>2.897511</Y></Vertex>
	<Vertex>
	<X>20.315312</X>
	<Y>3.257921</Y></Vertex>
	<Vertex>
	<X>19.993836</X>
	<Y>3.209365</Y></Vertex>
	<Vertex>
	<X>19.934968</X>
	<Y>3.576019</Y></Vertex>
	<Vertex>
	<X>20.255488</X>
	<Y>3.630536</Y></Vertex>
	<Vertex>
	<X>20.158540</X>
	<Y>4.152335</Y></Vertex>
	<Vertex>
	<X>19.839572</X>
	<Y>4.089469</Y></Vertex>
	<Vertex>
	<X>19.782524</X>
	<Y>4.355004</Y></Vertex>
	<Vertex>
	<X>19.759068</X>
	<Y>4.475705</Y></Vertex>
	<Vertex>
	<X>20.076728</X>
	<Y>4.544851</Y></Vertex>
	<Vertex>
	<X>19.963728</X>
	<Y>5.041231</Y></Vertex>
	<Vertex>
	<X>19.647625</X>
	<Y>4.965306</Y></Vertex>
	<Vertex>
	<X>19.494108</X>
	<Y>5.554906</Y></Vertex>
	<Vertex>
	<X>19.329698</X>
	<Y>6.117219</Y></Vertex>
	<Vertex>
	<X>19.640371</X>
	<Y>6.212710</Y></Vertex>
	<Vertex>
	<X>19.580156</X>
	<Y>6.404342</Y></Vertex>
	<Vertex>
	<X>19.270353</X>
	<Y>6.305415</Y></Vertex>
	<Vertex>
	<X>19.077571</X>
	<Y>6.879539</Y></Vertex>
	<Vertex>
	<X>18.876755</X>
	<Y>7.423216</Y></Vertex>
	<Vertex>
	<X>19.180536</X>
	<Y>7.539045</Y></Vertex>
	<Vertex>
	<X>18.842764</X>
	<Y>8.360422</Y></Vertex>
	<Vertex>
	<X>17.907400</X>
	<Y>10.231776</Y></Vertex>
	<Vertex>
	<X>16.784579</X>
	<Y>11.997041</Y></Vertex>
	<Vertex>
	<X>16.077355</X>
	<Y>12.930155</Y></Vertex>
	<Vertex>
	<X>15.959460</X>
	<Y>13.074979</Y></Vertex>
	<Vertex>
	<X>15.707515</X>
	<Y>12.871617</Y></Vertex>
	<Vertex>
	<X>14.943728</X>
	<Y>13.754088</Y></Vertex>
	<Vertex>
	<X>14.257584</X>
	<Y>14.463889</Y></Vertex>
	<Vertex>
	<X>14.485784</X>
	<Y>14.695445</Y></Vertex>
	<Vertex>
	<X>14.177084</X>
	<Y>14.993620</Y></Vertex>
	<Vertex>
	<X>13.824448</X>
	<Y>15.316564</Y></Vertex>
	<Vertex>
	<X>13.607436</X>
	<Y>15.075717</Y></Vertex>
	<Vertex>
	<X>13.218765</X>
	<Y>15.415965</Y></Vertex>
	<Vertex>
	<X>11.837104</X>
	<Y>16.496361</Y></Vertex>
	<Vertex>
	<X>12.026492</X>
	<Y>16.761693</Y></Vertex>
	<Vertex>
	<X>11.881464</X>
	<Y>16.866036</Y></Vertex>
	<Vertex>
	<X>10.984740</X>
	<Y>17.456672</Y></Vertex>
	<Vertex>
	<X>10.814527</X>
	<Y>17.180780</Y></Vertex>
	<Vertex>
	<X>10.442855</X>
	<Y>17.406825</Y></Vertex>
	<Vertex>
	<X>8.957581</X>
	<Y>18.206777</Y></Vertex>
	<Vertex>
	<X>9.100016</X>
	<Y>18.500001</Y></Vertex>
	<Vertex>
	<X>8.644672</X>
	<Y>18.715112</Y></Vertex>
	<Vertex>
	<X>7.955554</X>
	<Y>19.011873</Y></Vertex>
	<Vertex>
	<X>7.833809</X>
	<Y>18.711424</Y></Vertex>
	<Vertex>
	<X>7.345640</X>
	<Y>18.904057</Y></Vertex>
	<Vertex>
	<X>5.675888</X>
	<Y>19.457721</Y></Vertex>
	<Vertex>
	<X>5.764812</X>
	<Y>19.771337</Y></Vertex>
	<Vertex>
	<X>5.526652</X>
	<Y>19.825160</Y></Vertex>
	<Vertex>
	<X>4.890455</X>
	<Y>19.999933</Y></Vertex>
	<Vertex>
	<X>3.266610</X>
	<Y>20.312357</Y></Vertex>
	<Vertex>
	<X>3.217913</X>
	<Y>19.990937</Y></Vertex>
	<Vertex>
	<X>2.761406</X>
	<Y>20.056045</Y></Vertex>
	<Vertex>
	<X>2.802676</X>
	<Y>20.378529</Y></Vertex>
	<Vertex>
	<X>1.645762</X>
	<Y>20.493084</Y></Vertex>
	<Vertex>
	<X>1.623000</X>
	<Y>20.168765</Y></Vertex>
	<Vertex>
	<X>1.184878</X>
	<Y>20.193457</Y></Vertex>
	<Vertex>
	<X>1.200512</X>
	<Y>20.518177</Y></Vertex>
	<Vertex>
	<X>0.969014</X>
	<Y>20.529509</Y></Vertex>
	<Vertex>
	<X>0.957080</X>
	<Y>20.204608</Y></Vertex>
	<Vertex>
	<X>0.620208</X>
	<Y>20.214141</Y></Vertex>
	<Vertex>
	<X>0.626664</X>
	<Y>20.539193</Y></Vertex>
	<Vertex>
	<X>-0.086064</X>
	<Y>20.540849</Y></Vertex>
	<Vertex>
	<X>-0.081114</X>
	<Y>20.215765</Y></Vertex>
	<Vertex>
	<X>-0.532829</X>
	<Y>20.203846</Y></Vertex>
	<Vertex>
	<X>-0.545118</X>
	<Y>20.528669</Y></Vertex>
	<Vertex>
	<X>-1.175132</X>
	<Y>20.495033</Y></Vertex>
	<Vertex>
	<X>-1.152758</X>
	<Y>20.170685</Y></Vertex>
	<Vertex>
	<X>-1.504456</X>
	<Y>20.143305</Y></Vertex>
	<Vertex>
	<X>-1.532548</X>
	<Y>20.467209</Y></Vertex>
	<Vertex>
	<X>-2.111964</X>
	<Y>20.408573</Y></Vertex>
	<Vertex>
	<X>-2.076602</X>
	<Y>20.085341</Y></Vertex>
	<Vertex>
	<X>-2.708051</X>
	<Y>20.002044</Y></Vertex>
	<Vertex>
	<X>-3.327869</X>
	<Y>19.900179</Y></Vertex>
	<Vertex>
	<X>-3.385481</X>
	<Y>20.220149</Y></Vertex>
	<Vertex>
	<X>-3.628952</X>
	<Y>20.174725</Y></Vertex>
	<Vertex>
	<X>-3.567322</X>
	<Y>19.855518</Y></Vertex>
	<Vertex>
	<X>-3.872128</X>
	<Y>19.794189</Y></Vertex>
	<Vertex>
	<X>-3.938719</X>
	<Y>20.112413</Y></Vertex>
	<Vertex>
	<X>-4.770857</X>
	<Y>19.919945</Y></Vertex>
	<Vertex>
	<X>-4.690952</X>
	<Y>19.604801</Y></Vertex>
	<Vertex>
	<X>-5.107079</X>
	<Y>19.494513</Y></Vertex>
	<Vertex>
	<X>-5.193750</X>
	<Y>19.807865</Y></Vertex>
	<Vertex>
	<X>-5.673677</X>
	<Y>19.668725</Y></Vertex>
	<Vertex>
	<X>-5.581596</X>
	<Y>19.356861</Y></Vertex>
	<Vertex>
	<X>-6.119440</X>
	<Y>19.185429</Y></Vertex>
	<Vertex>
	<X>-6.703309</X>
	<Y>18.979996</Y></Vertex>
	<Vertex>
	<X>-6.815678</X>
	<Y>19.285077</Y></Vertex>
	<Vertex>
	<X>-6.982186</X>
	<Y>19.222797</Y></Vertex>
	<Vertex>
	<X>-6.866681</X>
	<Y>18.919038</Y></Vertex>
	<Vertex>
	<X>-7.443328</X>
	<Y>18.689908</Y></Vertex>
	<Vertex>
	<X>-8.011539</X>
	<Y>18.443637</Y></Vertex>
	<Vertex>
	<X>-8.145436</X>
	<Y>18.739905</Y></Vertex>
	<Vertex>
	<X>-8.895329</X>
	<Y>18.382356</Y></Vertex>
	<Vertex>
	<X>-8.749433</X>
	<Y>18.091809</Y></Vertex>
	<Vertex>
	<X>-9.148786</X>
	<Y>17.885622</Y></Vertex>
	<Vertex>
	<X>-9.301175</X>
	<Y>18.172817</Y></Vertex>
	<Vertex>
	<X>-9.620059</X>
	<Y>17.998288</Y></Vertex>
	<Vertex>
	<X>-10.447293</X>
	<Y>17.516061</Y></Vertex>
	<Vertex>
	<X>-10.276566</X>
	<Y>17.239373</Y></Vertex>
	<Vertex>
	<X>-10.656375</X>
	<Y>16.999076</Y></Vertex>
	<Vertex>
	<X>-10.833278</X>
	<Y>17.271857</Y></Vertex>
	<Vertex>
	<X>-11.142737</X>
	<Y>17.067125</Y></Vertex>
	<Vertex>
	<X>-10.960756</X>
	<Y>16.797944</Y></Vertex>
	<Vertex>
	<X>-11.469551</X>
	<Y>16.442773</Y></Vertex>
	<Vertex>
	<X>-11.966243</X>
	<Y>16.072896</Y></Vertex>
	<Vertex>
	<X>-12.164444</X>
	<Y>16.330609</Y></Vertex>
	<Vertex>
	<X>-12.451000</X>
	<Y>16.106121</Y></Vertex>
	<Vertex>
	<X>-12.248213</X>
	<Y>15.851993</Y></Vertex>
	<Vertex>
	<X>-12.536311</X>
	<Y>15.617681</Y></Vertex>
	<Vertex>
	<X>-12.743782</X>
	<Y>15.868001</Y></Vertex>
	<Vertex>
	<X>-12.793546</X>
	<Y>15.826404</Y></Vertex>
	<Vertex>
	<X>-13.147197</X>
	<Y>15.523141</Y></Vertex>
	<Vertex>
	<X>-12.933270</X>
	<Y>15.278345</Y></Vertex>
	<Vertex>
	<X>-13.227509</X>
	<Y>15.015508</Y></Vertex>
	<Vertex>
	<X>-13.446219</X>
	<Y>15.256032</Y></Vertex>
	<Vertex>
	<X>-13.819600</X>
	<Y>14.909981</Y></Vertex>
	<Vertex>
	<X>-13.595793</X>
	<Y>14.674190</Y></Vertex>
	<Vertex>
	<X>-14.029645</X>
	<Y>14.246441</Y></Vertex>
	<Vertex>
	<X>-14.434415</X>
	<Y>13.822900</Y></Vertex>
	<Vertex>
	<X>-14.672452</X>
	<Y>14.044213</Y></Vertex>
	<Vertex>
	<X>-14.808302</X>
	<Y>13.896241</Y></Vertex>
	<Vertex>
	<X>-14.567728</X>
	<Y>13.677410</Y></Vertex>
	<Vertex>
	<X>-14.981655</X>
	<Y>13.208099</Y></Vertex>
	<Vertex>
	<X>-15.338975</X>
	<Y>12.777646</Y></Vertex>
	<Vertex>
	<X>-15.591173</X>
	<Y>12.982811</Y></Vertex>
	<Vertex>
	<X>-15.710113</X>
	<Y>12.833987</Y></Vertex>
	<Vertex>
	<X>-16.922319</X>
	<Y>11.128867</Y></Vertex>
	<Vertex>
	<X>-17.952777</X>
	<Y>9.308145</Y></Vertex>
	<Vertex>
	<X>-18.774893</X>
	<Y>7.425313</Y></Vertex>
	<Vertex>
	<X>-18.472199</X>
	<Y>7.310535</Y></Vertex>
	<Vertex>
	<X>-18.855158</X>
	<Y>6.206105</Y></Vertex>
	<Vertex>
	<X>-19.126785</X>
	<Y>5.256991</Y></Vertex>
	<Vertex>
	<X>-19.441420</X>
	<Y>5.338839</Y></Vertex>
	<Vertex>
	<X>-19.648656</X>
	<Y>4.455541</Y></Vertex>
	<Vertex>
	<X>-19.331232</X>
	<Y>4.389735</Y></Vertex>
	<Vertex>
	<X>-19.431899</X>
	<Y>3.881309</Y></Vertex>
	<Vertex>
	<X>-19.676722</X>
	<Y>2.144557</Y></Vertex>
	<Vertex>
	<X>-20.001195</X>
	<Y>2.175905</Y></Vertex>
	<Vertex>
	<X>-20.058996</X>
	<Y>1.450514</Y></Vertex>
	<Vertex>
	<X>-20.082196</X>
	<Y>0.926231</Y></Vertex>
	<Vertex>
	<X>-19.758199</X>
	<Y>0.915033</Y></Vertex>
	<Vertex>
	<X>-19.768080</X>
	<Y>0.481870</Y></Vertex>
	<Vertex>
	<X>-19.718225</X>
	<Y>-1.204395</Y></Vertex>
	<Vertex>
	<X>-20.043730</X>
	<Y>-1.227671</Y></Vertex>
	<Vertex>
	<X>-20.020791</X>
	<Y>-1.531377</Y></Vertex>
	<Vertex>
	<X>-19.924453</X>
	<Y>-2.398907</Y></Vertex>
	<Vertex>
	<X>-19.914441</X>
	<Y>-2.474721</Y></Vertex>
	<Vertex>
	<X>-19.593377</X>
	<Y>-2.429933</Y></Vertex>
	<Vertex>
	<X>-19.516117</X>
	<Y>-2.949015</Y></Vertex>
	<Vertex>
	<X>-19.160723</X>
	<Y>-4.671895</Y></Vertex>
	<Vertex>
	<X>-19.476791</X>
	<Y>-4.751692</Y></Vertex>
	<Vertex>
	<X>-19.426803</X>
	<Y>-4.951716</Y></Vertex>
	<Vertex>
	<X>-18.790565</X>
	<Y>-6.944723</Y></Vertex>
	<Vertex>
	<X>-18.696226</X>
	<Y>-7.185708</Y></Vertex>
	<Vertex>
	<X>-18.393003</X>
	<Y>-7.068417</Y></Vertex>
	<Vertex>
	<X>-18.221649</X>
	<Y>-7.495071</Y></Vertex>
	<Vertex>
	<X>-18.521565</X>
	<Y>-7.620571</Y></Vertex>
	<Vertex>
	<X>-18.042313</X>
	<Y>-8.679768</Y></Vertex>
	<Vertex>
	<X>-17.750065</X>
	<Y>-8.537319</Y></Vertex>
	<Vertex>
	<X>-17.552387</X>
	<Y>-8.929090</Y></Vertex>
	<Vertex>
	<X>-17.841420</X>
	<Y>-9.077909</Y></Vertex>
	<Vertex>
	<X>-17.735485</X>
	<Y>-9.284059</Y></Vertex>
	<Vertex>
	<X>-17.448146</X>
	<Y>-9.131944</Y></Vertex>
	<Vertex>
	<X>-17.287964</X>
	<Y>-9.428451</Y></Vertex>
	<Vertex>
	<X>-17.572697</X>
	<Y>-9.585387</Y></Vertex>
	<Vertex>
	<X>-17.217766</X>
	<Y>-10.203453</Y></Vertex>
	<Vertex>
	<X>-16.938710</X>
	<Y>-10.036627</Y></Vertex>
	<Vertex>
	<X>-16.702532</X>
	<Y>-10.421861</Y></Vertex>
	<Vertex>
	<X>-16.977692</X>
	<Y>-10.594917</Y></Vertex>
	<Vertex>
	<X>-16.633554</X>
	<Y>-11.123705</Y></Vertex>
	<Vertex>
	<X>-16.363845</X>
	<Y>-10.942154</Y></Vertex>
	<Vertex>
	<X>-16.164285</X>
	<Y>-11.233044</Y></Vertex>
	<Vertex>
	<X>-16.430749</X>
	<Y>-11.419325</Y></Vertex>
	<Vertex>
	<X>-16.090256</X>
	<Y>-11.891795</Y></Vertex>
	<Vertex>
	<X>-15.828015</X>
	<Y>-11.699559</Y></Vertex>
	<Vertex>
	<X>-15.440158</X>
	<Y>-12.204763</Y></Vertex>
	<Vertex>
	<X>-15.042029</X>
	<Y>-12.690604</Y></Vertex>
	<Vertex>
	<X>-15.290326</X>
	<Y>-12.900484</Y></Vertex>
	<Vertex>
	<X>-15.129249</X>
	<Y>-13.088624</Y></Vertex>
	<Vertex>
	<X>-14.883621</X>
	<Y>-12.875645</Y></Vertex>
	<Vertex>
	<X>-14.678106</X>
	<Y>-13.108951</Y></Vertex>
	<Vertex>
	<X>-14.920404</X>
	<Y>-13.325734</Y></Vertex>
	<Vertex>
	<X>-14.337653</X>
	<Y>-13.950153</Y></Vertex>
	<Vertex>
	<X>-14.104679</X>
	<Y>-13.723379</Y></Vertex>
	<Vertex>
	<X>-13.801103</X>
	<Y>-14.028611</Y></Vertex>
	<Vertex>
	<X>-14.029140</X>
	<Y>-14.260348</Y></Vertex>
	<Vertex>
	<X>-13.668676</X>
	<Y>-14.606406</Y></Vertex>
	<Vertex>
	<X>-13.444637</X>
	<Y>-14.370731</Y></Vertex>
	<Vertex>
	<X>-13.027248</X>
	<Y>-14.750801</Y></Vertex>
	<Vertex>
	<X>-12.557409</X>
	<Y>-15.153732</Y></Vertex>
	<Vertex>
	<X>-12.765426</X>
	<Y>-15.403584</Y></Vertex>
	<Vertex>
	<X>-12.628240</X>
	<Y>-15.516645</Y></Vertex>
	<Vertex>
	<X>-12.422940</X>
	<Y>-15.264750</Y></Vertex>
	<Vertex>
	<X>-11.936177</X>
	<Y>-15.649562</Y></Vertex>
	<Vertex>
	<X>-11.438793</X>
	<Y>-16.018510</Y></Vertex>
	<Vertex>
	<X>-11.628418</X>
	<Y>-16.282603</Y></Vertex>
	<Vertex>
	<X>-10.943823</X>
	<Y>-16.753253</Y></Vertex>
	<Vertex>
	<X>-10.765151</X>
	<Y>-16.481631</Y></Vertex>
	<Vertex>
	<X>-10.386913</X>
	<Y>-16.724387</Y></Vertex>
	<Vertex>
	<X>-10.559434</X>
	<Y>-16.999959</Y></Vertex>
	<Vertex>
	<X>-9.417607</X>
	<Y>-17.664148</Y></Vertex>
	<Vertex>
	<X>-9.263354</X>
	<Y>-17.377950</Y></Vertex>
	<Vertex>
	<X>-8.865350</X>
	<Y>-17.586728</Y></Vertex>
	<Vertex>
	<X>-9.013131</X>
	<Y>-17.876318</Y></Vertex>
	<Vertex>
	<X>-8.681097</X>
	<Y>-18.041951</Y></Vertex>
	<Vertex>
	<X>-8.538958</X>
	<Y>-17.749731</Y></Vertex>
	<Vertex>
	<X>-7.976986</X>
	<Y>-18.012807</Y></Vertex>
	<Vertex>
	<X>-7.408315</X>
	<Y>-18.258011</Y></Vertex>
	<Vertex>
	<X>-7.532404</X>
	<Y>-18.558519</Y></Vertex>
	<Vertex>
	<X>-7.194709</X>
	<Y>-18.694437</Y></Vertex>
	<Vertex>
	<X>-7.076022</X>
	<Y>-18.391755</Y></Vertex>
	<Vertex>
	<X>-6.729057</X>
	<Y>-18.524101</Y></Vertex>
	<Vertex>
	<X>-6.842102</X>
	<Y>-18.828936</Y></Vertex>
	<Vertex>
	<X>-6.341738</X>
	<Y>-19.005873</Y></Vertex>
	<Vertex>
	<X>-6.236698</X>
	<Y>-18.698208</Y></Vertex>
	<Vertex>
	<X>-5.978215</X>
	<Y>-18.781572</Y></Vertex>
	<Vertex>
	<X>-5.861957</X>
	<Y>-18.821607</Y></Vertex>
	<Vertex>
	<X>-5.960902</X>
	<Y>-19.131280</Y></Vertex>
	<Vertex>
	<X>-5.474526</X>
	<Y>-19.281614</Y></Vertex>
	<Vertex>
	<X>-5.382226</X>
	<Y>-18.969893</Y></Vertex>
	<Vertex>
	<X>-4.794860</X>
	<Y>-19.131746</Y></Vertex>
	<Vertex>
	<X>-4.225677</X>
	<Y>-19.270521</Y></Vertex>
	<Vertex>
	<X>-4.298318</X>
	<Y>-19.587316</Y></Vertex>
	<Vertex>
	<X>-4.102247</X>
	<Y>-19.630984</Y></Vertex>
	<Vertex>
	<X>-4.033021</X>
	<Y>-19.313226</Y></Vertex>
	<Vertex>
	<X>-3.419619</X>
	<Y>-19.437039</Y></Vertex>
	<Vertex>
	<X>-2.868179</X>
	<Y>-19.531261</Y></Vertex>
	<Vertex>
	<X>-2.919760</X>
	<Y>-19.852254</Y></Vertex>
	<Vertex>
	<X>-1.345006</X>
	<Y>-20.036196</Y></Vertex>
	<Vertex>
	<X>0.746397</X>
	<Y>-20.090063</Y></Vertex></VertexList>
	<Slice>
	<Region>
	<Tag>main</Tag>
	<contourTraj>2</contourTraj>
	<hatchTraj>3</hatchTraj>
	<Type>Outer</Type>
	<Edge>
	<Start>1</Start>
	<End>2</End>
	<Normal>
	<Nx>0</Nx>
	<Ny>0</Ny>
	<Nz>0</Nz></Normal></Edge>
	<Edge>
	<Start>2</Start>
	<End>3</End>
	<Normal>
	<Nx>0</Nx>
	<Ny>0</Ny>
	<Nz>0</Nz></Normal></Edge>
	<Edge>
	<Start>3</Start>
	<End>4</End>
	<Normal>
	<Nx>0</Nx>
	<Ny>0</Ny>
	<Nz>0</Nz></Normal></Edge>
	<Edge>
	<Start>4</Start>
	<End>5</End>
	<Normal>
	<Nx>0</Nx>
	<Ny>0</Ny>
	<Nz>0</Nz></Normal></Edge>
	<Edge>
	<Start>5</Start>
	<End>6</End>
	<Normal>
	<Nx>0</Nx>
	<Ny>0</Ny>
	<Nz>0</Nz></Normal></Edge>
	<Edge>
	<Start>6</Start>
	<End>7</End>
	<Normal>
	<Nx>0</Nx>
	<Ny>0</Ny>
	<Nz>0</Nz></Normal></Edge>
	<Edge>
	<Start>7</Start>
	<End>8</End>
	<Normal>
	<Nx>0</Nx>
	<Ny>0</Ny>
	<Nz>0</Nz></Normal></Edge>
	<Edge>
	<Start>8</Start>
	<End>9</End>
	<Normal>
	<Nx>0</Nx>
	<Ny>0</Ny>
	<Nz>0</Nz></Normal></Edge>
	<Edge>
	<Start>9</Start>
	<End>10</End>
	<Normal>
	<Nx>0</Nx>
	<Ny>0</Ny>
	<Nz>0</Nz></Normal></Edge>
	<Edge>
	<Start>10</Start>
	<End>11</End>
	<Normal>
	<Nx>0</Nx>
	<Ny>0</Ny>
	<Nz>0</Nz></Normal></Edge>
	<Edge>
	<Start>11</Start>
	<End>12</End>
	<Normal>
	<Nx>0</Nx>
	<Ny>0</Ny>
	<Nz>0</Nz></Normal></Edge>
	<Edge>
	<Start>12</Start>
	<End>13</End>
	<Normal>
	<Nx>0</Nx>
	<Ny>0</Ny>
	<Nz>0</Nz></Normal></Edge>
	<Edge>
	<Start>13</Start>
	<End>14</End>
	<Normal>
	<Nx>0</Nx>
	<Ny>0</Ny>
	<Nz>0</Nz></Normal></Edge>
	<Edge>
	<Start>14</Start>
	<End>15</End>
	<Normal>
	<Nx>0</Nx>
	<Ny>0</Ny>
	<Nz>0</Nz></Normal></Edge>
	<Edge>
	<Start>15</Start>
	<End>16</End>
	<Normal>
	<Nx>0</Nx>
	<Ny>0</Ny>
	<Nz>0</Nz></Normal></Edge>
	<Edge>
	<Start>16</Start>
	<End>17</End>
	<Normal>
	<Nx>0</Nx>
	<Ny>0</Ny>
	<Nz>0</Nz></Normal></Edge>
	<Edge>
	<Start>17</Start>
	<End>18</End>
	<Normal>
	<Nx>0</Nx>
	<Ny>0</Ny>
	<Nz>0</Nz></Normal></Edge>
	<Edge>
	<Start>18</Start>
	<End>19</End>
	<Normal>
	<Nx>0</Nx>
	<Ny>0</Ny>
	<Nz>0</Nz></Normal></Edge>
	<Edge>
	<Start>19</Start>
	<End>20</End>
	<Normal>
	<Nx>0</Nx>
	<Ny>0</Ny>
	<Nz>0</Nz></Normal></Edge>
	<Edge>
	<Start>20</Start>
	<End>21</End>
	<Normal>
	<Nx>0</Nx>
	<Ny>0</Ny>
	<Nz>0</Nz></Normal></Edge>
	<Edge>
	<Start>21</Start>
	<End>22</End>
	<Normal>
	<Nx>0</Nx>
	<Ny>0</Ny>
	<Nz>0</Nz></Normal></Edge>
	<Edge>
	<Start>22</Start>
	<End>23</End>
	<Normal>
	<Nx>0</Nx>
	<Ny>0</Ny>
	<Nz>0</Nz></Normal></Edge>
	<Edge>
	<Start>23</Start>
	<End>24</End>
	<Normal>
	<Nx>0</Nx>
	<Ny>0</Ny>
	<Nz>0</Nz></Normal></Edge>
	<Edge>
	<Start>24</Start>
	<End>25</End>
	<Normal>
	<Nx>0</Nx>
	<Ny>0</Ny>
	<Nz>0</Nz></Normal></Edge>
	<Edge>
	<Start>25</Start>
	<End>26</End>
	<Normal>
	<Nx>0</Nx>
	<Ny>0</Ny>
	<Nz>0</Nz></Normal></Edge>
	<Edge>
	<Start>26</Start>
	<End>27</End>
	<Normal>
	<Nx>0</Nx>
	<Ny>0</Ny>
	<Nz>0</Nz></Normal></Edge>
	<Edge>
	<Start>27</Start>
	<End>28</End>
	<Normal>
	<Nx>0</Nx>
	<Ny>0</Ny>
	<Nz>0</Nz></Normal></Edge>
	<Edge>
	<Start>28</Start>
	<End>29</End>
	<Normal>
	<Nx>0</Nx>
	<Ny>0</Ny>
	<Nz>0</Nz></Normal></Edge>
	<Edge>
	<Start>29</Start>
	<End>30</End>
	<Normal>
	<Nx>0</Nx>
	<Ny>0</Ny>
	<Nz>0</Nz></Normal></Edge>
	<Edge>
	<Start>30</Start>
	<End>31</End>
	<Normal>
	<Nx>0</Nx>
	<Ny>0</Ny>
	<Nz>0</Nz></Normal></Edge>
	<Edge>
	<Start>31</Start>
	<End>32</End>
	<Normal>
	<Nx>0</Nx>
	<Ny>0</Ny>
	<Nz>0</Nz></Normal></Edge>
	<Edge>
	<Start>32</Start>
	<End>33</End>
	<Normal>
	<Nx>0</Nx>
	<Ny>0</Ny>
	<Nz>0</Nz></Normal></Edge>
	<Edge>
	<Start>33</Start>
	<End>34</End>
	<Normal>
	<Nx>0</Nx>
	<Ny>0</Ny>
	<Nz>0</Nz></Normal></Edge>
	<Edge>
	<Start>34</Start>
	<End>35</End>
	<Normal>
	<Nx>0</Nx>
	<Ny>0</Ny>
	<Nz>0</Nz></Normal></Edge>
	<Edge>
	<Start>35</Start>
	<End>36</End>
	<Normal>
	<Nx>0</Nx>
	<Ny>0</Ny>
	<Nz>0</Nz></Normal></Edge>
	<Edge>
	<Start>36</Start>
	<End>37</End>
	<Normal>
	<Nx>0</Nx>
	<Ny>0</Ny>
	<Nz>0</Nz></Normal></Edge>
	<Edge>
	<Start>37</Start>
	<End>38</End>
	<Normal>
	<Nx>0</Nx>
	<Ny>0</Ny>
	<Nz>0</Nz></Normal></Edge>
	<Edge>
	<Start>38</Start>
	<End>39</End>
	<Normal>
	<Nx>0</Nx>
	<Ny>0</Ny>
	<Nz>0</Nz></Normal></Edge>
	<Edge>
	<Start>39</Start>
	<End>40</End>
	<Normal>
	<Nx>0</Nx>
	<Ny>0</Ny>
	<Nz>0</Nz></Normal></Edge>
	<Edge>
	<Start>40</Start>
	<End>41</End>
	<Normal>
	<Nx>0</Nx>
	<Ny>0</Ny>
	<Nz>0</Nz></Normal></Edge>
	<Edge>
	<Start>41</Start>
	<End>42</End>
	<Normal>
	<Nx>0</Nx>
	<Ny>0</Ny>
	<Nz>0</Nz></Normal></Edge>
	<Edge>
	<Start>42</Start>
	<End>43</End>
	<Normal>
	<Nx>0</Nx>
	<Ny>0</Ny>
	<Nz>0</Nz></Normal></Edge>
	<Edge>
	<Start>43</Start>
	<End>44</End>
	<Normal>
	<Nx>0</Nx>
	<Ny>0</Ny>
	<Nz>0</Nz></Normal></Edge>
	<Edge>
	<Start>44</Start>
	<End>45</End>
	<Normal>
	<Nx>0</Nx>
	<Ny>0</Ny>
	<Nz>0</Nz></Normal></Edge>
	<Edge>
	<Start>45</Start>
	<End>46</End>
	<Normal>
	<Nx>0</Nx>
	<Ny>0</Ny>
	<Nz>0</Nz></Normal></Edge>
	<Edge>
	<Start>46</Start>
	<End>47</End>
	<Normal>
	<Nx>0</Nx>
	<Ny>0</Ny>
	<Nz>0</Nz></Normal></Edge>
	<Edge>
	<Start>47</Start>
	<End>48</End>
	<Normal>
	<Nx>0</Nx>
	<Ny>0</Ny>
	<Nz>0</Nz></Normal></Edge>
	<Edge>
	<Start>48</Start>
	<End>49</End>
	<Normal>
	<Nx>0</Nx>
	<Ny>0</Ny>
	<Nz>0</Nz></Normal></Edge>
	<Edge>
	<Start>49</Start>
	<End>50</End>
	<Normal>
	<Nx>0</Nx>
	<Ny>0</Ny>
	<Nz>0</Nz></Normal></Edge>
	<Edge>
	<Start>50</Start>
	<End>51</End>
	<Normal>
	<Nx>0</Nx>
	<Ny>0</Ny>
	<Nz>0</Nz></Normal></Edge>
	<Edge>
	<Start>51</Start>
	<End>52</End>
	<Normal>
	<Nx>0</Nx>
	<Ny>0</Ny>
	<Nz>0</Nz></Normal></Edge>
	<Edge>
	<Start>52</Start>
	<End>53</End>
	<Normal>
	<Nx>0</Nx>
	<Ny>0</Ny>
	<Nz>0</Nz></Normal></Edge>
	<Edge>
	<Start>53</Start>
	<End>54</End>
	<Normal>
	<Nx>0</Nx>
	<Ny>0</Ny>
	<Nz>0</Nz></Normal></Edge>
	<Edge>
	<Start>54</Start>
	<End>55</End>
	<Normal>
	<Nx>0</Nx>
	<Ny>0</Ny>
	<Nz>0</Nz></Normal></Edge>
	<Edge>
	<Start>55</Start>
	<End>56</End>
	<Normal>
	<Nx>0</Nx>
	<Ny>0</Ny>
	<Nz>0</Nz></Normal></Edge>
	<Edge>
	<Start>56</Start>
	<End>57</End>
	<Normal>
	<Nx>0</Nx>
	<Ny>0</Ny>
	<Nz>0</Nz></Normal></Edge>
	<Edge>
	<Start>57</Start>
	<End>58</End>
	<Normal>
	<Nx>0</Nx>
	<Ny>0</Ny>
	<Nz>0</Nz></Normal></Edge>
	<Edge>
	<Start>58</Start>
	<End>59</End>
	<Normal>
	<Nx>0</Nx>
	<Ny>0</Ny>
	<Nz>0</Nz></Normal></Edge>
	<Edge>
	<Start>59</Start>
	<End>60</End>
	<Normal>
	<Nx>0</Nx>
	<Ny>0</Ny>
	<Nz>0</Nz></Normal></Edge>
	<Edge>
	<Start>60</Start>
	<End>61</End>
	<Normal>
	<Nx>0</Nx>
	<Ny>0</Ny>
	<Nz>0</Nz></Normal></Edge>
	<Edge>
	<Start>61</Start>
	<End>62</End>
	<Normal>
	<Nx>0</Nx>
	<Ny>0</Ny>
	<Nz>0</Nz></Normal></Edge>
	<Edge>
	<Start>62</Start>
	<End>63</End>
	<Normal>
	<Nx>0</Nx>
	<Ny>0</Ny>
	<Nz>0</Nz></Normal></Edge>
	<Edge>
	<Start>63</Start>
	<End>64</End>
	<Normal>
	<Nx>0</Nx>
	<Ny>0</Ny>
	<Nz>0</Nz></Normal></Edge>
	<Edge>
	<Start>64</Start>
	<End>65</End>
	<Normal>
	<Nx>0</Nx>
	<Ny>0</Ny>
	<Nz>0</Nz></Normal></Edge>
	<Edge>
	<Start>65</Start>
	<End>66</End>
	<Normal>
	<Nx>0</Nx>
	<Ny>0</Ny>
	<Nz>0</Nz></Normal></Edge>
	<Edge>
	<Start>66</Start>
	<End>67</End>
	<Normal>
	<Nx>0</Nx>
	<Ny>0</Ny>
	<Nz>0</Nz></Normal></Edge>
	<Edge>
	<Start>67</Start>
	<End>68</End>
	<Normal>
	<Nx>0</Nx>
	<Ny>0</Ny>
	<Nz>0</Nz></Normal></Edge>
	<Edge>
	<Start>68</Start>
	<End>69</End>
	<Normal>
	<Nx>0</Nx>
	<Ny>0</Ny>
	<Nz>0</Nz></Normal></Edge>
	<Edge>
	<Start>69</Start>
	<End>70</End>
	<Normal>
	<Nx>0</Nx>
	<Ny>0</Ny>
	<Nz>0</Nz></Normal></Edge>
	<Edge>
	<Start>70</Start>
	<End>71</End>
	<Normal>
	<Nx>0</Nx>
	<Ny>0</Ny>
	<Nz>0</Nz></Normal></Edge>
	<Edge>
	<Start>71</Start>
	<End>72</End>
	<Normal>
	<Nx>0</Nx>
	<Ny>0</Ny>
	<Nz>0</Nz></Normal></Edge>
	<Edge>
	<Start>72</Start>
	<End>73</End>
	<Normal>
	<Nx>0</Nx>
	<Ny>0</Ny>
	<Nz>0</Nz></Normal></Edge>
	<Edge>
	<Start>73</Start>
	<End>74</End>
	<Normal>
	<Nx>0</Nx>
	<Ny>0</Ny>
	<Nz>0</Nz></Normal></Edge>
	<Edge>
	<Start>74</Start>
	<End>75</End>
	<Normal>
	<Nx>0</Nx>
	<Ny>0</Ny>
	<Nz>0</Nz></Normal></Edge>
	<Edge>
	<Start>75</Start>
	<End>76</End>
	<Normal>
	<Nx>0</Nx>
	<Ny>0</Ny>
	<Nz>0</Nz></Normal></Edge>
	<Edge>
	<Start>76</Start>
	<End>77</End>
	<Normal>
	<Nx>0</Nx>
	<Ny>0</Ny>
	<Nz>0</Nz></Normal></Edge>
	<Edge>
	<Start>77</Start>
	<End>78</End>
	<Normal>
	<Nx>0</Nx>
	<Ny>0</Ny>
	<Nz>0</Nz></Normal></Edge>
	<Edge>
	<Start>78</Start>
	<End>79</End>
	<Normal>
	<Nx>0</Nx>
	<Ny>0</Ny>
	<Nz>0</Nz></Normal></Edge>
	<Edge>
	<Start>79</Start>
	<End>80</End>
	<Normal>
	<Nx>0</Nx>
	<Ny>0</Ny>
	<Nz>0</Nz></Normal></Edge>
	<Edge>
	<Start>80</Start>
	<End>81</End>
	<Normal>
	<Nx>0</Nx>
	<Ny>0</Ny>
	<Nz>0</Nz></Normal></Edge>
	<Edge>
	<Start>81</Start>
	<End>82</End>
	<Normal>
	<Nx>0</Nx>
	<Ny>0</Ny>
	<Nz>0</Nz></Normal></Edge>
	<Edge>
	<Start>82</Start>
	<End>83</End>
	<Normal>
	<Nx>0</Nx>
	<Ny>0</Ny>
	<Nz>0</Nz></Normal></Edge>
	<Edge>
	<Start>83</Start>
	<End>84</End>
	<Normal>
	<Nx>0</Nx>
	<Ny>0</Ny>
	<Nz>0</Nz></Normal></Edge>
	<Edge>
	<Start>84</Start>
	<End>85</End>
	<Normal>
	<Nx>0</Nx>
	<Ny>0</Ny>
	<Nz>0</Nz></Normal></Edge>
	<Edge>
	<Start>85</Start>
	<End>86</End>
	<Normal>
	<Nx>0</Nx>
	<Ny>0</Ny>
	<Nz>0</Nz></Normal></Edge>
	<Edge>
	<Start>86</Start>
	<End>87</End>
	<Normal>
	<Nx>0</Nx>
	<Ny>0</Ny>
	<Nz>0</Nz></Normal></Edge>
	<Edge>
	<Start>87</Start>
	<End>88</End>
	<Normal>
	<Nx>0</Nx>
	<Ny>0</Ny>
	<Nz>0</Nz></Normal></Edge>
	<Edge>
	<Start>88</Start>
	<End>89</End>
	<Normal>
	<Nx>0</Nx>
	<Ny>0</Ny>
	<Nz>0</Nz></Normal></Edge>
	<Edge>
	<Start>89</Start>
	<End>90</End>
	<Normal>
	<Nx>0</Nx>
	<Ny>0</Ny>
	<Nz>0</Nz></Normal></Edge>
	<Edge>
	<Start>90</Start>
	<End>91</End>
	<Normal>
	<Nx>0</Nx>
	<Ny>0</Ny>
	<Nz>0</Nz></Normal></Edge>
	<Edge>
	<Start>91</Start>
	<End>92</End>
	<Normal>
	<Nx>0</Nx>
	<Ny>0</Ny>
	<Nz>0</Nz></Normal></Edge>
	<Edge>
	<Start>92</Start>
	<End>93</End>
	<Normal>
	<Nx>0</Nx>
	<Ny>0</Ny>
	<Nz>0</Nz></Normal></Edge>
	<Edge>
	<Start>93</Start>
	<End>94</End>
	<Normal>
	<Nx>0</Nx>
	<Ny>0</Ny>
	<Nz>0</Nz></Normal></Edge>
	<Edge>
	<Start>94</Start>
	<End>95</End>
	<Normal>
	<Nx>0</Nx>
	<Ny>0</Ny>
	<Nz>0</Nz></Normal></Edge>
	<Edge>
	<Start>95</Start>
	<End>96</End>
	<Normal>
	<Nx>0</Nx>
	<Ny>0</Ny>
	<Nz>0</Nz></Normal></Edge>
	<Edge>
	<Start>96</Start>
	<End>97</End>
	<Normal>
	<Nx>0</Nx>
	<Ny>0</Ny>
	<Nz>0</Nz></Normal></Edge>
	<Edge>
	<Start>97</Start>
	<End>98</End>
	<Normal>
	<Nx>0</Nx>
	<Ny>0</Ny>
	<Nz>0</Nz></Normal></Edge>
	<Edge>
	<Start>98</Start>
	<End>99</End>
	<Normal>
	<Nx>0</Nx>
	<Ny>0</Ny>
	<Nz>0</Nz></Normal></Edge>
	<Edge>
	<Start>99</Start>
	<End>100</End>
	<Normal>
	<Nx>0</Nx>
	<Ny>0</Ny>
	<Nz>0</Nz></Normal></Edge>
	<Edge>
	<Start>100</Start>
	<End>101</End>
	<Normal>
	<Nx>0</Nx>
	<Ny>0</Ny>
	<Nz>0</Nz></Normal></Edge>
	<Edge>
	<Start>101</Start>
	<End>102</End>
	<Normal>
	<Nx>0</Nx>
	<Ny>0</Ny>
	<Nz>0</Nz></Normal></Edge>
	<Edge>
	<Start>102</Start>
	<End>103</End>
	<Normal>
	<Nx>0</Nx>
	<Ny>0</Ny>
	<Nz>0</Nz></Normal></Edge>
	<Edge>
	<Start>103</Start>
	<End>104</End>
	<Normal>
	<Nx>0</Nx>
	<Ny>0</Ny>
	<Nz>0</Nz></Normal></Edge>
	<Edge>
	<Start>104</Start>
	<End>105</End>
	<Normal>
	<Nx>0</Nx>
	<Ny>0</Ny>
	<Nz>0</Nz></Normal></Edge>
	<Edge>
	<Start>105</Start>
	<End>106</End>
	<Normal>
	<Nx>0</Nx>
	<Ny>0</Ny>
	<Nz>0</Nz></Normal></Edge>
	<Edge>
	<Start>106</Start>
	<End>107</End>
	<Normal>
	<Nx>0</Nx>
	<Ny>0</Ny>
	<Nz>0</Nz></Normal></Edge>
	<Edge>
	<Start>107</Start>
	<End>108</End>
	<Normal>
	<Nx>0</Nx>
	<Ny>0</Ny>
	<Nz>0</Nz></Normal></Edge>
	<Edge>
	<Start>108</Start>
	<End>109</End>
	<Normal>
	<Nx>0</Nx>
	<Ny>0</Ny>
	<Nz>0</Nz></Normal></Edge>
	<Edge>
	<Start>109</Start>
	<End>110</End>
	<Normal>
	<Nx>0</Nx>
	<Ny>0</Ny>
	<Nz>0</Nz></Normal></Edge>
	<Edge>
	<Start>110</Start>
	<End>111</End>
	<Normal>
	<Nx>0</Nx>
	<Ny>0</Ny>
	<Nz>0</Nz></Normal></Edge>
	<Edge>
	<Start>111</Start>
	<End>112</End>
	<Normal>
	<Nx>0</Nx>
	<Ny>0</Ny>
	<Nz>0</Nz></Normal></Edge>
	<Edge>
	<Start>112</Start>
	<End>113</End>
	<Normal>
	<Nx>0</Nx>
	<Ny>0</Ny>
	<Nz>0</Nz></Normal></Edge>
	<Edge>
	<Start>113</Start>
	<End>114</End>
	<Normal>
	<Nx>0</Nx>
	<Ny>0</Ny>
	<Nz>0</Nz></Normal></Edge>
	<Edge>
	<Start>114</Start>
	<End>115</End>
	<Normal>
	<Nx>0</Nx>
	<Ny>0</Ny>
	<Nz>0</Nz></Normal></Edge>
	<Edge>
	<Start>115</Start>
	<End>116</End>
	<Normal>
	<Nx>0</Nx>
	<Ny>0</Ny>
	<Nz>0</Nz></Normal></Edge>
	<Edge>
	<Start>116</Start>
	<End>117</End>
	<Normal>
	<Nx>0</Nx>
	<Ny>0</Ny>
	<Nz>0</Nz></Normal></Edge>
	<Edge>
	<Start>117</Start>
	<End>118</End>
	<Normal>
	<Nx>0</Nx>
	<Ny>0</Ny>
	<Nz>0</Nz></Normal></Edge>
	<Edge>
	<Start>118</Start>
	<End>119</End>
	<Normal>
	<Nx>0</Nx>
	<Ny>0</Ny>
	<Nz>0</Nz></Normal></Edge>
	<Edge>
	<Start>119</Start>
	<End>120</End>
	<Normal>
	<Nx>0</Nx>
	<Ny>0</Ny>
	<Nz>0</Nz></Normal></Edge>
	<Edge>
	<Start>120</Start>
	<End>121</End>
	<Normal>
	<Nx>0</Nx>
	<Ny>0</Ny>
	<Nz>0</Nz></Normal></Edge>
	<Edge>
	<Start>121</Start>
	<End>122</End>
	<Normal>
	<Nx>0</Nx>
	<Ny>0</Ny>
	<Nz>0</Nz></Normal></Edge>
	<Edge>
	<Start>122</Start>
	<End>123</End>
	<Normal>
	<Nx>0</Nx>
	<Ny>0</Ny>
	<Nz>0</Nz></Normal></Edge>
	<Edge>
	<Start>123</Start>
	<End>124</End>
	<Normal>
	<Nx>0</Nx>
	<Ny>0</Ny>
	<Nz>0</Nz></Normal></Edge>
	<Edge>
	<Start>124</Start>
	<End>125</End>
	<Normal>
	<Nx>0</Nx>
	<Ny>0</Ny>
	<Nz>0</Nz></Normal></Edge>
	<Edge>
	<Start>125</Start>
	<End>126</End>
	<Normal>
	<Nx>0</Nx>
	<Ny>0</Ny>
	<Nz>0</Nz></Normal></Edge>
	<Edge>
	<Start>126</Start>
	<End>127</End>
	<Normal>
	<Nx>0</Nx>
	<Ny>0</Ny>
	<Nz>0</Nz></Normal></Edge>
	<Edge>
	<Start>127</Start>
	<End>128</End>
	<Normal>
	<Nx>0</Nx>
	<Ny>0</Ny>
	<Nz>0</Nz></Normal></Edge>
	<Edge>
	<Start>128</Start>
	<End>129</End>
	<Normal>
	<Nx>0</Nx>
	<Ny>0</Ny>
	<Nz>0</Nz></Normal></Edge>
	<Edge>
	<Start>129</Start>
	<End>130</End>
	<Normal>
	<Nx>0</Nx>
	<Ny>0</Ny>
	<Nz>0</Nz></Normal></Edge>
	<Edge>
	<Start>130</Start>
	<End>131</End>
	<Normal>
	<Nx>0</Nx>
	<Ny>0</Ny>
	<Nz>0</Nz></Normal></Edge>
	<Edge>
	<Start>131</Start>
	<End>132</End>
	<Normal>
	<Nx>0</Nx>
	<Ny>0</Ny>
	<Nz>0</Nz></Normal></Edge>
	<Edge>
	<Start>132</Start>
	<End>133</End>
	<Normal>
	<Nx>0</Nx>
	<Ny>0</Ny>
	<Nz>0</Nz></Normal></Edge>
	<Edge>
	<Start>133</Start>
	<End>134</End>
	<Normal>
	<Nx>0</Nx>
	<Ny>0</Ny>
	<Nz>0</Nz></Normal></Edge>
	<Edge>
	<Start>134</Start>
	<End>135</End>
	<Normal>
	<Nx>0</Nx>
	<Ny>0</Ny>
	<Nz>0</Nz></Normal></Edge>
	<Edge>
	<Start>135</Start>
	<End>136</End>
	<Normal>
	<Nx>0</Nx>
	<Ny>0</Ny>
	<Nz>0</Nz></Normal></Edge>
	<Edge>
	<Start>136</Start>
	<End>137</End>
	<Normal>
	<Nx>0</Nx>
	<Ny>0</Ny>
	<Nz>0</Nz></Normal></Edge>
	<Edge>
	<Start>137</Start>
	<End>138</End>
	<Normal>
	<Nx>0</Nx>
	<Ny>0</Ny>
	<Nz>0</Nz></Normal></Edge>
	<Edge>
	<Start>138</Start>
	<End>139</End>
	<Normal>
	<Nx>0</Nx>
	<Ny>0</Ny>
	<Nz>0</Nz></Normal></Edge>
	<Edge>
	<Start>139</Start>
	<End>140</End>
	<Normal>
	<Nx>0</Nx>
	<Ny>0</Ny>
	<Nz>0</Nz></Normal></Edge>
	<Edge>
	<Start>140</Start>
	<End>141</End>
	<Normal>
	<Nx>0</Nx>
	<Ny>0</Ny>
	<Nz>0</Nz></Normal></Edge>
	<Edge>
	<Start>141</Start>
	<End>142</End>
	<Normal>
	<Nx>0</Nx>
	<Ny>0</Ny>
	<Nz>0</Nz></Normal></Edge>
	<Edge>
	<Start>142</Start>
	<End>143</End>
	<Normal>
	<Nx>0</Nx>
	<Ny>0</Ny>
	<Nz>0</Nz></Normal></Edge>
	<Edge>
	<Start>143</Start>
	<End>144</End>
	<Normal>
	<Nx>0</Nx>
	<Ny>0</Ny>
	<Nz>0</Nz></Normal></Edge>
	<Edge>
	<Start>144</Start>
	<End>145</End>
	<Normal>
	<Nx>0</Nx>
	<Ny>0</Ny>
	<Nz>0</Nz></Normal></Edge>
	<Edge>
	<Start>145</Start>
	<End>146</End>
	<Normal>
	<Nx>0</Nx>
	<Ny>0</Ny>
	<Nz>0</Nz></Normal></Edge>
	<Edge>
	<Start>146</Start>
	<End>147</End>
	<Normal>
	<Nx>0</Nx>
	<Ny>0</Ny>
	<Nz>0</Nz></Normal></Edge>
	<Edge>
	<Start>147</Start>
	<End>148</End>
	<Normal>
	<Nx>0</Nx>
	<Ny>0</Ny>
	<Nz>0</Nz></Normal></Edge>
	<Edge>
	<Start>148</Start>
	<End>149</End>
	<Normal>
	<Nx>0</Nx>
	<Ny>0</Ny>
	<Nz>0</Nz></Normal></Edge>
	<Edge>
	<Start>149</Start>
	<End>150</End>
	<Normal>
	<Nx>0</Nx>
	<Ny>0</Ny>
	<Nz>0</Nz></Normal></Edge>
	<Edge>
	<Start>150</Start>
	<End>151</End>
	<Normal>
	<Nx>0</Nx>
	<Ny>0</Ny>
	<Nz>0</Nz></Normal></Edge>
	<Edge>
	<Start>151</Start>
	<End>152</End>
	<Normal>
	<Nx>0</Nx>
	<Ny>0</Ny>
	<Nz>0</Nz></Normal></Edge>
	<Edge>
	<Start>152</Start>
	<End>153</End>
	<Normal>
	<Nx>0</Nx>
	<Ny>0</Ny>
	<Nz>0</Nz></Normal></Edge>
	<Edge>
	<Start>153</Start>
	<End>154</End>
	<Normal>
	<Nx>0</Nx>
	<Ny>0</Ny>
	<Nz>0</Nz></Normal></Edge>
	<Edge>
	<Start>154</Start>
	<End>155</End>
	<Normal>
	<Nx>0</Nx>
	<Ny>0</Ny>
	<Nz>0</Nz></Normal></Edge>
	<Edge>
	<Start>155</Start>
	<End>156</End>
	<Normal>
	<Nx>0</Nx>
	<Ny>0</Ny>
	<Nz>0</Nz></Normal></Edge>
	<Edge>
	<Start>156</Start>
	<End>157</End>
	<Normal>
	<Nx>0</Nx>
	<Ny>0</Ny>
	<Nz>0</Nz></Normal></Edge>
	<Edge>
	<Start>157</Start>
	<End>158</End>
	<Normal>
	<Nx>0</Nx>
	<Ny>0</Ny>
	<Nz>0</Nz></Normal></Edge>
	<Edge>
	<Start>158</Start>
	<End>159</End>
	<Normal>
	<Nx>0</Nx>
	<Ny>0</Ny>
	<Nz>0</Nz></Normal></Edge>
	<Edge>
	<Start>159</Start>
	<End>160</End>
	<Normal>
	<Nx>0</Nx>
	<Ny>0</Ny>
	<Nz>0</Nz></Normal></Edge>
	<Edge>
	<Start>160</Start>
	<End>161</End>
	<Normal>
	<Nx>0</Nx>
	<Ny>0</Ny>
	<Nz>0</Nz></Normal></Edge>
	<Edge>
	<Start>161</Start>
	<End>162</End>
	<Normal>
	<Nx>0</Nx>
	<Ny>0</Ny>
	<Nz>0</Nz></Normal></Edge>
	<Edge>
	<Start>162</Start>
	<End>163</End>
	<Normal>
	<Nx>0</Nx>
	<Ny>0</Ny>
	<Nz>0</Nz></Normal></Edge>
	<Edge>
	<Start>163</Start>
	<End>164</End>
	<Normal>
	<Nx>0</Nx>
	<Ny>0</Ny>
	<Nz>0</Nz></Normal></Edge>
	<Edge>
	<Start>164</Start>
	<End>165</End>
	<Normal>
	<Nx>0</Nx>
	<Ny>0</Ny>
	<Nz>0</Nz></Normal></Edge>
	<Edge>
	<Start>165</Start>
	<End>166</End>
	<Normal>
	<Nx>0</Nx>
	<Ny>0</Ny>
	<Nz>0</Nz></Normal></Edge>
	<Edge>
	<Start>166</Start>
	<End>167</End>
	<Normal>
	<Nx>0</Nx>
	<Ny>0</Ny>
	<Nz>0</Nz></Normal></Edge>
	<Edge>
	<Start>167</Start>
	<End>168</End>
	<Normal>
	<Nx>0</Nx>
	<Ny>0</Ny>
	<Nz>0</Nz></Normal></Edge>
	<Edge>
	<Start>168</Start>
	<End>169</End>
	<Normal>
	<Nx>0</Nx>
	<Ny>0</Ny>
	<Nz>0</Nz></Normal></Edge>
	<Edge>
	<Start>169</Start>
	<End>170</End>
	<Normal>
	<Nx>0</Nx>
	<Ny>0</Ny>
	<Nz>0</Nz></Normal></Edge>
	<Edge>
	<Start>170</Start>
	<End>171</End>
	<Normal>
	<Nx>0</Nx>
	<Ny>0</Ny>
	<Nz>0</Nz></Normal></Edge>
	<Edge>
	<Start>171</Start>
	<End>172</End>
	<Normal>
	<Nx>0</Nx>
	<Ny>0</Ny>
	<Nz>0</Nz></Normal></Edge>
	<Edge>
	<Start>172</Start>
	<End>173</End>
	<Normal>
	<Nx>0</Nx>
	<Ny>0</Ny>
	<Nz>0</Nz></Normal></Edge>
	<Edge>
	<Start>173</Start>
	<End>174</End>
	<Normal>
	<Nx>0</Nx>
	<Ny>0</Ny>
	<Nz>0</Nz></Normal></Edge>
	<Edge>
	<Start>174</Start>
	<End>175</End>
	<Normal>
	<Nx>0</Nx>
	<Ny>0</Ny>
	<Nz>0</Nz></Normal></Edge>
	<Edge>
	<Start>175</Start>
	<End>176</End>
	<Normal>
	<Nx>0</Nx>
	<Ny>0</Ny>
	<Nz>0</Nz></Normal></Edge>
	<Edge>
	<Start>176</Start>
	<End>177</End>
	<Normal>
	<Nx>0</Nx>
	<Ny>0</Ny>
	<Nz>0</Nz></Normal></Edge>
	<Edge>
	<Start>177</Start>
	<End>178</End>
	<Normal>
	<Nx>0</Nx>
	<Ny>0</Ny>
	<Nz>0</Nz></Normal></Edge>
	<Edge>
	<Start>178</Start>
	<End>179</End>
	<Normal>
	<Nx>0</Nx>
	<Ny>0</Ny>
	<Nz>0</Nz></Normal></Edge>
	<Edge>
	<Start>179</Start>
	<End>180</End>
	<Normal>
	<Nx>0</Nx>
	<Ny>0</Ny>
	<Nz>0</Nz></Normal></Edge>
	<Edge>
	<Start>180</Start>
	<End>181</End>
	<Normal>
	<Nx>0</Nx>
	<Ny>0</Ny>
	<Nz>0</Nz></Normal></Edge>
	<Edge>
	<Start>181</Start>
	<End>182</End>
	<Normal>
	<Nx>0</Nx>
	<Ny>0</Ny>
	<Nz>0</Nz></Normal></Edge>
	<Edge>
	<Start>182</Start>
	<End>183</End>
	<Normal>
	<Nx>0</Nx>
	<Ny>0</Ny>
	<Nz>0</Nz></Normal></Edge>
	<Edge>
	<Start>183</Start>
	<End>184</End>
	<Normal>
	<Nx>0</Nx>
	<Ny>0</Ny>
	<Nz>0</Nz></Normal></Edge>
	<Edge>
	<Start>184</Start>
	<End>185</End>
	<Normal>
	<Nx>0</Nx>
	<Ny>0</Ny>
	<Nz>0</Nz></Normal></Edge>
	<Edge>
	<Start>185</Start>
	<End>186</End>
	<Normal>
	<Nx>0</Nx>
	<Ny>0</Ny>
	<Nz>0</Nz></Normal></Edge>
	<Edge>
	<Start>186</Start>
	<End>187</End>
	<Normal>
	<Nx>0</Nx>
	<Ny>0</Ny>
	<Nz>0</Nz></Normal></Edge>
	<Edge>
	<Start>187</Start>
	<End>188</End>
	<Normal>
	<Nx>0</Nx>
	<Ny>0</Ny>
	<Nz>0</Nz></Normal></Edge>
	<Edge>
	<Start>188</Start>
	<End>189</End>
	<Normal>
	<Nx>0</Nx>
	<Ny>0</Ny>
	<Nz>0</Nz></Normal></Edge>
	<Edge>
	<Start>189</Start>
	<End>190</End>
	<Normal>
	<Nx>0</Nx>
	<Ny>0</Ny>
	<Nz>0</Nz></Normal></Edge>
	<Edge>
	<Start>190</Start>
	<End>191</End>
	<Normal>
	<Nx>0</Nx>
	<Ny>0</Ny>
	<Nz>0</Nz></Normal></Edge>
	<Edge>
	<Start>191</Start>
	<End>192</End>
	<Normal>
	<Nx>0</Nx>
	<Ny>0</Ny>
	<Nz>0</Nz></Normal></Edge>
	<Edge>
	<Start>192</Start>
	<End>193</End>
	<Normal>
	<Nx>0</Nx>
	<Ny>0</Ny>
	<Nz>0</Nz></Normal></Edge>
	<Edge>
	<Start>193</Start>
	<End>194</End>
	<Normal>
	<Nx>0</Nx>
	<Ny>0</Ny>
	<Nz>0</Nz></Normal></Edge>
	<Edge>
	<Start>194</Start>
	<End>195</End>
	<Normal>
	<Nx>0</Nx>
	<Ny>0</Ny>
	<Nz>0</Nz></Normal></Edge>
	<Edge>
	<Start>195</Start>
	<End>196</End>
	<Normal>
	<Nx>0</Nx>
	<Ny>0</Ny>
	<Nz>0</Nz></Normal></Edge>
	<Edge>
	<Start>196</Start>
	<End>197</End>
	<Normal>
	<Nx>0</Nx>
	<Ny>0</Ny>
	<Nz>0</Nz></Normal></Edge>
	<Edge>
	<Start>197</Start>
	<End>198</End>
	<Normal>
	<Nx>0</Nx>
	<Ny>0</Ny>
	<Nz>0</Nz></Normal></Edge>
	<Edge>
	<Start>198</Start>
	<End>199</End>
	<Normal>
	<Nx>0</Nx>
	<Ny>0</Ny>
	<Nz>0</Nz></Normal></Edge>
	<Edge>
	<Start>199</Start>
	<End>200</End>
	<Normal>
	<Nx>0</Nx>
	<Ny>0</Ny>
	<Nz>0</Nz></Normal></Edge>
	<Edge>
	<Start>200</Start>
	<End>201</End>
	<Normal>
	<Nx>0</Nx>
	<Ny>0</Ny>
	<Nz>0</Nz></Normal></Edge>
	<Edge>
	<Start>201</Start>
	<End>202</End>
	<Normal>
	<Nx>0</Nx>
	<Ny>0</Ny>
	<Nz>0</Nz></Normal></Edge>
	<Edge>
	<Start>202</Start>
	<End>203</End>
	<Normal>
	<Nx>0</Nx>
	<Ny>0</Ny>
	<Nz>0</Nz></Normal></Edge>
	<Edge>
	<Start>203</Start>
	<End>204</End>
	<Normal>
	<Nx>0</Nx>
	<Ny>0</Ny>
	<Nz>0</Nz></Normal></Edge>
	<Edge>
	<Start>204</Start>
	<End>205</End>
	<Normal>
	<Nx>0</Nx>
	<Ny>0</Ny>
	<Nz>0</Nz></Normal></Edge>
	<Edge>
	<Start>205</Start>
	<End>206</End>
	<Normal>
	<Nx>0</Nx>
	<Ny>0</Ny>
	<Nz>0</Nz></Normal></Edge>
	<Edge>
	<Start>206</Start>
	<End>207</End>
	<Normal>
	<Nx>0</Nx>
	<Ny>0</Ny>
	<Nz>0</Nz></Normal></Edge>
	<Edge>
	<Start>207</Start>
	<End>208</End>
	<Normal>
	<Nx>0</Nx>
	<Ny>0</Ny>
	<Nz>0</Nz></Normal></Edge>
	<Edge>
	<Start>208</Start>
	<End>209</End>
	<Normal>
	<Nx>0</Nx>
	<Ny>0</Ny>
	<Nz>0</Nz></Normal></Edge>
	<Edge>
	<Start>209</Start>
	<End>210</End>
	<Normal>
	<Nx>0</Nx>
	<Ny>0</Ny>
	<Nz>0</Nz></Normal></Edge>
	<Edge>
	<Start>210</Start>
	<End>211</End>
	<Normal>
	<Nx>0</Nx>
	<Ny>0</Ny>
	<Nz>0</Nz></Normal></Edge>
	<Edge>
	<Start>211</Start>
	<End>212</End>
	<Normal>
	<Nx>0</Nx>
	<Ny>0</Ny>
	<Nz>0</Nz></Normal></Edge>
	<Edge>
	<Start>212</Start>
	<End>213</End>
	<Normal>
	<Nx>0</Nx>
	<Ny>0</Ny>
	<Nz>0</Nz></Normal></Edge>
	<Edge>
	<Start>213</Start>
	<End>214</End>
	<Normal>
	<Nx>0</Nx>
	<Ny>0</Ny>
	<Nz>0</Nz></Normal></Edge>
	<Edge>
	<Start>214</Start>
	<End>215</End>
	<Normal>
	<Nx>0</Nx>
	<Ny>0</Ny>
	<Nz>0</Nz></Normal></Edge>
	<Edge>
	<Start>215</Start>
	<End>216</End>
	<Normal>
	<Nx>0</Nx>
	<Ny>0</Ny>
	<Nz>0</Nz></Normal></Edge>
	<Edge>
	<Start>216</Start>
	<End>217</End>
	<Normal>
	<Nx>0</Nx>
	<Ny>0</Ny>
	<Nz>0</Nz></Normal></Edge>
	<Edge>
	<Start>217</Start>
	<End>218</End>
	<Normal>
	<Nx>0</Nx>
	<Ny>0</Ny>
	<Nz>0</Nz></Normal></Edge>
	<Edge>
	<Start>218</Start>
	<End>219</End>
	<Normal>
	<Nx>0</Nx>
	<Ny>0</Ny>
	<Nz>0</Nz></Normal></Edge>
	<Edge>
	<Start>219</Start>
	<End>220</End>
	<Normal>
	<Nx>0</Nx>
	<Ny>0</Ny>
	<Nz>0</Nz></Normal></Edge>
	<Edge>
	<Start>220</Start>
	<End>221</End>
	<Normal>
	<Nx>0</Nx>
	<Ny>0</Ny>
	<Nz>0</Nz></Normal></Edge>
	<Edge>
	<Start>221</Start>
	<End>222</End>
	<Normal>
	<Nx>0</Nx>
	<Ny>0</Ny>
	<Nz>0</Nz></Normal></Edge>
	<Edge>
	<Start>222</Start>
	<End>223</End>
	<Normal>
	<Nx>0</Nx>
	<Ny>0</Ny>
	<Nz>0</Nz></Normal></Edge>
	<Edge>
	<Start>223</Start>
	<End>224</End>
	<Normal>
	<Nx>0</Nx>
	<Ny>0</Ny>
	<Nz>0</Nz></Normal></Edge>
	<Edge>
	<Start>224</Start>
	<End>225</End>
	<Normal>
	<Nx>0</Nx>
	<Ny>0</Ny>
	<Nz>0</Nz></Normal></Edge>
	<Edge>
	<Start>225</Start>
	<End>226</End>
	<Normal>
	<Nx>0</Nx>
	<Ny>0</Ny>
	<Nz>0</Nz></Normal></Edge>
	<Edge>
	<Start>226</Start>
	<End>227</End>
	<Normal>
	<Nx>0</Nx>
	<Ny>0</Ny>
	<Nz>0</Nz></Normal></Edge>
	<Edge>
	<Start>227</Start>
	<End>228</End>
	<Normal>
	<Nx>0</Nx>
	<Ny>0</Ny>
	<Nz>0</Nz></Normal></Edge>
	<Edge>
	<Start>228</Start>
	<End>229</End>
	<Normal>
	<Nx>0</Nx>
	<Ny>0</Ny>
	<Nz>0</Nz></Normal></Edge>
	<Edge>
	<Start>229</Start>
	<End>230</End>
	<Normal>
	<Nx>0</Nx>
	<Ny>0</Ny>
	<Nz>0</Nz></Normal></Edge>
	<Edge>
	<Start>230</Start>
	<End>231</End>
	<Normal>
	<Nx>0</Nx>
	<Ny>0</Ny>
	<Nz>0</Nz></Normal></Edge>
	<Edge>
	<Start>231</Start>
	<End>232</End>
	<Normal>
	<Nx>0</Nx>
	<Ny>0</Ny>
	<Nz>0</Nz></Normal></Edge>
	<Edge>
	<Start>232</Start>
	<End>233</End>
	<Normal>
	<Nx>0</Nx>
	<Ny>0</Ny>
	<Nz>0</Nz></Normal></Edge>
	<Edge>
	<Start>233</Start>
	<End>234</End>
	<Normal>
	<Nx>0</Nx>
	<Ny>0</Ny>
	<Nz>0</Nz></Normal></Edge>
	<Edge>
	<Start>234</Start>
	<End>235</End>
	<Normal>
	<Nx>0</Nx>
	<Ny>0</Ny>
	<Nz>0</Nz></Normal></Edge>
	<Edge>
	<Start>235</Start>
	<End>236</End>
	<Normal>
	<Nx>0</Nx>
	<Ny>0</Ny>
	<Nz>0</Nz></Normal></Edge>
	<Edge>
	<Start>236</Start>
	<End>237</End>
	<Normal>
	<Nx>0</Nx>
	<Ny>0</Ny>
	<Nz>0</Nz></Normal></Edge>
	<Edge>
	<Start>237</Start>
	<End>238</End>
	<Normal>
	<Nx>0</Nx>
	<Ny>0</Ny>
	<Nz>0</Nz></Normal></Edge>
	<Edge>
	<Start>238</Start>
	<End>239</End>
	<Normal>
	<Nx>0</Nx>
	<Ny>0</Ny>
	<Nz>0</Nz></Normal></Edge>
	<Edge>
	<Start>239</Start>
	<End>240</End>
	<Normal>
	<Nx>0</Nx>
	<Ny>0</Ny>
	<Nz>0</Nz></Normal></Edge>
	<Edge>
	<Start>240</Start>
	<End>241</End>
	<Normal>
	<Nx>0</Nx>
	<Ny>0</Ny>
	<Nz>0</Nz></Normal></Edge>
	<Edge>
	<Start>241</Start>
	<End>242</End>
	<Normal>
	<Nx>0</Nx>
	<Ny>0</Ny>
	<Nz>0</Nz></Normal></Edge>
	<Edge>
	<Start>242</Start>
	<End>243</End>
	<Normal>
	<Nx>0</Nx>
	<Ny>0</Ny>
	<Nz>0</Nz></Normal></Edge>
	<Edge>
	<Start>243</Start>
	<End>244</End>
	<Normal>
	<Nx>0</Nx>
	<Ny>0</Ny>
	<Nz>0</Nz></Normal></Edge>
	<Edge>
	<Start>244</Start>
	<End>245</End>
	<Normal>
	<Nx>0</Nx>
	<Ny>0</Ny>
	<Nz>0</Nz></Normal></Edge>
	<Edge>
	<Start>245</Start>
	<End>246</End>
	<Normal>
	<Nx>0</Nx>
	<Ny>0</Ny>
	<Nz>0</Nz></Normal></Edge>
	<Edge>
	<Start>246</Start>
	<End>247</End>
	<Normal>
	<Nx>0</Nx>
	<Ny>0</Ny>
	<Nz>0</Nz></Normal></Edge>
	<Edge>
	<Start>247</Start>
	<End>248</End>
	<Normal>
	<Nx>0</Nx>
	<Ny>0</Ny>
	<Nz>0</Nz></Normal></Edge>
	<Edge>
	<Start>248</Start>
	<End>249</End>
	<Normal>
	<Nx>0</Nx>
	<Ny>0</Ny>
	<Nz>0</Nz></Normal></Edge>
	<Edge>
	<Start>249</Start>
	<End>250</End>
	<Normal>
	<Nx>0</Nx>
	<Ny>0</Ny>
	<Nz>0</Nz></Normal></Edge>
	<Edge>
	<Start>250</Start>
	<End>251</End>
	<Normal>
	<Nx>0</Nx>
	<Ny>0</Ny>
	<Nz>0</Nz></Normal></Edge>
	<Edge>
	<Start>251</Start>
	<End>252</End>
	<Normal>
	<Nx>0</Nx>
	<Ny>0</Ny>
	<Nz>0</Nz></Normal></Edge>
	<Edge>
	<Start>252</Start>
	<End>253</End>
	<Normal>
	<Nx>0</Nx>
	<Ny>0</Ny>
	<Nz>0</Nz></Normal></Edge>
	<Edge>
	<Start>253</Start>
	<End>254</End>
	<Normal>
	<Nx>0</Nx>
	<Ny>0</Ny>
	<Nz>0</Nz></Normal></Edge>
	<Edge>
	<Start>254</Start>
	<End>255</End>
	<Normal>
	<Nx>0</Nx>
	<Ny>0</Ny>
	<Nz>0</Nz></Normal></Edge>
	<Edge>
	<Start>255</Start>
	<End>256</End>
	<Normal>
	<Nx>0</Nx>
	<Ny>0</Ny>
	<Nz>0</Nz></Normal></Edge>
	<Edge>
	<Start>256</Start>
	<End>257</End>
	<Normal>
	<Nx>0</Nx>
	<Ny>0</Ny>
	<Nz>0</Nz></Normal></Edge>
	<Edge>
	<Start>257</Start>
	<End>258</End>
	<Normal>
	<Nx>0</Nx>
	<Ny>0</Ny>
	<Nz>0</Nz></Normal></Edge>
	<Edge>
	<Start>258</Start>
	<End>259</End>
	<Normal>
	<Nx>0</Nx>
	<Ny>0</Ny>
	<Nz>0</Nz></Normal></Edge>
	<Edge>
	<Start>259</Start>
	<End>260</End>
	<Normal>
	<Nx>0</Nx>
	<Ny>0</Ny>
	<Nz>0</Nz></Normal></Edge>
	<Edge>
	<Start>260</Start>
	<End>261</End>
	<Normal>
	<Nx>0</Nx>
	<Ny>0</Ny>
	<Nz>0</Nz></Normal></Edge>
	<Edge>
	<Start>261</Start>
	<End>262</End>
	<Normal>
	<Nx>0</Nx>
	<Ny>0</Ny>
	<Nz>0</Nz></Normal></Edge>
	<Edge>
	<Start>262</Start>
	<End>263</End>
	<Normal>
	<Nx>0</Nx>
	<Ny>0</Ny>
	<Nz>0</Nz></Normal></Edge>
	<Edge>
	<Start>263</Start>
	<End>264</End>
	<Normal>
	<Nx>0</Nx>
	<Ny>0</Ny>
	<Nz>0</Nz></Normal></Edge>
	<Edge>
	<Start>264</Start>
	<End>265</End>
	<Normal>
	<Nx>0</Nx>
	<Ny>0</Ny>
	<Nz>0</Nz></Normal></Edge>
	<Edge>
	<Start>265</Start>
	<End>266</End>
	<Normal>
	<Nx>0</Nx>
	<Ny>0</Ny>
	<Nz>0</Nz></Normal></Edge>
	<Edge>
	<Start>266</Start>
	<End>267</End>
	<Normal>
	<Nx>0</Nx>
	<Ny>0</Ny>
	<Nz>0</Nz></Normal></Edge>
	<Edge>
	<Start>267</Start>
	<End>268</End>
	<Normal>
	<Nx>0</Nx>
	<Ny>0</Ny>
	<Nz>0</Nz></Normal></Edge>
	<Edge>
	<Start>268</Start>
	<End>269</End>
	<Normal>
	<Nx>0</Nx>
	<Ny>0</Ny>
	<Nz>0</Nz></Normal></Edge>
	<Edge>
	<Start>269</Start>
	<End>270</End>
	<Normal>
	<Nx>0</Nx>
	<Ny>0</Ny>
	<Nz>0</Nz></Normal></Edge>
	<Edge>
	<Start>270</Start>
	<End>271</End>
	<Normal>
	<Nx>0</Nx>
	<Ny>0</Ny>
	<Nz>0</Nz></Normal></Edge>
	<Edge>
	<Start>271</Start>
	<End>272</End>
	<Normal>
	<Nx>0</Nx>
	<Ny>0</Ny>
	<Nz>0</Nz></Normal></Edge>
	<Edge>
	<Start>272</Start>
	<End>273</End>
	<Normal>
	<Nx>0</Nx>
	<Ny>0</Ny>
	<Nz>0</Nz></Normal></Edge>
	<Edge>
	<Start>273</Start>
	<End>274</End>
	<Normal>
	<Nx>0</Nx>
	<Ny>0</Ny>
	<Nz>0</Nz></Normal></Edge>
	<Edge>
	<Start>274</Start>
	<End>275</End>
	<Normal>
	<Nx>0</Nx>
	<Ny>0</Ny>
	<Nz>0</Nz></Normal></Edge>
	<Edge>
	<Start>275</Start>
	<End>276</End>
	<Normal>
	<Nx>0</Nx>
	<Ny>0</Ny>
	<Nz>0</Nz></Normal></Edge>
	<Edge>
	<Start>276</Start>
	<End>277</End>
	<Normal>
	<Nx>0</Nx>
	<Ny>0</Ny>
	<Nz>0</Nz></Normal></Edge>
	<Edge>
	<Start>277</Start>
	<End>278</End>
	<Normal>
	<Nx>0</Nx>
	<Ny>0</Ny>
	<Nz>0</Nz></Normal></Edge>
	<Edge>
	<Start>278</Start>
	<End>279</End>
	<Normal>
	<Nx>0</Nx>
	<Ny>0</Ny>
	<Nz>0</Nz></Normal></Edge>
	<Edge>
	<Start>279</Start>
	<End>280</End>
	<Normal>
	<Nx>0</Nx>
	<Ny>0</Ny>
	<Nz>0</Nz></Normal></Edge>
	<Edge>
	<Start>280</Start>
	<End>281</End>
	<Normal>
	<Nx>0</Nx>
	<Ny>0</Ny>
	<Nz>0</Nz></Normal></Edge>
	<Edge>
	<Start>281</Start>
	<End>282</End>
	<Normal>
	<Nx>0</Nx>
	<Ny>0</Ny>
	<Nz>0</Nz></Normal></Edge>
	<Edge>
	<Start>282</Start>
	<End>283</End>
	<Normal>
	<Nx>0</Nx>
	<Ny>0</Ny>
	<Nz>0</Nz></Normal></Edge>
	<Edge>
	<Start>283</Start>
	<End>284</End>
	<Normal>
	<Nx>0</Nx>
	<Ny>0</Ny>
	<Nz>0</Nz></Normal></Edge>
	<Edge>
	<Start>284</Start>
	<End>285</End>
	<Normal>
	<Nx>0</Nx>
	<Ny>0</Ny>
	<Nz>0</Nz></Normal></Edge>
	<Edge>
	<Start>285</Start>
	<End>286</End>
	<Normal>
	<Nx>0</Nx>
	<Ny>0</Ny>
	<Nz>0</Nz></Normal></Edge>
	<Edge>
	<Start>286</Start>
	<End>287</End>
	<Normal>
	<Nx>0</Nx>
	<Ny>0</Ny>
	<Nz>0</Nz></Normal></Edge>
	<Edge>
	<Start>287</Start>
	<End>288</End>
	<Normal>
	<Nx>0</Nx>
	<Ny>0</Ny>
	<Nz>0</Nz></Normal></Edge>
	<Edge>
	<Start>288</Start>
	<End>289</End>
	<Normal>
	<Nx>0</Nx>
	<Ny>0</Ny>
	<Nz>0</Nz></Normal></Edge>
	<Edge>
	<Start>289</Start>
	<End>290</End>
	<Normal>
	<Nx>0</Nx>
	<Ny>0</Ny>
	<Nz>0</Nz></Normal></Edge>
	<Edge>
	<Start>290</Start>
	<End>291</End>
	<Normal>
	<Nx>0</Nx>
	<Ny>0</Ny>
	<Nz>0</Nz></Normal></Edge>
	<Edge>
	<Start>291</Start>
	<End>292</End>
	<Normal>
	<Nx>0</Nx>
	<Ny>0</Ny>
	<Nz>0</Nz></Normal></Edge>
	<Edge>
	<Start>292</Start>
	<End>293</End>
	<Normal>
	<Nx>0</Nx>
	<Ny>0</Ny>
	<Nz>0</Nz></Normal></Edge>
	<Edge>
	<Start>293</Start>
	<End>294</End>
	<Normal>
	<Nx>0</Nx>
	<Ny>0</Ny>
	<Nz>0</Nz></Normal></Edge>
	<Edge>
	<Start>294</Start>
	<End>295</End>
	<Normal>
	<Nx>0</Nx>
	<Ny>0</Ny>
	<Nz>0</Nz></Normal></Edge>
	<Edge>
	<Start>295</Start>
	<End>296</End>
	<Normal>
	<Nx>0</Nx>
	<Ny>0</Ny>
	<Nz>0</Nz></Normal></Edge>
	<Edge>
	<Start>296</Start>
	<End>297</End>
	<Normal>
	<Nx>0</Nx>
	<Ny>0</Ny>
	<Nz>0</Nz></Normal></Edge>
	<Edge>
	<Start>297</Start>
	<End>298</End>
	<Normal>
	<Nx>0</Nx>
	<Ny>0</Ny>
	<Nz>0</Nz></Normal></Edge>
	<Edge>
	<Start>298</Start>
	<End>299</End>
	<Normal>
	<Nx>0</Nx>
	<Ny>0</Ny>
	<Nz>0</Nz></Normal></Edge>
	<Edge>
	<Start>299</Start>
	<End>300</End>
	<Normal>
	<Nx>0</Nx>
	<Ny>0</Ny>
	<Nz>0</Nz></Normal></Edge>
	<Edge>
	<Start>300</Start>
	<End>301</End>
	<Normal>
	<Nx>0</Nx>
	<Ny>0</Ny>
	<Nz>0</Nz></Normal></Edge>
	<Edge>
	<Start>301</Start>
	<End>302</End>
	<Normal>
	<Nx>0</Nx>
	<Ny>0</Ny>
	<Nz>0</Nz></Normal></Edge>
	<Edge>
	<Start>302</Start>
	<End>303</End>
	<Normal>
	<Nx>0</Nx>
	<Ny>0</Ny>
	<Nz>0</Nz></Normal></Edge>
	<Edge>
	<Start>303</Start>
	<End>304</End>
	<Normal>
	<Nx>0</Nx>
	<Ny>0</Ny>
	<Nz>0</Nz></Normal></Edge>
	<Edge>
	<Start>304</Start>
	<End>305</End>
	<Normal>
	<Nx>0</Nx>
	<Ny>0</Ny>
	<Nz>0</Nz></Normal></Edge>
	<Edge>
	<Start>305</Start>
	<End>306</End>
	<Normal>
	<Nx>0</Nx>
	<Ny>0</Ny>
	<Nz>0</Nz></Normal></Edge>
	<Edge>
	<Start>306</Start>
	<End>307</End>
	<Normal>
	<Nx>0</Nx>
	<Ny>0</Ny>
	<Nz>0</Nz></Normal></Edge>
	<Edge>
	<Start>307</Start>
	<End>308</End>
	<Normal>
	<Nx>0</Nx>
	<Ny>0</Ny>
	<Nz>0</Nz></Normal></Edge>
	<Edge>
	<Start>308</Start>
	<End>309</End>
	<Normal>
	<Nx>0</Nx>
	<Ny>0</Ny>
	<Nz>0</Nz></Normal></Edge>
	<Edge>
	<Start>309</Start>
	<End>310</End>
	<Normal>
	<Nx>0</Nx>
	<Ny>0</Ny>
	<Nz>0</Nz></Normal></Edge>
	<Edge>
	<Start>310</Start>
	<End>311</End>
	<Normal>
	<Nx>0</Nx>
	<Ny>0</Ny>
	<Nz>0</Nz></Normal></Edge>
	<Edge>
	<Start>311</Start>
	<End>312</End>
	<Normal>
	<Nx>0</Nx>
	<Ny>0</Ny>
	<Nz>0</Nz></Normal></Edge>
	<Edge>
	<Start>312</Start>
	<End>313</End>
	<Normal>
	<Nx>0</Nx>
	<Ny>0</Ny>
	<Nz>0</Nz></Normal></Edge>
	<Edge>
	<Start>313</Start>
	<End>314</End>
	<Normal>
	<Nx>0</Nx>
	<Ny>0</Ny>
	<Nz>0</Nz></Normal></Edge>
	<Edge>
	<Start>314</Start>
	<End>315</End>
	<Normal>
	<Nx>0</Nx>
	<Ny>0</Ny>
	<Nz>0</Nz></Normal></Edge>
	<Edge>
	<Start>315</Start>
	<End>1</End>
	<Normal>
	<Nx>0</Nx>
	<Ny>0</Ny>
	<Nz>0</Nz></Normal></Edge></Region></Slice>
</Layer>