<?xml version="1.0"?><!--America Makes layer file created using MSXML 6.0--><Layer>
	<Thickness>0.05</Thickness>
	<VertexList>
	<Vertex>
	<X>1.730901</X>
	<Y>-20.013857</Y>
	<Co-ordinate_system>Cartesian</Co-ordinate_system></Vertex>
	<Vertex>
	<X>2.832256</X>
	<Y>-19.928605</Y></Vertex>
	<Vertex>
	<X>3.131566</X>
	<Y>-19.885779</Y></Vertex>
	<Vertex>
	<X>4.278720</X>
	<Y>-19.686021</Y></Vertex>
	<Vertex>
	<X>4.212978</X>
	<Y>-19.363522</Y></Vertex>
	<Vertex>
	<X>4.580446</X>
	<Y>-19.287847</Y></Vertex>
	<Vertex>
	<X>5.372616</X>
	<Y>-19.090775</Y></Vertex>
	<Vertex>
	<X>5.456418</X>
	<Y>-19.405057</Y></Vertex>
	<Vertex>
	<X>5.691117</X>
	<Y>-19.347024</Y></Vertex>
	<Vertex>
	<X>5.766942</X>
	<Y>-19.322866</Y></Vertex>
	<Vertex>
	<X>5.678054</X>
	<Y>-19.009192</Y></Vertex>
	<Vertex>
	<X>6.039439</X>
	<Y>-18.903266</Y></Vertex>
	<Vertex>
	<X>6.784468</X>
	<Y>-18.664495</Y></Vertex>
	<Vertex>
	<X>7.559680</X>
	<Y>-18.373994</Y></Vertex>
	<Vertex>
	<X>7.825261</X>
	<Y>-18.266821</Y></Vertex>
	<Vertex>
	<X>7.946514</X>
	<Y>-18.567744</Y></Vertex>
	<Vertex>
	<X>8.257864</X>
	<Y>-18.434815</Y></Vertex>
	<Vertex>
	<X>8.129308</X>
	<Y>-18.136286</Y></Vertex>
	<Vertex>
	<X>8.697676</X>
	<Y>-17.880678</Y></Vertex>
	<Vertex>
	<X>8.835536</X>
	<Y>-18.175186</Y></Vertex>
	<Vertex>
	<X>9.020387</X>
	<Y>-18.093529</Y></Vertex>
	<Vertex>
	<X>9.089738</X>
	<Y>-18.057017</Y></Vertex>
	<Vertex>
	<X>8.947524</X>
	<Y>-17.763643</Y></Vertex>
	<Vertex>
	<X>9.272335</X>
	<Y>-17.603329</Y></Vertex>
	<Vertex>
	<X>9.911221</X>
	<Y>-17.267869</Y></Vertex>
	<Vertex>
	<X>10.570753</X>
	<Y>-16.883084</Y></Vertex>
	<Vertex>
	<X>10.805212</X>
	<Y>-16.738317</Y></Vertex>
	<Vertex>
	<X>10.975004</X>
	<Y>-17.014778</Y></Vertex>
	<Vertex>
	<X>11.263060</X>
	<Y>-16.830484</Y></Vertex>
	<Vertex>
	<X>11.086042</X>
	<Y>-16.557031</Y></Vertex>
	<Vertex>
	<X>11.365900</X>
	<Y>-16.376080</Y></Vertex>
	<Vertex>
	<X>11.591040</X>
	<Y>-16.218242</Y></Vertex>
	<Vertex>
	<X>11.776098</X>
	<Y>-16.485878</Y></Vertex>
	<Vertex>
	<X>11.956093</X>
	<Y>-16.366903</Y></Vertex>
	<Vertex>
	<X>12.018085</X>
	<Y>-16.319551</Y></Vertex>
	<Vertex>
	<X>11.828874</X>
	<Y>-16.054046</Y></Vertex>
	<Vertex>
	<X>12.134454</X>
	<Y>-15.832036</Y></Vertex>
	<Vertex>
	<X>12.759465</X>
	<Y>-15.353620</Y></Vertex>
	<Vertex>
	<X>13.395412</X>
	<Y>-14.815786</Y></Vertex>
	<Vertex>
	<X>13.610024</X>
	<Y>-14.624874</Y></Vertex>
	<Vertex>
	<X>13.825564</X>
	<Y>-14.867356</Y></Vertex>
	<Vertex>
	<X>14.025367</X>
	<Y>-14.688644</Y></Vertex>
	<Vertex>
	<X>15.486204</X>
	<Y>-13.191090</Y></Vertex>
	<Vertex>
	<X>15.798799</X>
	<Y>-12.819638</Y></Vertex>
	<Vertex>
	<X>16.454620</X>
	<Y>-11.996146</Y></Vertex>
	<Vertex>
	<X>16.194916</X>
	<Y>-11.800636</Y></Vertex>
	<Vertex>
	<X>16.470503</X>
	<Y>-11.430978</Y></Vertex>
	<Vertex>
	<X>16.736664</X>
	<Y>-11.617722</Y></Vertex>
	<Vertex>
	<X>16.472414</X>
	<Y>-11.428243</Y></Vertex>
	<Vertex>
	<X>16.730536</X>
	<Y>-11.054436</Y></Vertex>
	<Vertex>
	<X>16.998948</X>
	<Y>-11.237811</Y></Vertex>
	<Vertex>
	<X>17.472939</X>
	<Y>-10.514025</Y></Vertex>
	<Vertex>
	<X>17.796336</X>
	<Y>-9.978992</Y></Vertex>
	<Vertex>
	<X>17.963352</X>
	<Y>-9.685734</Y></Vertex>
	<Vertex>
	<X>18.380295</X>
	<Y>-8.896642</Y></Vertex>
	<Vertex>
	<X>18.539052</X>
	<Y>-8.574237</Y></Vertex>
	<Vertex>
	<X>18.842760</X>
	<Y>-7.914022</Y></Vertex>
	<Vertex>
	<X>19.144659</X>
	<Y>-7.181484</Y></Vertex>
	<Vertex>
	<X>19.439767</X>
	<Y>-6.380516</Y></Vertex>
	<Vertex>
	<X>19.611383</X>
	<Y>-5.859575</Y></Vertex>
	<Vertex>
	<X>19.778111</X>
	<Y>-5.300193</Y></Vertex>
	<Vertex>
	<X>19.892496</X>
	<Y>-4.877914</Y></Vertex>
	<Vertex>
	<X>20.036571</X>
	<Y>-4.284042</Y></Vertex>
	<Vertex>
	<X>20.138532</X>
	<Y>-3.811801</Y></Vertex>
	<Vertex>
	<X>20.210028</X>
	<Y>-3.438263</Y></Vertex>
	<Vertex>
	<X>20.366827</X>
	<Y>-2.444616</Y></Vertex>
	<Vertex>
	<X>20.435503</X>
	<Y>-1.866124</Y></Vertex>
	<Vertex>
	<X>20.508756</X>
	<Y>-0.959497</Y></Vertex>
	<Vertex>
	<X>20.184187</X>
	<Y>-0.940575</Y></Vertex>
	<Vertex>
	<X>20.204812</X>
	<Y>-0.504949</Y></Vertex>
	<Vertex>
	<X>20.210092</X>
	<Y>-0.208633</Y></Vertex>
	<Vertex>
	<X>20.535080</X>
	<Y>-0.215655</Y></Vertex>
	<Vertex>
	<X>20.543204</X>
	<Y>0.223198</Y></Vertex>
	<Vertex>
	<X>20.537772</X>
	<Y>0.570899</Y></Vertex>
	<Vertex>
	<X>20.212740</X>
	<Y>0.565337</Y></Vertex>
	<Vertex>
	<X>20.191327</X>
	<Y>1.257249</Y></Vertex>
	<Vertex>
	<X>20.516012</X>
	<Y>1.274061</Y></Vertex>
	<Vertex>
	<X>20.493772</X>
	<Y>1.617756</Y></Vertex>
	<Vertex>
	<X>20.420339</X>
	<Y>2.454033</Y></Vertex>
	<Vertex>
	<X>20.315312</X>
	<Y>3.257921</Y></Vertex>
	<Vertex>
	<X>19.993836</X>
	<Y>3.209364</Y></Vertex>
	<Vertex>
	<X>19.933440</X>
	<Y>3.585013</Y></Vertex>
	<Vertex>
	<X>20.253932</X>
	<Y>3.639676</Y></Vertex>
	<Vertex>
	<X>20.130743</X>
	<Y>4.296463</Y></Vertex>
	<Vertex>
	<X>20.041324</X>
	<Y>4.710021</Y></Vertex>
	<Vertex>
	<X>19.861076</X>
	<Y>5.436826</Y></Vertex>
	<Vertex>
	<X>19.690251</X>
	<Y>6.047389</Y></Vertex>
	<Vertex>
	<X>19.537884</X>
	<Y>6.535274</Y></Vertex>
	<Vertex>
	<X>19.367412</X>
	<Y>7.033630</Y></Vertex>
	<Vertex>
	<X>19.153035</X>
	<Y>7.603495</Y></Vertex>
	<Vertex>
	<X>18.842764</X>
	<Y>8.360422</Y></Vertex>
	<Vertex>
	<X>17.907400</X>
	<Y>10.231776</Y></Vertex>
	<Vertex>
	<X>16.784579</X>
	<Y>11.997041</Y></Vertex>
	<Vertex>
	<X>16.367363</X>
	<Y>12.547515</Y></Vertex>
	<Vertex>
	<X>15.437332</X>
	<Y>13.689993</Y></Vertex>
	<Vertex>
	<X>15.190912</X>
	<Y>13.471809</Y></Vertex>
	<Vertex>
	<X>14.941644</X>
	<Y>13.752208</Y></Vertex>
	<Vertex>
	<X>14.374888</X>
	<Y>14.339713</Y></Vertex>
	<Vertex>
	<X>14.605164</X>
	<Y>14.569429</Y></Vertex>
	<Vertex>
	<X>14.437555</X>
	<Y>14.743665</Y></Vertex>
	<Vertex>
	<X>14.378724</X>
	<Y>14.797253</Y></Vertex>
	<Vertex>
	<X>14.151516</X>
	<Y>14.563441</Y></Vertex>
	<Vertex>
	<X>13.879087</X>
	<Y>14.823449</Y></Vertex>
	<Vertex>
	<X>13.299791</X>
	<Y>15.349273</Y></Vertex>
	<Vertex>
	<X>12.660603</X>
	<Y>15.875377</Y></Vertex>
	<Vertex>
	<X>12.434997</X>
	<Y>16.051792</Y></Vertex>
	<Vertex>
	<X>12.634980</X>
	<Y>16.307261</Y></Vertex>
	<Vertex>
	<X>12.364186</X>
	<Y>16.510429</Y></Vertex>
	<Vertex>
	<X>12.169928</X>
	<Y>16.249832</Y></Vertex>
	<Vertex>
	<X>11.664381</X>
	<Y>16.614253</Y></Vertex>
	<Vertex>
	<X>11.850504</X>
	<Y>16.880897</Y></Vertex>
	<Vertex>
	<X>11.687360</X>
	<Y>17.000152</Y></Vertex>
	<Vertex>
	<X>11.621066</X>
	<Y>17.041956</Y></Vertex>
	<Vertex>
	<X>11.438104</X>
	<Y>16.772108</Y></Vertex>
	<Vertex>
	<X>11.136862</X>
	<Y>16.973248</Y></Vertex>
	<Vertex>
	<X>10.526899</X>
	<Y>17.358809</Y></Vertex>
	<Vertex>
	<X>9.863897</X>
	<Y>17.737589</Y></Vertex>
	<Vertex>
	<X>9.621297</X>
	<Y>17.868250</Y></Vertex>
	<Vertex>
	<X>9.775826</X>
	<Y>18.153525</Y></Vertex>
	<Vertex>
	<X>9.651970</X>
	<Y>18.223144</Y></Vertex>
	<Vertex>
	<X>9.472196</X>
	<Y>18.310845</Y></Vertex>
	<Vertex>
	<X>9.323886</X>
	<Y>18.020813</Y></Vertex>
	<Vertex>
	<X>9.027250</X>
	<Y>18.172700</Y></Vertex>
	<Vertex>
	<X>8.777988</X>
	<Y>18.288761</Y></Vertex>
	<Vertex>
	<X>8.917238</X>
	<Y>18.582845</Y></Vertex>
	<Vertex>
	<X>8.652202</X>
	<Y>18.709245</Y></Vertex>
	<Vertex>
	<X>8.516871</X>
	<Y>18.412633</Y></Vertex>
	<Vertex>
	<X>8.171818</X>
	<Y>18.566268</Y></Vertex>
	<Vertex>
	<X>7.444989</X>
	<Y>18.868333</Y></Vertex>
	<Vertex>
	<X>6.661239</X>
	<Y>19.150161</Y></Vertex>
	<Vertex>
	<X>6.388601</X>
	<Y>19.240564</Y></Vertex>
	<Vertex>
	<X>6.490826</X>
	<Y>19.548473</Y></Vertex>
	<Vertex>
	<X>6.106862</X>
	<Y>19.665772</Y></Vertex>
	<Vertex>
	<X>4.890455</X>
	<Y>19.999933</Y></Vertex>
	<Vertex>
	<X>4.032941</X>
	<Y>20.167637</Y></Vertex>
	<Vertex>
	<X>2.831762</X>
	<Y>20.371296</Y></Vertex>
	<Vertex>
	<X>2.689756</X>
	<Y>20.389693</Y></Vertex>
	<Vertex>
	<X>2.650291</X>
	<Y>20.067029</Y></Vertex>
	<Vertex>
	<X>2.192362</X>
	<Y>20.120872</Y></Vertex>
	<Vertex>
	<X>2.224384</X>
	<Y>20.444405</Y></Vertex>
	<Vertex>
	<X>2.189037</X>
	<Y>20.121152</Y></Vertex>
	<Vertex>
	<X>1.736254</X>
	<Y>20.157789</Y></Vertex>
	<Vertex>
	<X>1.760854</X>
	<Y>20.481928</Y></Vertex>
	<Vertex>
	<X>0.746397</X>
	<Y>20.536461</Y></Vertex>
	<Vertex>
	<X>0.582828</X>
	<Y>20.532249</Y></Vertex>
	<Vertex>
	<X>0.130699</X>
	<Y>20.540477</Y></Vertex>
	<Vertex>
	<X>-0.661587</X>
	<Y>20.523012</Y></Vertex>
	<Vertex>
	<X>-1.307172</X>
	<Y>20.485489</Y></Vertex>
	<Vertex>
	<X>-2.239412</X>
	<Y>20.391041</Y></Vertex>
	<Vertex>
	<X>-2.793016</X>
	<Y>20.317341</Y></Vertex>
	<Vertex>
	<X>-3.270284</X>
	<Y>20.240549</Y></Vertex>
	<Vertex>
	<X>-3.898134</X>
	<Y>20.120356</Y></Vertex>
	<Vertex>
	<X>-4.396694</X>
	<Y>20.010097</Y></Vertex>
	<Vertex>
	<X>-5.193751</X>
	<Y>19.807864</Y></Vertex>
	<Vertex>
	<X>-5.694879</X>
	<Y>19.662093</Y></Vertex>
	<Vertex>
	<X>-6.210401</X>
	<Y>19.497072</Y></Vertex>
	<Vertex>
	<X>-7.331723</X>
	<Y>19.086424</Y></Vertex>
	<Vertex>
	<X>-7.819566</X>
	<Y>18.883317</Y></Vertex>
	<Vertex>
	<X>-8.895329</X>
	<Y>18.382357</Y></Vertex>
	<Vertex>
	<X>-8.749433</X>
	<Y>18.091809</Y></Vertex>
	<Vertex>
	<X>-9.137009</X>
	<Y>17.891856</Y></Vertex>
	<Vertex>
	<X>-9.396265</X>
	<Y>17.748269</Y></Vertex>
	<Vertex>
	<X>-9.552678</X>
	<Y>18.033233</Y></Vertex>
	<Vertex>
	<X>-10.235132</X>
	<Y>17.642169</Y></Vertex>
	<Vertex>
	<X>-10.067798</X>
	<Y>17.363460</Y></Vertex>
	<Vertex>
	<X>-10.656374</X>
	<Y>16.999076</Y></Vertex>
	<Vertex>
	<X>-10.833278</X>
	<Y>17.271856</Y></Vertex>
	<Vertex>
	<X>-11.172904</X>
	<Y>17.046716</Y></Vertex>
	<Vertex>
	<X>-11.580094</X>
	<Y>16.763053</Y></Vertex>
	<Vertex>
	<X>-12.451000</X>
	<Y>16.106120</Y></Vertex>
	<Vertex>
	<X>-12.248214</X>
	<Y>15.851992</Y></Vertex>
	<Vertex>
	<X>-12.543333</X>
	<Y>15.611861</Y></Vertex>
	<Vertex>
	<X>-12.750919</X>
	<Y>15.862085</Y></Vertex>
	<Vertex>
	<X>-13.204454</X>
	<Y>15.473357</Y></Vertex>
	<Vertex>
	<X>-13.517897</X>
	<Y>15.189140</Y></Vertex>
	<Vertex>
	<X>-14.170501</X>
	<Y>14.566165</Y></Vertex>
	<Vertex>
	<X>-14.350506</X>
	<Y>14.383337</Y></Vertex>
	<Vertex>
	<X>-14.841336</X>
	<Y>13.857053</Y></Vertex>
	<Vertex>
	<X>-15.285311</X>
	<Y>13.352117</Y></Vertex>
	<Vertex>
	<X>-15.710114</X>
	<Y>12.833986</Y></Vertex>
	<Vertex>
	<X>-16.922320</X>
	<Y>11.128866</Y></Vertex>
	<Vertex>
	<X>-17.952777</X>
	<Y>9.308145</Y></Vertex>
	<Vertex>
	<X>-18.788729</X>
	<Y>7.390456</Y></Vertex>
	<Vertex>
	<X>-19.046451</X>
	<Y>6.665627</Y></Vertex>
	<Vertex>
	<X>-18.734286</X>
	<Y>6.561315</Y></Vertex>
	<Vertex>
	<X>-18.852486</X>
	<Y>6.205239</Y></Vertex>
	<Vertex>
	<X>-19.077900</X>
	<Y>5.420663</Y></Vertex>
	<Vertex>
	<X>-19.391978</X>
	<Y>5.505229</Y></Vertex>
	<Vertex>
	<X>-19.476061</X>
	<Y>5.195211</Y></Vertex>
	<Vertex>
	<X>-19.159967</X>
	<Y>5.115355</Y></Vertex>
	<Vertex>
	<X>-19.248925</X>
	<Y>4.749423</Y></Vertex>
	<Vertex>
	<X>-19.414656</X>
	<Y>3.984825</Y></Vertex>
	<Vertex>
	<X>-19.550683</X>
	<Y>3.168220</Y></Vertex>
	<Vertex>
	<X>-19.590659</X>
	<Y>2.884633</Y></Vertex>
	<Vertex>
	<X>-19.911891</X>
	<Y>2.930087</Y></Vertex>
	<Vertex>
	<X>-19.931107</X>
	<Y>2.811219</Y></Vertex>
	<Vertex>
	<X>-19.952446</X>
	<Y>2.593987</Y></Vertex>
	<Vertex>
	<X>-19.629636</X>
	<Y>2.556053</Y></Vertex>
	<Vertex>
	<X>-19.692454</X>
	<Y>1.936031</Y></Vertex>
	<Vertex>
	<X>-20.016436</X>
	<Y>1.963893</Y></Vertex>
	<Vertex>
	<X>-20.041201</X>
	<Y>1.684663</Y></Vertex>
	<Vertex>
	<X>-19.716025</X>
	<Y>1.661136</Y></Vertex>
	<Vertex>
	<X>-19.739595</X>
	<Y>1.299682</Y></Vertex>
	<Vertex>
	<X>-19.768519</X>
	<Y>0.578662</Y></Vertex>
	<Vertex>
	<X>-19.765053</X>
	<Y>-0.184903</Y></Vertex>
	<Vertex>
	<X>-19.756979</X>
	<Y>-0.458013</Y></Vertex>
	<Vertex>
	<X>-20.079616</X>
	<Y>-0.469083</Y></Vertex>
	<Vertex>
	<X>-20.077431</X>
	<Y>-0.655947</Y></Vertex>
	<Vertex>
	<X>-20.065653</X>
	<Y>-0.810753</Y></Vertex>
	<Vertex>
	<X>-19.740327</X>
	<Y>-0.794181</Y></Vertex>
	<Vertex>
	<X>-19.723549</X>
	<Y>-1.127021</Y></Vertex>
	<Vertex>
	<X>-19.699426</X>
	<Y>-1.400913</Y></Vertex>
	<Vertex>
	<X>-20.023736</X>
	<Y>-1.427363</Y></Vertex>
	<Vertex>
	<X>-20.010697</X>
	<Y>-1.642729</Y></Vertex>
	<Vertex>
	<X>-20.000683</X>
	<Y>-1.720091</Y></Vertex>
	<Vertex>
	<X>-19.676144</X>
	<Y>-1.688981</Y></Vertex>
	<Vertex>
	<X>-19.636669</X>
	<Y>-2.064628</Y></Vertex>
	<Vertex>
	<X>-19.534853</X>
	<Y>-2.845112</Y></Vertex>
	<Vertex>
	<X>-19.387048</X>
	<Y>-3.664771</Y></Vertex>
	<Vertex>
	<X>-19.329020</X>
	<Y>-3.946085</Y></Vertex>
	<Vertex>
	<X>-19.646787</X>
	<Y>-4.011513</Y></Vertex>
	<Vertex>
	<X>-19.583968</X>
	<Y>-4.304814</Y></Vertex>
	<Vertex>
	<X>-19.426803</X>
	<Y>-4.951716</Y></Vertex>
	<Vertex>
	<X>-18.790566</X>
	<Y>-6.944722</Y></Vertex>
	<Vertex>
	<X>-18.474772</X>
	<Y>-7.723946</Y></Vertex>
	<Vertex>
	<X>-18.175604</X>
	<Y>-7.596791</Y></Vertex>
	<Vertex>
	<X>-17.993267</X>
	<Y>-8.020287</Y></Vertex>
	<Vertex>
	<X>-18.288071</X>
	<Y>-8.157417</Y></Vertex>
	<Vertex>
	<X>-17.991852</X>
	<Y>-8.023308</Y></Vertex>
	<Vertex>
	<X>-17.797184</X>
	<Y>-8.433750</Y></Vertex>
	<Vertex>
	<X>-18.090198</X>
	<Y>-8.574514</Y></Vertex>
	<Vertex>
	<X>-17.752479</X>
	<Y>-9.251030</Y></Vertex>
	<Vertex>
	<X>-17.287626</X>
	<Y>-10.084601</Y></Vertex>
	<Vertex>
	<X>-16.972873</X>
	<Y>-10.602536</Y></Vertex>
	<Vertex>
	<X>-16.761820</X>
	<Y>-10.930624</Y></Vertex>
	<Vertex>
	<X>-16.605461</X>
	<Y>-11.164299</Y></Vertex>
	<Vertex>
	<X>-16.215894</X>
	<Y>-11.708305</Y></Vertex>
	<Vertex>
	<X>-15.820645</X>
	<Y>-12.246409</Y></Vertex>
	<Vertex>
	<X>-15.617997</X>
	<Y>-12.503035</Y></Vertex>
	<Vertex>
	<X>-15.174679</X>
	<Y>-13.033796</Y></Vertex>
	<Vertex>
	<X>-14.874152</X>
	<Y>-13.375264</Y></Vertex>
	<Vertex>
	<X>-14.329011</X>
	<Y>-13.959026</Y></Vertex>
	<Vertex>
	<X>-14.029140</X>
	<Y>-14.260349</Y></Vertex>
	<Vertex>
	<X>-13.700673</X>
	<Y>-14.573329</Y></Vertex>
	<Vertex>
	<X>-13.306905</X>
	<Y>-14.936444</Y></Vertex>
	<Vertex>
	<X>-12.897307</X>
	<Y>-15.293018</Y></Vertex>
	<Vertex>
	<X>-12.535880</X>
	<Y>-15.576132</Y></Vertex>
	<Vertex>
	<X>-12.230480</X>
	<Y>-15.829346</Y></Vertex>
	<Vertex>
	<X>-11.922932</X>
	<Y>-16.064974</Y></Vertex>
	<Vertex>
	<X>-11.513672</X>
	<Y>-16.362363</Y></Vertex>
	<Vertex>
	<X>-10.943824</X>
	<Y>-16.753253</Y></Vertex>
	<Vertex>
	<X>-10.765150</X>
	<Y>-16.481631</Y></Vertex>
	<Vertex>
	<X>-10.398200</X>
	<Y>-16.717306</Y></Vertex>
	<Vertex>
	<X>-10.144224</X>
	<Y>-16.870033</Y></Vertex>
	<Vertex>
	<X>-10.312798</X>
	<Y>-17.147973</Y></Vertex>
	<Vertex>
	<X>-9.632900</X>
	<Y>-17.543463</Y></Vertex>
	<Vertex>
	<X>-9.475202</X>
	<Y>-17.259196</Y></Vertex>
	<Vertex>
	<X>-8.865350</X>
	<Y>-17.586727</Y></Vertex>
	<Vertex>
	<X>-9.013131</X>
	<Y>-17.876318</Y></Vertex>
	<Vertex>
	<X>-8.129916</X>
	<Y>-18.299616</Y></Vertex>
	<Vertex>
	<X>-7.664758</X>
	<Y>-18.503099</Y></Vertex>
	<Vertex>
	<X>-7.194709</X>
	<Y>-18.694437</Y></Vertex>
	<Vertex>
	<X>-7.076022</X>
	<Y>-18.391755</Y></Vertex>
	<Vertex>
	<X>-6.720503</X>
	<Y>-18.527272</Y></Vertex>
	<Vertex>
	<X>-6.833409</X>
	<Y>-18.832157</Y></Vertex>
	<Vertex>
	<X>-6.135284</X>
	<Y>-19.074851</Y></Vertex>
	<Vertex>
	<X>-5.455932</X>
	<Y>-19.286994</Y></Vertex>
	<Vertex>
	<X>-4.794660</X>
	<Y>-19.466709</Y></Vertex>
	<Vertex>
	<X>-3.656032</X>
	<Y>-19.722959</Y></Vertex>
	<Vertex>
	<X>-3.262796</X>
	<Y>-19.795451</Y></Vertex>
	<Vertex>
	<X>-2.763758</X>
	<Y>-19.868847</Y></Vertex>
	<Vertex>
	<X>-1.345006</X>
	<Y>-20.036195</Y></Vertex>
	<Vertex>
	<X>0.746398</X>
	<Y>-20.090063</Y></Vertex></VertexList>
	<Slice>
	<Region>
	<Tag>main</Tag>
	<contourTraj>2</contourTraj>
	<hatchTraj>3</hatchTraj>
	<Type>Outer</Type>
	<Edge>
	<Start>1</Start>
	<End>2</End>
	<Normal>
	<Nx>0</Nx>
	<Ny>0</Ny>
	<Nz>0</Nz></Normal></Edge>
	<Edge>
	<Start>2</Start>
	<End>3</End>
	<Normal>
	<Nx>0</Nx>
	<Ny>0</Ny>
	<Nz>0</Nz></Normal></Edge>
	<Edge>
	<Start>3</Start>
	<End>4</End>
	<Normal>
	<Nx>0</Nx>
	<Ny>0</Ny>
	<Nz>0</Nz></Normal></Edge>
	<Edge>
	<Start>4</Start>
	<End>5</End>
	<Normal>
	<Nx>0</Nx>
	<Ny>0</Ny>
	<Nz>0</Nz></Normal></Edge>
	<Edge>
	<Start>5</Start>
	<End>6</End>
	<Normal>
	<Nx>0</Nx>
	<Ny>0</Ny>
	<Nz>0</Nz></Normal></Edge>
	<Edge>
	<Start>6</Start>
	<End>7</End>
	<Normal>
	<Nx>0</Nx>
	<Ny>0</Ny>
	<Nz>0</Nz></Normal></Edge>
	<Edge>
	<Start>7</Start>
	<End>8</End>
	<Normal>
	<Nx>0</Nx>
	<Ny>0</Ny>
	<Nz>0</Nz></Normal></Edge>
	<Edge>
	<Start>8</Start>
	<End>9</End>
	<Normal>
	<Nx>0</Nx>
	<Ny>0</Ny>
	<Nz>0</Nz></Normal></Edge>
	<Edge>
	<Start>9</Start>
	<End>10</End>
	<Normal>
	<Nx>0</Nx>
	<Ny>0</Ny>
	<Nz>0</Nz></Normal></Edge>
	<Edge>
	<Start>10</Start>
	<End>11</End>
	<Normal>
	<Nx>0</Nx>
	<Ny>0</Ny>
	<Nz>0</Nz></Normal></Edge>
	<Edge>
	<Start>11</Start>
	<End>12</End>
	<Normal>
	<Nx>0</Nx>
	<Ny>0</Ny>
	<Nz>0</Nz></Normal></Edge>
	<Edge>
	<Start>12</Start>
	<End>13</End>
	<Normal>
	<Nx>0</Nx>
	<Ny>0</Ny>
	<Nz>0</Nz></Normal></Edge>
	<Edge>
	<Start>13</Start>
	<End>14</End>
	<Normal>
	<Nx>0</Nx>
	<Ny>0</Ny>
	<Nz>0</Nz></Normal></Edge>
	<Edge>
	<Start>14</Start>
	<End>15</End>
	<Normal>
	<Nx>0</Nx>
	<Ny>0</Ny>
	<Nz>0</Nz></Normal></Edge>
	<Edge>
	<Start>15</Start>
	<End>16</End>
	<Normal>
	<Nx>0</Nx>
	<Ny>0</Ny>
	<Nz>0</Nz></Normal></Edge>
	<Edge>
	<Start>16</Start>
	<End>17</End>
	<Normal>
	<Nx>0</Nx>
	<Ny>0</Ny>
	<Nz>0</Nz></Normal></Edge>
	<Edge>
	<Start>17</Start>
	<End>18</End>
	<Normal>
	<Nx>0</Nx>
	<Ny>0</Ny>
	<Nz>0</Nz></Normal></Edge>
	<Edge>
	<Start>18</Start>
	<End>19</End>
	<Normal>
	<Nx>0</Nx>
	<Ny>0</Ny>
	<Nz>0</Nz></Normal></Edge>
	<Edge>
	<Start>19</Start>
	<End>20</End>
	<Normal>
	<Nx>0</Nx>
	<Ny>0</Ny>
	<Nz>0</Nz></Normal></Edge>
	<Edge>
	<Start>20</Start>
	<End>21</End>
	<Normal>
	<Nx>0</Nx>
	<Ny>0</Ny>
	<Nz>0</Nz></Normal></Edge>
	<Edge>
	<Start>21</Start>
	<End>22</End>
	<Normal>
	<Nx>0</Nx>
	<Ny>0</Ny>
	<Nz>0</Nz></Normal></Edge>
	<Edge>
	<Start>22</Start>
	<End>23</End>
	<Normal>
	<Nx>0</Nx>
	<Ny>0</Ny>
	<Nz>0</Nz></Normal></Edge>
	<Edge>
	<Start>23</Start>
	<End>24</End>
	<Normal>
	<Nx>0</Nx>
	<Ny>0</Ny>
	<Nz>0</Nz></Normal></Edge>
	<Edge>
	<Start>24</Start>
	<End>25</End>
	<Normal>
	<Nx>0</Nx>
	<Ny>0</Ny>
	<Nz>0</Nz></Normal></Edge>
	<Edge>
	<Start>25</Start>
	<End>26</End>
	<Normal>
	<Nx>0</Nx>
	<Ny>0</Ny>
	<Nz>0</Nz></Normal></Edge>
	<Edge>
	<Start>26</Start>
	<End>27</End>
	<Normal>
	<Nx>0</Nx>
	<Ny>0</Ny>
	<Nz>0</Nz></Normal></Edge>
	<Edge>
	<Start>27</Start>
	<End>28</End>
	<Normal>
	<Nx>0</Nx>
	<Ny>0</Ny>
	<Nz>0</Nz></Normal></Edge>
	<Edge>
	<Start>28</Start>
	<End>29</End>
	<Normal>
	<Nx>0</Nx>
	<Ny>0</Ny>
	<Nz>0</Nz></Normal></Edge>
	<Edge>
	<Start>29</Start>
	<End>30</End>
	<Normal>
	<Nx>0</Nx>
	<Ny>0</Ny>
	<Nz>0</Nz></Normal></Edge>
	<Edge>
	<Start>30</Start>
	<End>31</End>
	<Normal>
	<Nx>0</Nx>
	<Ny>0</Ny>
	<Nz>0</Nz></Normal></Edge>
	<Edge>
	<Start>31</Start>
	<End>32</End>
	<Normal>
	<Nx>0</Nx>
	<Ny>0</Ny>
	<Nz>0</Nz></Normal></Edge>
	<Edge>
	<Start>32</Start>
	<End>33</End>
	<Normal>
	<Nx>0</Nx>
	<Ny>0</Ny>
	<Nz>0</Nz></Normal></Edge>
	<Edge>
	<Start>33</Start>
	<End>34</End>
	<Normal>
	<Nx>0</Nx>
	<Ny>0</Ny>
	<Nz>0</Nz></Normal></Edge>
	<Edge>
	<Start>34</Start>
	<End>35</End>
	<Normal>
	<Nx>0</Nx>
	<Ny>0</Ny>
	<Nz>0</Nz></Normal></Edge>
	<Edge>
	<Start>35</Start>
	<End>36</End>
	<Normal>
	<Nx>0</Nx>
	<Ny>0</Ny>
	<Nz>0</Nz></Normal></Edge>
	<Edge>
	<Start>36</Start>
	<End>37</End>
	<Normal>
	<Nx>0</Nx>
	<Ny>0</Ny>
	<Nz>0</Nz></Normal></Edge>
	<Edge>
	<Start>37</Start>
	<End>38</End>
	<Normal>
	<Nx>0</Nx>
	<Ny>0</Ny>
	<Nz>0</Nz></Normal></Edge>
	<Edge>
	<Start>38</Start>
	<End>39</End>
	<Normal>
	<Nx>0</Nx>
	<Ny>0</Ny>
	<Nz>0</Nz></Normal></Edge>
	<Edge>
	<Start>39</Start>
	<End>40</End>
	<Normal>
	<Nx>0</Nx>
	<Ny>0</Ny>
	<Nz>0</Nz></Normal></Edge>
	<Edge>
	<Start>40</Start>
	<End>41</End>
	<Normal>
	<Nx>0</Nx>
	<Ny>0</Ny>
	<Nz>0</Nz></Normal></Edge>
	<Edge>
	<Start>41</Start>
	<End>42</End>
	<Normal>
	<Nx>0</Nx>
	<Ny>0</Ny>
	<Nz>0</Nz></Normal></Edge>
	<Edge>
	<Start>42</Start>
	<End>43</End>
	<Normal>
	<Nx>0</Nx>
	<Ny>0</Ny>
	<Nz>0</Nz></Normal></Edge>
	<Edge>
	<Start>43</Start>
	<End>44</End>
	<Normal>
	<Nx>0</Nx>
	<Ny>0</Ny>
	<Nz>0</Nz></Normal></Edge>
	<Edge>
	<Start>44</Start>
	<End>45</End>
	<Normal>
	<Nx>0</Nx>
	<Ny>0</Ny>
	<Nz>0</Nz></Normal></Edge>
	<Edge>
	<Start>45</Start>
	<End>46</End>
	<Normal>
	<Nx>0</Nx>
	<Ny>0</Ny>
	<Nz>0</Nz></Normal></Edge>
	<Edge>
	<Start>46</Start>
	<End>47</End>
	<Normal>
	<Nx>0</Nx>
	<Ny>0</Ny>
	<Nz>0</Nz></Normal></Edge>
	<Edge>
	<Start>47</Start>
	<End>48</End>
	<Normal>
	<Nx>0</Nx>
	<Ny>0</Ny>
	<Nz>0</Nz></Normal></Edge>
	<Edge>
	<Start>48</Start>
	<End>49</End>
	<Normal>
	<Nx>0</Nx>
	<Ny>0</Ny>
	<Nz>0</Nz></Normal></Edge>
	<Edge>
	<Start>49</Start>
	<End>50</End>
	<Normal>
	<Nx>0</Nx>
	<Ny>0</Ny>
	<Nz>0</Nz></Normal></Edge>
	<Edge>
	<Start>50</Start>
	<End>51</End>
	<Normal>
	<Nx>0</Nx>
	<Ny>0</Ny>
	<Nz>0</Nz></Normal></Edge>
	<Edge>
	<Start>51</Start>
	<End>52</End>
	<Normal>
	<Nx>0</Nx>
	<Ny>0</Ny>
	<Nz>0</Nz></Normal></Edge>
	<Edge>
	<Start>52</Start>
	<End>53</End>
	<Normal>
	<Nx>0</Nx>
	<Ny>0</Ny>
	<Nz>0</Nz></Normal></Edge>
	<Edge>
	<Start>53</Start>
	<End>54</End>
	<Normal>
	<Nx>0</Nx>
	<Ny>0</Ny>
	<Nz>0</Nz></Normal></Edge>
	<Edge>
	<Start>54</Start>
	<End>55</End>
	<Normal>
	<Nx>0</Nx>
	<Ny>0</Ny>
	<Nz>0</Nz></Normal></Edge>
	<Edge>
	<Start>55</Start>
	<End>56</End>
	<Normal>
	<Nx>0</Nx>
	<Ny>0</Ny>
	<Nz>0</Nz></Normal></Edge>
	<Edge>
	<Start>56</Start>
	<End>57</End>
	<Normal>
	<Nx>0</Nx>
	<Ny>0</Ny>
	<Nz>0</Nz></Normal></Edge>
	<Edge>
	<Start>57</Start>
	<End>58</End>
	<Normal>
	<Nx>0</Nx>
	<Ny>0</Ny>
	<Nz>0</Nz></Normal></Edge>
	<Edge>
	<Start>58</Start>
	<End>59</End>
	<Normal>
	<Nx>0</Nx>
	<Ny>0</Ny>
	<Nz>0</Nz></Normal></Edge>
	<Edge>
	<Start>59</Start>
	<End>60</End>
	<Normal>
	<Nx>0</Nx>
	<Ny>0</Ny>
	<Nz>0</Nz></Normal></Edge>
	<Edge>
	<Start>60</Start>
	<End>61</End>
	<Normal>
	<Nx>0</Nx>
	<Ny>0</Ny>
	<Nz>0</Nz></Normal></Edge>
	<Edge>
	<Start>61</Start>
	<End>62</End>
	<Normal>
	<Nx>0</Nx>
	<Ny>0</Ny>
	<Nz>0</Nz></Normal></Edge>
	<Edge>
	<Start>62</Start>
	<End>63</End>
	<Normal>
	<Nx>0</Nx>
	<Ny>0</Ny>
	<Nz>0</Nz></Normal></Edge>
	<Edge>
	<Start>63</Start>
	<End>64</End>
	<Normal>
	<Nx>0</Nx>
	<Ny>0</Ny>
	<Nz>0</Nz></Normal></Edge>
	<Edge>
	<Start>64</Start>
	<End>65</End>
	<Normal>
	<Nx>0</Nx>
	<Ny>0</Ny>
	<Nz>0</Nz></Normal></Edge>
	<Edge>
	<Start>65</Start>
	<End>66</End>
	<Normal>
	<Nx>0</Nx>
	<Ny>0</Ny>
	<Nz>0</Nz></Normal></Edge>
	<Edge>
	<Start>66</Start>
	<End>67</End>
	<Normal>
	<Nx>0</Nx>
	<Ny>0</Ny>
	<Nz>0</Nz></Normal></Edge>
	<Edge>
	<Start>67</Start>
	<End>68</End>
	<Normal>
	<Nx>0</Nx>
	<Ny>0</Ny>
	<Nz>0</Nz></Normal></Edge>
	<Edge>
	<Start>68</Start>
	<End>69</End>
	<Normal>
	<Nx>0</Nx>
	<Ny>0</Ny>
	<Nz>0</Nz></Normal></Edge>
	<Edge>
	<Start>69</Start>
	<End>70</End>
	<Normal>
	<Nx>0</Nx>
	<Ny>0</Ny>
	<Nz>0</Nz></Normal></Edge>
	<Edge>
	<Start>70</Start>
	<End>71</End>
	<Normal>
	<Nx>0</Nx>
	<Ny>0</Ny>
	<Nz>0</Nz></Normal></Edge>
	<Edge>
	<Start>71</Start>
	<End>72</End>
	<Normal>
	<Nx>0</Nx>
	<Ny>0</Ny>
	<Nz>0</Nz></Normal></Edge>
	<Edge>
	<Start>72</Start>
	<End>73</End>
	<Normal>
	<Nx>0</Nx>
	<Ny>0</Ny>
	<Nz>0</Nz></Normal></Edge>
	<Edge>
	<Start>73</Start>
	<End>74</End>
	<Normal>
	<Nx>0</Nx>
	<Ny>0</Ny>
	<Nz>0</Nz></Normal></Edge>
	<Edge>
	<Start>74</Start>
	<End>75</End>
	<Normal>
	<Nx>0</Nx>
	<Ny>0</Ny>
	<Nz>0</Nz></Normal></Edge>
	<Edge>
	<Start>75</Start>
	<End>76</End>
	<Normal>
	<Nx>0</Nx>
	<Ny>0</Ny>
	<Nz>0</Nz></Normal></Edge>
	<Edge>
	<Start>76</Start>
	<End>77</End>
	<Normal>
	<Nx>0</Nx>
	<Ny>0</Ny>
	<Nz>0</Nz></Normal></Edge>
	<Edge>
	<Start>77</Start>
	<End>78</End>
	<Normal>
	<Nx>0</Nx>
	<Ny>0</Ny>
	<Nz>0</Nz></Normal></Edge>
	<Edge>
	<Start>78</Start>
	<End>79</End>
	<Normal>
	<Nx>0</Nx>
	<Ny>0</Ny>
	<Nz>0</Nz></Normal></Edge>
	<Edge>
	<Start>79</Start>
	<End>80</End>
	<Normal>
	<Nx>0</Nx>
	<Ny>0</Ny>
	<Nz>0</Nz></Normal></Edge>
	<Edge>
	<Start>80</Start>
	<End>81</End>
	<Normal>
	<Nx>0</Nx>
	<Ny>0</Ny>
	<Nz>0</Nz></Normal></Edge>
	<Edge>
	<Start>81</Start>
	<End>82</End>
	<Normal>
	<Nx>0</Nx>
	<Ny>0</Ny>
	<Nz>0</Nz></Normal></Edge>
	<Edge>
	<Start>82</Start>
	<End>83</End>
	<Normal>
	<Nx>0</Nx>
	<Ny>0</Ny>
	<Nz>0</Nz></Normal></Edge>
	<Edge>
	<Start>83</Start>
	<End>84</End>
	<Normal>
	<Nx>0</Nx>
	<Ny>0</Ny>
	<Nz>0</Nz></Normal></Edge>
	<Edge>
	<Start>84</Start>
	<End>85</End>
	<Normal>
	<Nx>0</Nx>
	<Ny>0</Ny>
	<Nz>0</Nz></Normal></Edge>
	<Edge>
	<Start>85</Start>
	<End>86</End>
	<Normal>
	<Nx>0</Nx>
	<Ny>0</Ny>
	<Nz>0</Nz></Normal></Edge>
	<Edge>
	<Start>86</Start>
	<End>87</End>
	<Normal>
	<Nx>0</Nx>
	<Ny>0</Ny>
	<Nz>0</Nz></Normal></Edge>
	<Edge>
	<Start>87</Start>
	<End>88</End>
	<Normal>
	<Nx>0</Nx>
	<Ny>0</Ny>
	<Nz>0</Nz></Normal></Edge>
	<Edge>
	<Start>88</Start>
	<End>89</End>
	<Normal>
	<Nx>0</Nx>
	<Ny>0</Ny>
	<Nz>0</Nz></Normal></Edge>
	<Edge>
	<Start>89</Start>
	<End>90</End>
	<Normal>
	<Nx>0</Nx>
	<Ny>0</Ny>
	<Nz>0</Nz></Normal></Edge>
	<Edge>
	<Start>90</Start>
	<End>91</End>
	<Normal>
	<Nx>0</Nx>
	<Ny>0</Ny>
	<Nz>0</Nz></Normal></Edge>
	<Edge>
	<Start>91</Start>
	<End>92</End>
	<Normal>
	<Nx>0</Nx>
	<Ny>0</Ny>
	<Nz>0</Nz></Normal></Edge>
	<Edge>
	<Start>92</Start>
	<End>93</End>
	<Normal>
	<Nx>0</Nx>
	<Ny>0</Ny>
	<Nz>0</Nz></Normal></Edge>
	<Edge>
	<Start>93</Start>
	<End>94</End>
	<Normal>
	<Nx>0</Nx>
	<Ny>0</Ny>
	<Nz>0</Nz></Normal></Edge>
	<Edge>
	<Start>94</Start>
	<End>95</End>
	<Normal>
	<Nx>0</Nx>
	<Ny>0</Ny>
	<Nz>0</Nz></Normal></Edge>
	<Edge>
	<Start>95</Start>
	<End>96</End>
	<Normal>
	<Nx>0</Nx>
	<Ny>0</Ny>
	<Nz>0</Nz></Normal></Edge>
	<Edge>
	<Start>96</Start>
	<End>97</End>
	<Normal>
	<Nx>0</Nx>
	<Ny>0</Ny>
	<Nz>0</Nz></Normal></Edge>
	<Edge>
	<Start>97</Start>
	<End>98</End>
	<Normal>
	<Nx>0</Nx>
	<Ny>0</Ny>
	<Nz>0</Nz></Normal></Edge>
	<Edge>
	<Start>98</Start>
	<End>99</End>
	<Normal>
	<Nx>0</Nx>
	<Ny>0</Ny>
	<Nz>0</Nz></Normal></Edge>
	<Edge>
	<Start>99</Start>
	<End>100</End>
	<Normal>
	<Nx>0</Nx>
	<Ny>0</Ny>
	<Nz>0</Nz></Normal></Edge>
	<Edge>
	<Start>100</Start>
	<End>101</End>
	<Normal>
	<Nx>0</Nx>
	<Ny>0</Ny>
	<Nz>0</Nz></Normal></Edge>
	<Edge>
	<Start>101</Start>
	<End>102</End>
	<Normal>
	<Nx>0</Nx>
	<Ny>0</Ny>
	<Nz>0</Nz></Normal></Edge>
	<Edge>
	<Start>102</Start>
	<End>103</End>
	<Normal>
	<Nx>0</Nx>
	<Ny>0</Ny>
	<Nz>0</Nz></Normal></Edge>
	<Edge>
	<Start>103</Start>
	<End>104</End>
	<Normal>
	<Nx>0</Nx>
	<Ny>0</Ny>
	<Nz>0</Nz></Normal></Edge>
	<Edge>
	<Start>104</Start>
	<End>105</End>
	<Normal>
	<Nx>0</Nx>
	<Ny>0</Ny>
	<Nz>0</Nz></Normal></Edge>
	<Edge>
	<Start>105</Start>
	<End>106</End>
	<Normal>
	<Nx>0</Nx>
	<Ny>0</Ny>
	<Nz>0</Nz></Normal></Edge>
	<Edge>
	<Start>106</Start>
	<End>107</End>
	<Normal>
	<Nx>0</Nx>
	<Ny>0</Ny>
	<Nz>0</Nz></Normal></Edge>
	<Edge>
	<Start>107</Start>
	<End>108</End>
	<Normal>
	<Nx>0</Nx>
	<Ny>0</Ny>
	<Nz>0</Nz></Normal></Edge>
	<Edge>
	<Start>108</Start>
	<End>109</End>
	<Normal>
	<Nx>0</Nx>
	<Ny>0</Ny>
	<Nz>0</Nz></Normal></Edge>
	<Edge>
	<Start>109</Start>
	<End>110</End>
	<Normal>
	<Nx>0</Nx>
	<Ny>0</Ny>
	<Nz>0</Nz></Normal></Edge>
	<Edge>
	<Start>110</Start>
	<End>111</End>
	<Normal>
	<Nx>0</Nx>
	<Ny>0</Ny>
	<Nz>0</Nz></Normal></Edge>
	<Edge>
	<Start>111</Start>
	<End>112</End>
	<Normal>
	<Nx>0</Nx>
	<Ny>0</Ny>
	<Nz>0</Nz></Normal></Edge>
	<Edge>
	<Start>112</Start>
	<End>113</End>
	<Normal>
	<Nx>0</Nx>
	<Ny>0</Ny>
	<Nz>0</Nz></Normal></Edge>
	<Edge>
	<Start>113</Start>
	<End>114</End>
	<Normal>
	<Nx>0</Nx>
	<Ny>0</Ny>
	<Nz>0</Nz></Normal></Edge>
	<Edge>
	<Start>114</Start>
	<End>115</End>
	<Normal>
	<Nx>0</Nx>
	<Ny>0</Ny>
	<Nz>0</Nz></Normal></Edge>
	<Edge>
	<Start>115</Start>
	<End>116</End>
	<Normal>
	<Nx>0</Nx>
	<Ny>0</Ny>
	<Nz>0</Nz></Normal></Edge>
	<Edge>
	<Start>116</Start>
	<End>117</End>
	<Normal>
	<Nx>0</Nx>
	<Ny>0</Ny>
	<Nz>0</Nz></Normal></Edge>
	<Edge>
	<Start>117</Start>
	<End>118</End>
	<Normal>
	<Nx>0</Nx>
	<Ny>0</Ny>
	<Nz>0</Nz></Normal></Edge>
	<Edge>
	<Start>118</Start>
	<End>119</End>
	<Normal>
	<Nx>0</Nx>
	<Ny>0</Ny>
	<Nz>0</Nz></Normal></Edge>
	<Edge>
	<Start>119</Start>
	<End>120</End>
	<Normal>
	<Nx>0</Nx>
	<Ny>0</Ny>
	<Nz>0</Nz></Normal></Edge>
	<Edge>
	<Start>120</Start>
	<End>121</End>
	<Normal>
	<Nx>0</Nx>
	<Ny>0</Ny>
	<Nz>0</Nz></Normal></Edge>
	<Edge>
	<Start>121</Start>
	<End>122</End>
	<Normal>
	<Nx>0</Nx>
	<Ny>0</Ny>
	<Nz>0</Nz></Normal></Edge>
	<Edge>
	<Start>122</Start>
	<End>123</End>
	<Normal>
	<Nx>0</Nx>
	<Ny>0</Ny>
	<Nz>0</Nz></Normal></Edge>
	<Edge>
	<Start>123</Start>
	<End>124</End>
	<Normal>
	<Nx>0</Nx>
	<Ny>0</Ny>
	<Nz>0</Nz></Normal></Edge>
	<Edge>
	<Start>124</Start>
	<End>125</End>
	<Normal>
	<Nx>0</Nx>
	<Ny>0</Ny>
	<Nz>0</Nz></Normal></Edge>
	<Edge>
	<Start>125</Start>
	<End>126</End>
	<Normal>
	<Nx>0</Nx>
	<Ny>0</Ny>
	<Nz>0</Nz></Normal></Edge>
	<Edge>
	<Start>126</Start>
	<End>127</End>
	<Normal>
	<Nx>0</Nx>
	<Ny>0</Ny>
	<Nz>0</Nz></Normal></Edge>
	<Edge>
	<Start>127</Start>
	<End>128</End>
	<Normal>
	<Nx>0</Nx>
	<Ny>0</Ny>
	<Nz>0</Nz></Normal></Edge>
	<Edge>
	<Start>128</Start>
	<End>129</End>
	<Normal>
	<Nx>0</Nx>
	<Ny>0</Ny>
	<Nz>0</Nz></Normal></Edge>
	<Edge>
	<Start>129</Start>
	<End>130</End>
	<Normal>
	<Nx>0</Nx>
	<Ny>0</Ny>
	<Nz>0</Nz></Normal></Edge>
	<Edge>
	<Start>130</Start>
	<End>131</End>
	<Normal>
	<Nx>0</Nx>
	<Ny>0</Ny>
	<Nz>0</Nz></Normal></Edge>
	<Edge>
	<Start>131</Start>
	<End>132</End>
	<Normal>
	<Nx>0</Nx>
	<Ny>0</Ny>
	<Nz>0</Nz></Normal></Edge>
	<Edge>
	<Start>132</Start>
	<End>133</End>
	<Normal>
	<Nx>0</Nx>
	<Ny>0</Ny>
	<Nz>0</Nz></Normal></Edge>
	<Edge>
	<Start>133</Start>
	<End>134</End>
	<Normal>
	<Nx>0</Nx>
	<Ny>0</Ny>
	<Nz>0</Nz></Normal></Edge>
	<Edge>
	<Start>134</Start>
	<End>135</End>
	<Normal>
	<Nx>0</Nx>
	<Ny>0</Ny>
	<Nz>0</Nz></Normal></Edge>
	<Edge>
	<Start>135</Start>
	<End>136</End>
	<Normal>
	<Nx>0</Nx>
	<Ny>0</Ny>
	<Nz>0</Nz></Normal></Edge>
	<Edge>
	<Start>136</Start>
	<End>137</End>
	<Normal>
	<Nx>0</Nx>
	<Ny>0</Ny>
	<Nz>0</Nz></Normal></Edge>
	<Edge>
	<Start>137</Start>
	<End>138</End>
	<Normal>
	<Nx>0</Nx>
	<Ny>0</Ny>
	<Nz>0</Nz></Normal></Edge>
	<Edge>
	<Start>138</Start>
	<End>139</End>
	<Normal>
	<Nx>0</Nx>
	<Ny>0</Ny>
	<Nz>0</Nz></Normal></Edge>
	<Edge>
	<Start>139</Start>
	<End>140</End>
	<Normal>
	<Nx>0</Nx>
	<Ny>0</Ny>
	<Nz>0</Nz></Normal></Edge>
	<Edge>
	<Start>140</Start>
	<End>141</End>
	<Normal>
	<Nx>0</Nx>
	<Ny>0</Ny>
	<Nz>0</Nz></Normal></Edge>
	<Edge>
	<Start>141</Start>
	<End>142</End>
	<Normal>
	<Nx>0</Nx>
	<Ny>0</Ny>
	<Nz>0</Nz></Normal></Edge>
	<Edge>
	<Start>142</Start>
	<End>143</End>
	<Normal>
	<Nx>0</Nx>
	<Ny>0</Ny>
	<Nz>0</Nz></Normal></Edge>
	<Edge>
	<Start>143</Start>
	<End>144</End>
	<Normal>
	<Nx>0</Nx>
	<Ny>0</Ny>
	<Nz>0</Nz></Normal></Edge>
	<Edge>
	<Start>144</Start>
	<End>145</End>
	<Normal>
	<Nx>0</Nx>
	<Ny>0</Ny>
	<Nz>0</Nz></Normal></Edge>
	<Edge>
	<Start>145</Start>
	<End>146</End>
	<Normal>
	<Nx>0</Nx>
	<Ny>0</Ny>
	<Nz>0</Nz></Normal></Edge>
	<Edge>
	<Start>146</Start>
	<End>147</End>
	<Normal>
	<Nx>0</Nx>
	<Ny>0</Ny>
	<Nz>0</Nz></Normal></Edge>
	<Edge>
	<Start>147</Start>
	<End>148</End>
	<Normal>
	<Nx>0</Nx>
	<Ny>0</Ny>
	<Nz>0</Nz></Normal></Edge>
	<Edge>
	<Start>148</Start>
	<End>149</End>
	<Normal>
	<Nx>0</Nx>
	<Ny>0</Ny>
	<Nz>0</Nz></Normal></Edge>
	<Edge>
	<Start>149</Start>
	<End>150</End>
	<Normal>
	<Nx>0</Nx>
	<Ny>0</Ny>
	<Nz>0</Nz></Normal></Edge>
	<Edge>
	<Start>150</Start>
	<End>151</End>
	<Normal>
	<Nx>0</Nx>
	<Ny>0</Ny>
	<Nz>0</Nz></Normal></Edge>
	<Edge>
	<Start>151</Start>
	<End>152</End>
	<Normal>
	<Nx>0</Nx>
	<Ny>0</Ny>
	<Nz>0</Nz></Normal></Edge>
	<Edge>
	<Start>152</Start>
	<End>153</End>
	<Normal>
	<Nx>0</Nx>
	<Ny>0</Ny>
	<Nz>0</Nz></Normal></Edge>
	<Edge>
	<Start>153</Start>
	<End>154</End>
	<Normal>
	<Nx>0</Nx>
	<Ny>0</Ny>
	<Nz>0</Nz></Normal></Edge>
	<Edge>
	<Start>154</Start>
	<End>155</End>
	<Normal>
	<Nx>0</Nx>
	<Ny>0</Ny>
	<Nz>0</Nz></Normal></Edge>
	<Edge>
	<Start>155</Start>
	<End>156</End>
	<Normal>
	<Nx>0</Nx>
	<Ny>0</Ny>
	<Nz>0</Nz></Normal></Edge>
	<Edge>
	<Start>156</Start>
	<End>157</End>
	<Normal>
	<Nx>0</Nx>
	<Ny>0</Ny>
	<Nz>0</Nz></Normal></Edge>
	<Edge>
	<Start>157</Start>
	<End>158</End>
	<Normal>
	<Nx>0</Nx>
	<Ny>0</Ny>
	<Nz>0</Nz></Normal></Edge>
	<Edge>
	<Start>158</Start>
	<End>159</End>
	<Normal>
	<Nx>0</Nx>
	<Ny>0</Ny>
	<Nz>0</Nz></Normal></Edge>
	<Edge>
	<Start>159</Start>
	<End>160</End>
	<Normal>
	<Nx>0</Nx>
	<Ny>0</Ny>
	<Nz>0</Nz></Normal></Edge>
	<Edge>
	<Start>160</Start>
	<End>161</End>
	<Normal>
	<Nx>0</Nx>
	<Ny>0</Ny>
	<Nz>0</Nz></Normal></Edge>
	<Edge>
	<Start>161</Start>
	<End>162</End>
	<Normal>
	<Nx>0</Nx>
	<Ny>0</Ny>
	<Nz>0</Nz></Normal></Edge>
	<Edge>
	<Start>162</Start>
	<End>163</End>
	<Normal>
	<Nx>0</Nx>
	<Ny>0</Ny>
	<Nz>0</Nz></Normal></Edge>
	<Edge>
	<Start>163</Start>
	<End>164</End>
	<Normal>
	<Nx>0</Nx>
	<Ny>0</Ny>
	<Nz>0</Nz></Normal></Edge>
	<Edge>
	<Start>164</Start>
	<End>165</End>
	<Normal>
	<Nx>0</Nx>
	<Ny>0</Ny>
	<Nz>0</Nz></Normal></Edge>
	<Edge>
	<Start>165</Start>
	<End>166</End>
	<Normal>
	<Nx>0</Nx>
	<Ny>0</Ny>
	<Nz>0</Nz></Normal></Edge>
	<Edge>
	<Start>166</Start>
	<End>167</End>
	<Normal>
	<Nx>0</Nx>
	<Ny>0</Ny>
	<Nz>0</Nz></Normal></Edge>
	<Edge>
	<Start>167</Start>
	<End>168</End>
	<Normal>
	<Nx>0</Nx>
	<Ny>0</Ny>
	<Nz>0</Nz></Normal></Edge>
	<Edge>
	<Start>168</Start>
	<End>169</End>
	<Normal>
	<Nx>0</Nx>
	<Ny>0</Ny>
	<Nz>0</Nz></Normal></Edge>
	<Edge>
	<Start>169</Start>
	<End>170</End>
	<Normal>
	<Nx>0</Nx>
	<Ny>0</Ny>
	<Nz>0</Nz></Normal></Edge>
	<Edge>
	<Start>170</Start>
	<End>171</End>
	<Normal>
	<Nx>0</Nx>
	<Ny>0</Ny>
	<Nz>0</Nz></Normal></Edge>
	<Edge>
	<Start>171</Start>
	<End>172</End>
	<Normal>
	<Nx>0</Nx>
	<Ny>0</Ny>
	<Nz>0</Nz></Normal></Edge>
	<Edge>
	<Start>172</Start>
	<End>173</End>
	<Normal>
	<Nx>0</Nx>
	<Ny>0</Ny>
	<Nz>0</Nz></Normal></Edge>
	<Edge>
	<Start>173</Start>
	<End>174</End>
	<Normal>
	<Nx>0</Nx>
	<Ny>0</Ny>
	<Nz>0</Nz></Normal></Edge>
	<Edge>
	<Start>174</Start>
	<End>175</End>
	<Normal>
	<Nx>0</Nx>
	<Ny>0</Ny>
	<Nz>0</Nz></Normal></Edge>
	<Edge>
	<Start>175</Start>
	<End>176</End>
	<Normal>
	<Nx>0</Nx>
	<Ny>0</Ny>
	<Nz>0</Nz></Normal></Edge>
	<Edge>
	<Start>176</Start>
	<End>177</End>
	<Normal>
	<Nx>0</Nx>
	<Ny>0</Ny>
	<Nz>0</Nz></Normal></Edge>
	<Edge>
	<Start>177</Start>
	<End>178</End>
	<Normal>
	<Nx>0</Nx>
	<Ny>0</Ny>
	<Nz>0</Nz></Normal></Edge>
	<Edge>
	<Start>178</Start>
	<End>179</End>
	<Normal>
	<Nx>0</Nx>
	<Ny>0</Ny>
	<Nz>0</Nz></Normal></Edge>
	<Edge>
	<Start>179</Start>
	<End>180</End>
	<Normal>
	<Nx>0</Nx>
	<Ny>0</Ny>
	<Nz>0</Nz></Normal></Edge>
	<Edge>
	<Start>180</Start>
	<End>181</End>
	<Normal>
	<Nx>0</Nx>
	<Ny>0</Ny>
	<Nz>0</Nz></Normal></Edge>
	<Edge>
	<Start>181</Start>
	<End>182</End>
	<Normal>
	<Nx>0</Nx>
	<Ny>0</Ny>
	<Nz>0</Nz></Normal></Edge>
	<Edge>
	<Start>182</Start>
	<End>183</End>
	<Normal>
	<Nx>0</Nx>
	<Ny>0</Ny>
	<Nz>0</Nz></Normal></Edge>
	<Edge>
	<Start>183</Start>
	<End>184</End>
	<Normal>
	<Nx>0</Nx>
	<Ny>0</Ny>
	<Nz>0</Nz></Normal></Edge>
	<Edge>
	<Start>184</Start>
	<End>185</End>
	<Normal>
	<Nx>0</Nx>
	<Ny>0</Ny>
	<Nz>0</Nz></Normal></Edge>
	<Edge>
	<Start>185</Start>
	<End>186</End>
	<Normal>
	<Nx>0</Nx>
	<Ny>0</Ny>
	<Nz>0</Nz></Normal></Edge>
	<Edge>
	<Start>186</Start>
	<End>187</End>
	<Normal>
	<Nx>0</Nx>
	<Ny>0</Ny>
	<Nz>0</Nz></Normal></Edge>
	<Edge>
	<Start>187</Start>
	<End>188</End>
	<Normal>
	<Nx>0</Nx>
	<Ny>0</Ny>
	<Nz>0</Nz></Normal></Edge>
	<Edge>
	<Start>188</Start>
	<End>189</End>
	<Normal>
	<Nx>0</Nx>
	<Ny>0</Ny>
	<Nz>0</Nz></Normal></Edge>
	<Edge>
	<Start>189</Start>
	<End>190</End>
	<Normal>
	<Nx>0</Nx>
	<Ny>0</Ny>
	<Nz>0</Nz></Normal></Edge>
	<Edge>
	<Start>190</Start>
	<End>191</End>
	<Normal>
	<Nx>0</Nx>
	<Ny>0</Ny>
	<Nz>0</Nz></Normal></Edge>
	<Edge>
	<Start>191</Start>
	<End>192</End>
	<Normal>
	<Nx>0</Nx>
	<Ny>0</Ny>
	<Nz>0</Nz></Normal></Edge>
	<Edge>
	<Start>192</Start>
	<End>193</End>
	<Normal>
	<Nx>0</Nx>
	<Ny>0</Ny>
	<Nz>0</Nz></Normal></Edge>
	<Edge>
	<Start>193</Start>
	<End>194</End>
	<Normal>
	<Nx>0</Nx>
	<Ny>0</Ny>
	<Nz>0</Nz></Normal></Edge>
	<Edge>
	<Start>194</Start>
	<End>195</End>
	<Normal>
	<Nx>0</Nx>
	<Ny>0</Ny>
	<Nz>0</Nz></Normal></Edge>
	<Edge>
	<Start>195</Start>
	<End>196</End>
	<Normal>
	<Nx>0</Nx>
	<Ny>0</Ny>
	<Nz>0</Nz></Normal></Edge>
	<Edge>
	<Start>196</Start>
	<End>197</End>
	<Normal>
	<Nx>0</Nx>
	<Ny>0</Ny>
	<Nz>0</Nz></Normal></Edge>
	<Edge>
	<Start>197</Start>
	<End>198</End>
	<Normal>
	<Nx>0</Nx>
	<Ny>0</Ny>
	<Nz>0</Nz></Normal></Edge>
	<Edge>
	<Start>198</Start>
	<End>199</End>
	<Normal>
	<Nx>0</Nx>
	<Ny>0</Ny>
	<Nz>0</Nz></Normal></Edge>
	<Edge>
	<Start>199</Start>
	<End>200</End>
	<Normal>
	<Nx>0</Nx>
	<Ny>0</Ny>
	<Nz>0</Nz></Normal></Edge>
	<Edge>
	<Start>200</Start>
	<End>201</End>
	<Normal>
	<Nx>0</Nx>
	<Ny>0</Ny>
	<Nz>0</Nz></Normal></Edge>
	<Edge>
	<Start>201</Start>
	<End>202</End>
	<Normal>
	<Nx>0</Nx>
	<Ny>0</Ny>
	<Nz>0</Nz></Normal></Edge>
	<Edge>
	<Start>202</Start>
	<End>203</End>
	<Normal>
	<Nx>0</Nx>
	<Ny>0</Ny>
	<Nz>0</Nz></Normal></Edge>
	<Edge>
	<Start>203</Start>
	<End>204</End>
	<Normal>
	<Nx>0</Nx>
	<Ny>0</Ny>
	<Nz>0</Nz></Normal></Edge>
	<Edge>
	<Start>204</Start>
	<End>205</End>
	<Normal>
	<Nx>0</Nx>
	<Ny>0</Ny>
	<Nz>0</Nz></Normal></Edge>
	<Edge>
	<Start>205</Start>
	<End>206</End>
	<Normal>
	<Nx>0</Nx>
	<Ny>0</Ny>
	<Nz>0</Nz></Normal></Edge>
	<Edge>
	<Start>206</Start>
	<End>207</End>
	<Normal>
	<Nx>0</Nx>
	<Ny>0</Ny>
	<Nz>0</Nz></Normal></Edge>
	<Edge>
	<Start>207</Start>
	<End>208</End>
	<Normal>
	<Nx>0</Nx>
	<Ny>0</Ny>
	<Nz>0</Nz></Normal></Edge>
	<Edge>
	<Start>208</Start>
	<End>209</End>
	<Normal>
	<Nx>0</Nx>
	<Ny>0</Ny>
	<Nz>0</Nz></Normal></Edge>
	<Edge>
	<Start>209</Start>
	<End>210</End>
	<Normal>
	<Nx>0</Nx>
	<Ny>0</Ny>
	<Nz>0</Nz></Normal></Edge>
	<Edge>
	<Start>210</Start>
	<End>211</End>
	<Normal>
	<Nx>0</Nx>
	<Ny>0</Ny>
	<Nz>0</Nz></Normal></Edge>
	<Edge>
	<Start>211</Start>
	<End>212</End>
	<Normal>
	<Nx>0</Nx>
	<Ny>0</Ny>
	<Nz>0</Nz></Normal></Edge>
	<Edge>
	<Start>212</Start>
	<End>213</End>
	<Normal>
	<Nx>0</Nx>
	<Ny>0</Ny>
	<Nz>0</Nz></Normal></Edge>
	<Edge>
	<Start>213</Start>
	<End>214</End>
	<Normal>
	<Nx>0</Nx>
	<Ny>0</Ny>
	<Nz>0</Nz></Normal></Edge>
	<Edge>
	<Start>214</Start>
	<End>215</End>
	<Normal>
	<Nx>0</Nx>
	<Ny>0</Ny>
	<Nz>0</Nz></Normal></Edge>
	<Edge>
	<Start>215</Start>
	<End>216</End>
	<Normal>
	<Nx>0</Nx>
	<Ny>0</Ny>
	<Nz>0</Nz></Normal></Edge>
	<Edge>
	<Start>216</Start>
	<End>217</End>
	<Normal>
	<Nx>0</Nx>
	<Ny>0</Ny>
	<Nz>0</Nz></Normal></Edge>
	<Edge>
	<Start>217</Start>
	<End>218</End>
	<Normal>
	<Nx>0</Nx>
	<Ny>0</Ny>
	<Nz>0</Nz></Normal></Edge>
	<Edge>
	<Start>218</Start>
	<End>219</End>
	<Normal>
	<Nx>0</Nx>
	<Ny>0</Ny>
	<Nz>0</Nz></Normal></Edge>
	<Edge>
	<Start>219</Start>
	<End>220</End>
	<Normal>
	<Nx>0</Nx>
	<Ny>0</Ny>
	<Nz>0</Nz></Normal></Edge>
	<Edge>
	<Start>220</Start>
	<End>221</End>
	<Normal>
	<Nx>0</Nx>
	<Ny>0</Ny>
	<Nz>0</Nz></Normal></Edge>
	<Edge>
	<Start>221</Start>
	<End>222</End>
	<Normal>
	<Nx>0</Nx>
	<Ny>0</Ny>
	<Nz>0</Nz></Normal></Edge>
	<Edge>
	<Start>222</Start>
	<End>223</End>
	<Normal>
	<Nx>0</Nx>
	<Ny>0</Ny>
	<Nz>0</Nz></Normal></Edge>
	<Edge>
	<Start>223</Start>
	<End>224</End>
	<Normal>
	<Nx>0</Nx>
	<Ny>0</Ny>
	<Nz>0</Nz></Normal></Edge>
	<Edge>
	<Start>224</Start>
	<End>225</End>
	<Normal>
	<Nx>0</Nx>
	<Ny>0</Ny>
	<Nz>0</Nz></Normal></Edge>
	<Edge>
	<Start>225</Start>
	<End>226</End>
	<Normal>
	<Nx>0</Nx>
	<Ny>0</Ny>
	<Nz>0</Nz></Normal></Edge>
	<Edge>
	<Start>226</Start>
	<End>227</End>
	<Normal>
	<Nx>0</Nx>
	<Ny>0</Ny>
	<Nz>0</Nz></Normal></Edge>
	<Edge>
	<Start>227</Start>
	<End>228</End>
	<Normal>
	<Nx>0</Nx>
	<Ny>0</Ny>
	<Nz>0</Nz></Normal></Edge>
	<Edge>
	<Start>228</Start>
	<End>229</End>
	<Normal>
	<Nx>0</Nx>
	<Ny>0</Ny>
	<Nz>0</Nz></Normal></Edge>
	<Edge>
	<Start>229</Start>
	<End>230</End>
	<Normal>
	<Nx>0</Nx>
	<Ny>0</Ny>
	<Nz>0</Nz></Normal></Edge>
	<Edge>
	<Start>230</Start>
	<End>231</End>
	<Normal>
	<Nx>0</Nx>
	<Ny>0</Ny>
	<Nz>0</Nz></Normal></Edge>
	<Edge>
	<Start>231</Start>
	<End>232</End>
	<Normal>
	<Nx>0</Nx>
	<Ny>0</Ny>
	<Nz>0</Nz></Normal></Edge>
	<Edge>
	<Start>232</Start>
	<End>233</End>
	<Normal>
	<Nx>0</Nx>
	<Ny>0</Ny>
	<Nz>0</Nz></Normal></Edge>
	<Edge>
	<Start>233</Start>
	<End>234</End>
	<Normal>
	<Nx>0</Nx>
	<Ny>0</Ny>
	<Nz>0</Nz></Normal></Edge>
	<Edge>
	<Start>234</Start>
	<End>235</End>
	<Normal>
	<Nx>0</Nx>
	<Ny>0</Ny>
	<Nz>0</Nz></Normal></Edge>
	<Edge>
	<Start>235</Start>
	<End>236</End>
	<Normal>
	<Nx>0</Nx>
	<Ny>0</Ny>
	<Nz>0</Nz></Normal></Edge>
	<Edge>
	<Start>236</Start>
	<End>237</End>
	<Normal>
	<Nx>0</Nx>
	<Ny>0</Ny>
	<Nz>0</Nz></Normal></Edge>
	<Edge>
	<Start>237</Start>
	<End>238</End>
	<Normal>
	<Nx>0</Nx>
	<Ny>0</Ny>
	<Nz>0</Nz></Normal></Edge>
	<Edge>
	<Start>238</Start>
	<End>239</End>
	<Normal>
	<Nx>0</Nx>
	<Ny>0</Ny>
	<Nz>0</Nz></Normal></Edge>
	<Edge>
	<Start>239</Start>
	<End>240</End>
	<Normal>
	<Nx>0</Nx>
	<Ny>0</Ny>
	<Nz>0</Nz></Normal></Edge>
	<Edge>
	<Start>240</Start>
	<End>241</End>
	<Normal>
	<Nx>0</Nx>
	<Ny>0</Ny>
	<Nz>0</Nz></Normal></Edge>
	<Edge>
	<Start>241</Start>
	<End>242</End>
	<Normal>
	<Nx>0</Nx>
	<Ny>0</Ny>
	<Nz>0</Nz></Normal></Edge>
	<Edge>
	<Start>242</Start>
	<End>243</End>
	<Normal>
	<Nx>0</Nx>
	<Ny>0</Ny>
	<Nz>0</Nz></Normal></Edge>
	<Edge>
	<Start>243</Start>
	<End>244</End>
	<Normal>
	<Nx>0</Nx>
	<Ny>0</Ny>
	<Nz>0</Nz></Normal></Edge>
	<Edge>
	<Start>244</Start>
	<End>245</End>
	<Normal>
	<Nx>0</Nx>
	<Ny>0</Ny>
	<Nz>0</Nz></Normal></Edge>
	<Edge>
	<Start>245</Start>
	<End>246</End>
	<Normal>
	<Nx>0</Nx>
	<Ny>0</Ny>
	<Nz>0</Nz></Normal></Edge>
	<Edge>
	<Start>246</Start>
	<End>247</End>
	<Normal>
	<Nx>0</Nx>
	<Ny>0</Ny>
	<Nz>0</Nz></Normal></Edge>
	<Edge>
	<Start>247</Start>
	<End>248</End>
	<Normal>
	<Nx>0</Nx>
	<Ny>0</Ny>
	<Nz>0</Nz></Normal></Edge>
	<Edge>
	<Start>248</Start>
	<End>249</End>
	<Normal>
	<Nx>0</Nx>
	<Ny>0</Ny>
	<Nz>0</Nz></Normal></Edge>
	<Edge>
	<Start>249</Start>
	<End>250</End>
	<Normal>
	<Nx>0</Nx>
	<Ny>0</Ny>
	<Nz>0</Nz></Normal></Edge>
	<Edge>
	<Start>250</Start>
	<End>251</End>
	<Normal>
	<Nx>0</Nx>
	<Ny>0</Ny>
	<Nz>0</Nz></Normal></Edge>
	<Edge>
	<Start>251</Start>
	<End>252</End>
	<Normal>
	<Nx>0</Nx>
	<Ny>0</Ny>
	<Nz>0</Nz></Normal></Edge>
	<Edge>
	<Start>252</Start>
	<End>253</End>
	<Normal>
	<Nx>0</Nx>
	<Ny>0</Ny>
	<Nz>0</Nz></Normal></Edge>
	<Edge>
	<Start>253</Start>
	<End>254</End>
	<Normal>
	<Nx>0</Nx>
	<Ny>0</Ny>
	<Nz>0</Nz></Normal></Edge>
	<Edge>
	<Start>254</Start>
	<End>255</End>
	<Normal>
	<Nx>0</Nx>
	<Ny>0</Ny>
	<Nz>0</Nz></Normal></Edge>
	<Edge>
	<Start>255</Start>
	<End>256</End>
	<Normal>
	<Nx>0</Nx>
	<Ny>0</Ny>
	<Nz>0</Nz></Normal></Edge>
	<Edge>
	<Start>256</Start>
	<End>257</End>
	<Normal>
	<Nx>0</Nx>
	<Ny>0</Ny>
	<Nz>0</Nz></Normal></Edge>
	<Edge>
	<Start>257</Start>
	<End>258</End>
	<Normal>
	<Nx>0</Nx>
	<Ny>0</Ny>
	<Nz>0</Nz></Normal></Edge>
	<Edge>
	<Start>258</Start>
	<End>259</End>
	<Normal>
	<Nx>0</Nx>
	<Ny>0</Ny>
	<Nz>0</Nz></Normal></Edge>
	<Edge>
	<Start>259</Start>
	<End>260</End>
	<Normal>
	<Nx>0</Nx>
	<Ny>0</Ny>
	<Nz>0</Nz></Normal></Edge>
	<Edge>
	<Start>260</Start>
	<End>261</End>
	<Normal>
	<Nx>0</Nx>
	<Ny>0</Ny>
	<Nz>0</Nz></Normal></Edge>
	<Edge>
	<Start>261</Start>
	<End>262</End>
	<Normal>
	<Nx>0</Nx>
	<Ny>0</Ny>
	<Nz>0</Nz></Normal></Edge>
	<Edge>
	<Start>262</Start>
	<End>263</End>
	<Normal>
	<Nx>0</Nx>
	<Ny>0</Ny>
	<Nz>0</Nz></Normal></Edge>
	<Edge>
	<Start>263</Start>
	<End>264</End>
	<Normal>
	<Nx>0</Nx>
	<Ny>0</Ny>
	<Nz>0</Nz></Normal></Edge>
	<Edge>
	<Start>264</Start>
	<End>265</End>
	<Normal>
	<Nx>0</Nx>
	<Ny>0</Ny>
	<Nz>0</Nz></Normal></Edge>
	<Edge>
	<Start>265</Start>
	<End>266</End>
	<Normal>
	<Nx>0</Nx>
	<Ny>0</Ny>
	<Nz>0</Nz></Normal></Edge>
	<Edge>
	<Start>266</Start>
	<End>267</End>
	<Normal>
	<Nx>0</Nx>
	<Ny>0</Ny>
	<Nz>0</Nz></Normal></Edge>
	<Edge>
	<Start>267</Start>
	<End>268</End>
	<Normal>
	<Nx>0</Nx>
	<Ny>0</Ny>
	<Nz>0</Nz></Normal></Edge>
	<Edge>
	<Start>268</Start>
	<End>269</End>
	<Normal>
	<Nx>0</Nx>
	<Ny>0</Ny>
	<Nz>0</Nz></Normal></Edge>
	<Edge>
	<Start>269</Start>
	<End>270</End>
	<Normal>
	<Nx>0</Nx>
	<Ny>0</Ny>
	<Nz>0</Nz></Normal></Edge>
	<Edge>
	<Start>270</Start>
	<End>271</End>
	<Normal>
	<Nx>0</Nx>
	<Ny>0</Ny>
	<Nz>0</Nz></Normal></Edge>
	<Edge>
	<Start>271</Start>
	<End>272</End>
	<Normal>
	<Nx>0</Nx>
	<Ny>0</Ny>
	<Nz>0</Nz></Normal></Edge>
	<Edge>
	<Start>272</Start>
	<End>273</End>
	<Normal>
	<Nx>0</Nx>
	<Ny>0</Ny>
	<Nz>0</Nz></Normal></Edge>
	<Edge>
	<Start>273</Start>
	<End>1</End>
	<Normal>
	<Nx>0</Nx>
	<Ny>0</Ny>
	<Nz>0</Nz></Normal></Edge></Region></Slice>
</Layer>