<?xml version="1.0"?><!--America Makes layer file created using MSXML 6.0--><Layer>
	<Thickness>0.05</Thickness>
	<VertexList>
	<Vertex>
	<X>2.308309</X>
	<Y>-19.969162</Y>
	<Co-ordinate_system>Cartesian</Co-ordinate_system></Vertex>
	<Vertex>
	<X>2.832256</X>
	<Y>-19.928606</Y></Vertex>
	<Vertex>
	<X>3.307109</X>
	<Y>-19.860663</Y></Vertex>
	<Vertex>
	<X>3.609048</X>
	<Y>-19.808084</Y></Vertex>
	<Vertex>
	<X>3.555380</X>
	<Y>-19.490349</Y></Vertex>
	<Vertex>
	<X>4.580941</X>
	<Y>-19.290166</Y></Vertex>
	<Vertex>
	<X>5.658240</X>
	<Y>-19.017750</Y></Vertex>
	<Vertex>
	<X>5.746614</X>
	<Y>-19.330612</Y></Vertex>
	<Vertex>
	<X>6.380238</X>
	<Y>-19.136935</Y></Vertex>
	<Vertex>
	<X>6.282258</X>
	<Y>-18.828942</Y></Vertex>
	<Vertex>
	<X>6.784467</X>
	<Y>-18.664496</Y></Vertex>
	<Vertex>
	<X>6.988510</X>
	<Y>-18.588033</Y></Vertex>
	<Vertex>
	<X>8.402014</X>
	<Y>-18.017623</Y></Vertex>
	<Vertex>
	<X>8.535740</X>
	<Y>-18.315948</Y></Vertex>
	<Vertex>
	<X>9.054424</X>
	<Y>-18.076624</Y></Vertex>
	<Vertex>
	<X>9.661228</X>
	<Y>-17.767009</Y></Vertex>
	<Vertex>
	<X>9.511049</X>
	<Y>-17.480815</Y></Vertex>
	<Vertex>
	<X>9.911222</X>
	<Y>-17.267868</Y></Vertex>
	<Vertex>
	<X>10.084815</X>
	<Y>-17.166591</Y></Vertex>
	<Vertex>
	<X>11.332275</X>
	<Y>-16.396338</Y></Vertex>
	<Vertex>
	<X>11.513930</X>
	<Y>-16.668153</Y></Vertex>
	<Vertex>
	<X>11.796850</X>
	<Y>-16.475844</Y></Vertex>
	<Vertex>
	<X>11.612154</X>
	<Y>-16.210799</Y></Vertex>
	<Vertex>
	<X>11.787272</X>
	<Y>-16.087690</Y></Vertex>
	<Vertex>
	<X>11.975303</X>
	<Y>-16.352908</Y></Vertex>
	<Vertex>
	<X>12.533114</X>
	<Y>-15.938173</Y></Vertex>
	<Vertex>
	<X>12.337252</X>
	<Y>-15.681078</Y></Vertex>
	<Vertex>
	<X>12.759466</X>
	<Y>-15.353619</Y></Vertex>
	<Vertex>
	<X>12.926852</X>
	<Y>-15.212058</Y></Vertex>
	<Vertex>
	<X>14.069104</X>
	<Y>-14.195941</Y></Vertex>
	<Vertex>
	<X>14.295520</X>
	<Y>-14.431774</Y></Vertex>
	<Vertex>
	<X>14.595892</X>
	<Y>-14.103572</Y></Vertex>
	<Vertex>
	<X>15.486203</X>
	<Y>-13.191091</Y></Vertex>
	<Vertex>
	<X>15.982136</X>
	<Y>-12.601781</Y></Vertex>
	<Vertex>
	<X>16.154752</X>
	<Y>-12.385034</Y></Vertex>
	<Vertex>
	<X>15.899844</X>
	<Y>-12.183300</Y></Vertex>
	<Vertex>
	<X>16.183980</X>
	<Y>-11.820110</Y></Vertex>
	<Vertex>
	<X>16.443504</X>
	<Y>-12.015936</Y></Vertex>
	<Vertex>
	<X>16.784579</X>
	<Y>-11.550637</Y></Vertex>
	<Vertex>
	<X>17.016984</X>
	<Y>-11.216383</Y></Vertex>
	<Vertex>
	<X>16.748284</X>
	<Y>-11.033350</Y></Vertex>
	<Vertex>
	<X>16.921432</X>
	<Y>-10.764740</Y></Vertex>
	<Vertex>
	<X>16.989208</X>
	<Y>-10.666588</Y></Vertex>
	<Vertex>
	<X>17.261828</X>
	<Y>-10.843658</Y></Vertex>
	<Vertex>
	<X>17.436076</X>
	<Y>-10.575847</Y></Vertex>
	<Vertex>
	<X>17.160668</X>
	<Y>-10.403063</Y></Vertex>
	<Vertex>
	<X>17.337360</X>
	<Y>-10.116088</Y></Vertex>
	<Vertex>
	<X>17.615636</X>
	<Y>-10.284207</Y></Vertex>
	<Vertex>
	<X>17.973432</X>
	<Y>-9.667791</Y></Vertex>
	<Vertex>
	<X>17.689428</X>
	<Y>-9.509536</Y></Vertex>
	<Vertex>
	<X>17.904907</X>
	<Y>-9.112352</Y></Vertex>
	<Vertex>
	<X>18.192416</X>
	<Y>-9.264150</Y></Vertex>
	<Vertex>
	<X>18.478288</X>
	<Y>-8.701723</Y></Vertex>
	<Vertex>
	<X>18.186208</X>
	<Y>-8.558925</Y></Vertex>
	<Vertex>
	<X>18.338348</X>
	<Y>-8.240656</Y></Vertex>
	<Vertex>
	<X>18.632900</X>
	<Y>-8.378280</Y></Vertex>
	<Vertex>
	<X>18.811000</X>
	<Y>-7.986287</Y></Vertex>
	<Vertex>
	<X>18.513612</X>
	<Y>-7.854902</Y></Vertex>
	<Vertex>
	<X>18.652919</X>
	<Y>-7.531828</Y></Vertex>
	<Vertex>
	<X>18.952632</X>
	<Y>-7.657831</Y></Vertex>
	<Vertex>
	<X>19.116744</X>
	<Y>-7.253433</Y></Vertex>
	<Vertex>
	<X>19.427804</X>
	<Y>-6.416499</Y></Vertex>
	<Vertex>
	<X>19.120532</X>
	<Y>-6.310264</Y></Vertex>
	<Vertex>
	<X>19.219840</X>
	<Y>-6.015634</Y></Vertex>
	<Vertex>
	<X>19.528728</X>
	<Y>-6.117079</Y></Vertex>
	<Vertex>
	<X>19.637896</X>
	<Y>-5.772126</Y></Vertex>
	<Vertex>
	<X>19.778112</X>
	<Y>-5.300192</Y></Vertex>
	<Vertex>
	<X>19.465236</X>
	<Y>-5.211819</Y></Vertex>
	<Vertex>
	<X>19.577788</X>
	<Y>-4.796297</Y></Vertex>
	<Vertex>
	<X>19.892496</X>
	<Y>-4.877914</Y></Vertex>
	<Vertex>
	<X>19.973340</X>
	<Y>-4.555275</Y></Vertex>
	<Vertex>
	<X>19.657347</X>
	<Y>-4.478767</Y></Vertex>
	<Vertex>
	<X>19.754006</X>
	<Y>-4.061077</Y></Vertex>
	<Vertex>
	<X>20.071648</X>
	<Y>-4.128912</Y></Vertex>
	<Vertex>
	<X>20.179347</X>
	<Y>-3.604696</Y></Vertex>
	<Vertex>
	<X>20.271863</X>
	<Y>-3.086413</Y></Vertex>
	<Vertex>
	<X>19.951084</X>
	<Y>-3.033487</Y></Vertex>
	<Vertex>
	<X>19.989803</X>
	<Y>-2.789575</Y></Vertex>
	<Vertex>
	<X>20.311216</X>
	<Y>-2.838517</Y></Vertex>
	<Vertex>
	<X>20.410120</X>
	<Y>-2.098573</Y></Vertex>
	<Vertex>
	<X>20.087416</X>
	<Y>-2.061240</Y></Vertex>
	<Vertex>
	<X>20.119932</X>
	<Y>-1.755523</Y></Vertex>
	<Vertex>
	<X>20.443456</X>
	<Y>-1.787702</Y></Vertex>
	<Vertex>
	<X>20.508756</X>
	<Y>-0.959497</Y></Vertex>
	<Vertex>
	<X>20.184188</X>
	<Y>-0.940575</Y></Vertex>
	<Vertex>
	<X>20.205299</X>
	<Y>-0.491633</Y></Vertex>
	<Vertex>
	<X>20.530216</X>
	<Y>-0.503255</Y></Vertex>
	<Vertex>
	<X>20.543204</X>
	<Y>0.223198</Y></Vertex>
	<Vertex>
	<X>20.534503</X>
	<Y>0.817688</Y></Vertex>
	<Vertex>
	<X>20.209524</X>
	<Y>0.808179</Y></Vertex>
	<Vertex>
	<X>20.191328</X>
	<Y>1.257249</Y></Vertex>
	<Vertex>
	<X>20.516012</X>
	<Y>1.274061</Y></Vertex>
	<Vertex>
	<X>20.496912</X>
	<Y>1.594021</Y></Vertex>
	<Vertex>
	<X>20.172532</X>
	<Y>1.572058</Y></Vertex>
	<Vertex>
	<X>20.154356</X>
	<Y>1.818357</Y></Vertex>
	<Vertex>
	<X>20.478428</X>
	<Y>1.844341</Y></Vertex>
	<Vertex>
	<X>20.442380</X>
	<Y>2.244678</Y></Vertex>
	<Vertex>
	<X>20.405208</X>
	<Y>2.587265</Y></Vertex>
	<Vertex>
	<X>20.082530</X>
	<Y>2.549684</Y></Vertex>
	<Vertex>
	<X>20.044160</X>
	<Y>2.854721</Y></Vertex>
	<Vertex>
	<X>20.366452</X>
	<Y>2.897511</Y></Vertex>
	<Vertex>
	<X>20.315312</X>
	<Y>3.257921</Y></Vertex>
	<Vertex>
	<X>19.993835</X>
	<Y>3.209365</Y></Vertex>
	<Vertex>
	<X>19.934980</X>
	<Y>3.576021</Y></Vertex>
	<Vertex>
	<X>20.255488</X>
	<Y>3.630537</Y></Vertex>
	<Vertex>
	<X>20.188140</X>
	<Y>3.998649</Y></Vertex>
	<Vertex>
	<X>19.868700</X>
	<Y>3.938241</Y></Vertex>
	<Vertex>
	<X>19.790747</X>
	<Y>4.324993</Y></Vertex>
	<Vertex>
	<X>20.108924</X>
	<Y>4.391689</Y></Vertex>
	<Vertex>
	<X>20.004044</X>
	<Y>4.873021</Y></Vertex>
	<Vertex>
	<X>19.687547</X>
	<Y>4.798618</Y></Vertex>
	<Vertex>
	<X>19.600194</X>
	<Y>5.156419</Y></Vertex>
	<Vertex>
	<X>19.915352</X>
	<Y>5.235353</Y></Vertex>
	<Vertex>
	<X>19.803708</X>
	<Y>5.652328</Y></Vertex>
	<Vertex>
	<X>19.590056</X>
	<Y>6.373326</Y></Vertex>
	<Vertex>
	<X>19.451184</X>
	<Y>6.794892</Y></Vertex>
	<Vertex>
	<X>19.280144</X>
	<Y>7.275539</Y></Vertex>
	<Vertex>
	<X>18.975146</X>
	<Y>7.162949</Y></Vertex>
	<Vertex>
	<X>18.849944</X>
	<Y>7.492294</Y></Vertex>
	<Vertex>
	<X>19.153236</X>
	<Y>7.609421</Y></Vertex>
	<Vertex>
	<X>18.842763</X>
	<Y>8.360423</Y></Vertex>
	<Vertex>
	<X>17.907400</X>
	<Y>10.231776</Y></Vertex>
	<Vertex>
	<X>16.784580</X>
	<Y>11.997041</Y></Vertex>
	<Vertex>
	<X>16.122667</X>
	<Y>12.870367</Y></Vertex>
	<Vertex>
	<X>15.877876</X>
	<Y>13.171075</Y></Vertex>
	<Vertex>
	<X>15.629547</X>
	<Y>12.965727</Y></Vertex>
	<Vertex>
	<X>14.943403</X>
	<Y>13.753793</Y></Vertex>
	<Vertex>
	<X>14.168836</X>
	<Y>14.550561</Y></Vertex>
	<Vertex>
	<X>14.395592</X>
	<Y>14.783529</Y></Vertex>
	<Vertex>
	<X>13.911052</X>
	<Y>15.235425</Y></Vertex>
	<Vertex>
	<X>13.693312</X>
	<Y>14.996573</Y></Vertex>
	<Vertex>
	<X>13.299792</X>
	<Y>15.349272</Y></Vertex>
	<Vertex>
	<X>13.131553</X>
	<Y>15.487749</Y></Vertex>
	<Vertex>
	<X>11.930812</X>
	<Y>16.426673</Y></Vertex>
	<Vertex>
	<X>12.122306</X>
	<Y>16.691649</Y></Vertex>
	<Vertex>
	<X>11.817358</X>
	<Y>16.910841</Y></Vertex>
	<Vertex>
	<X>11.084166</X>
	<Y>17.391873</Y></Vertex>
	<Vertex>
	<X>10.911403</X>
	<Y>17.118725</Y></Vertex>
	<Vertex>
	<X>10.526900</X>
	<Y>17.358809</Y></Vertex>
	<Vertex>
	<X>10.352394</X>
	<Y>17.458504</Y></Vertex>
	<Vertex>
	<X>9.061606</X>
	<Y>18.153713</Y></Vertex>
	<Vertex>
	<X>9.206178</X>
	<Y>18.446937</Y></Vertex>
	<Vertex>
	<X>8.898172</X>
	<Y>18.595801</Y></Vertex>
	<Vertex>
	<X>8.760982</X>
	<Y>18.303326</Y></Vertex>
	<Vertex>
	<X>8.566810</X>
	<Y>18.393424</Y></Vertex>
	<Vertex>
	<X>8.702478</X>
	<Y>18.688877</Y></Vertex>
	<Vertex>
	<X>8.064404</X>
	<Y>18.964589</Y></Vertex>
	<Vertex>
	<X>7.939686</X>
	<Y>18.666412</Y></Vertex>
	<Vertex>
	<X>7.444990</X>
	<Y>18.868332</Y></Vertex>
	<Vertex>
	<X>7.238701</X>
	<Y>18.942513</Y></Vertex>
	<Vertex>
	<X>5.787594</X>
	<Y>19.423673</Y></Vertex>
	<Vertex>
	<X>5.878622</X>
	<Y>19.737673</Y></Vertex>
	<Vertex>
	<X>5.689780</X>
	<Y>19.780348</Y></Vertex>
	<Vertex>
	<X>4.890455</X>
	<Y>19.999933</Y></Vertex>
	<Vertex>
	<X>3.530012</X>
	<Y>20.265996</Y></Vertex>
	<Vertex>
	<X>3.176476</X>
	<Y>20.324441</Y></Vertex>
	<Vertex>
	<X>3.129224</X>
	<Y>20.002825</Y></Vertex>
	<Vertex>
	<X>2.672625</X>
	<Y>20.067296</Y></Vertex>
	<Vertex>
	<X>2.712452</X>
	<Y>20.389961</Y></Vertex>
	<Vertex>
	<X>1.733280</X>
	<Y>20.486837</Y></Vertex>
	<Vertex>
	<X>1.709120</X>
	<Y>20.162621</Y></Vertex>
	<Vertex>
	<X>1.271032</X>
	<Y>20.187885</Y></Vertex>
	<Vertex>
	<X>1.288066</X>
	<Y>20.512513</Y></Vertex>
	<Vertex>
	<X>0.969014</X>
	<Y>20.529509</Y></Vertex>
	<Vertex>
	<X>0.957079</X>
	<Y>20.204608</Y></Vertex>
	<Vertex>
	<X>0.620208</X>
	<Y>20.214141</Y></Vertex>
	<Vertex>
	<X>0.626664</X>
	<Y>20.539193</Y></Vertex>
	<Vertex>
	<X>-0.086064</X>
	<Y>20.540849</Y></Vertex>
	<Vertex>
	<X>-0.081114</X>
	<Y>20.215764</Y></Vertex>
	<Vertex>
	<X>-0.532826</X>
	<Y>20.203784</Y></Vertex>
	<Vertex>
	<X>-0.545118</X>
	<Y>20.528669</Y></Vertex>
	<Vertex>
	<X>-1.175132</X>
	<Y>20.495033</Y></Vertex>
	<Vertex>
	<X>-1.152758</X>
	<Y>20.170685</Y></Vertex>
	<Vertex>
	<X>-1.504456</X>
	<Y>20.143305</Y></Vertex>
	<Vertex>
	<X>-1.532549</X>
	<Y>20.467209</Y></Vertex>
	<Vertex>
	<X>-1.961074</X>
	<Y>20.425453</Y></Vertex>
	<Vertex>
	<X>-1.926162</X>
	<Y>20.102208</Y></Vertex>
	<Vertex>
	<X>-2.275606</X>
	<Y>20.061320</Y></Vertex>
	<Vertex>
	<X>-2.316340</X>
	<Y>20.383877</Y></Vertex>
	<Vertex>
	<X>-2.668199</X>
	<Y>20.336360</Y></Vertex>
	<Vertex>
	<X>-3.243915</X>
	<Y>20.244996</Y></Vertex>
	<Vertex>
	<X>-3.628952</X>
	<Y>20.174725</Y></Vertex>
	<Vertex>
	<X>-3.567318</X>
	<Y>19.855501</Y></Vertex>
	<Vertex>
	<X>-3.872128</X>
	<Y>19.794189</Y></Vertex>
	<Vertex>
	<X>-3.938719</X>
	<Y>20.112412</Y></Vertex>
	<Vertex>
	<X>-4.770857</X>
	<Y>19.919945</Y></Vertex>
	<Vertex>
	<X>-4.690952</X>
	<Y>19.604801</Y></Vertex>
	<Vertex>
	<X>-5.107078</X>
	<Y>19.494513</Y></Vertex>
	<Vertex>
	<X>-5.193750</X>
	<Y>19.807865</Y></Vertex>
	<Vertex>
	<X>-5.513587</X>
	<Y>19.716557</Y></Vertex>
	<Vertex>
	<X>-5.421850</X>
	<Y>19.404649</Y></Vertex>
	<Vertex>
	<X>-5.831910</X>
	<Y>19.279519</Y></Vertex>
	<Vertex>
	<X>-5.931983</X>
	<Y>19.588517</Y></Vertex>
	<Vertex>
	<X>-6.414101</X>
	<Y>19.428448</Y></Vertex>
	<Vertex>
	<X>-6.934921</X>
	<Y>19.240660</Y></Vertex>
	<Vertex>
	<X>-6.820364</X>
	<Y>18.936389</Y></Vertex>
	<Vertex>
	<X>-7.050960</X>
	<Y>18.847968</Y></Vertex>
	<Vertex>
	<X>-7.169281</X>
	<Y>19.150793</Y></Vertex>
	<Vertex>
	<X>-7.859542</X>
	<Y>18.866473</Y></Vertex>
	<Vertex>
	<X>-7.730522</X>
	<Y>18.568331</Y></Vertex>
	<Vertex>
	<X>-8.011539</X>
	<Y>18.443637</Y></Vertex>
	<Vertex>
	<X>-8.145436</X>
	<Y>18.739905</Y></Vertex>
	<Vertex>
	<X>-8.895329</X>
	<Y>18.382357</Y></Vertex>
	<Vertex>
	<X>-8.749433</X>
	<Y>18.091809</Y></Vertex>
	<Vertex>
	<X>-9.148785</X>
	<Y>17.885621</Y></Vertex>
	<Vertex>
	<X>-9.301175</X>
	<Y>18.172817</Y></Vertex>
	<Vertex>
	<X>-9.695270</X>
	<Y>17.957017</Y></Vertex>
	<Vertex>
	<X>-10.447293</X>
	<Y>17.516061</Y></Vertex>
	<Vertex>
	<X>-10.276566</X>
	<Y>17.239373</Y></Vertex>
	<Vertex>
	<X>-10.656375</X>
	<Y>16.999077</Y></Vertex>
	<Vertex>
	<X>-10.833278</X>
	<Y>17.271857</Y></Vertex>
	<Vertex>
	<X>-11.100820</X>
	<Y>17.095337</Y></Vertex>
	<Vertex>
	<X>-10.919612</X>
	<Y>16.825397</Y></Vertex>
	<Vertex>
	<X>-11.123823</X>
	<Y>16.686504</Y></Vertex>
	<Vertex>
	<X>-11.308364</X>
	<Y>16.954173</Y></Vertex>
	<Vertex>
	<X>-11.915144</X>
	<Y>16.519301</Y></Vertex>
	<Vertex>
	<X>-11.721260</X>
	<Y>16.258645</Y></Vertex>
	<Vertex>
	<X>-11.966242</X>
	<Y>16.072897</Y></Vertex>
	<Vertex>
	<X>-12.164444</X>
	<Y>16.330609</Y></Vertex>
	<Vertex>
	<X>-12.451000</X>
	<Y>16.106121</Y></Vertex>
	<Vertex>
	<X>-12.248213</X>
	<Y>15.851993</Y></Vertex>
	<Vertex>
	<X>-12.536317</X>
	<Y>15.617689</Y></Vertex>
	<Vertex>
	<X>-12.743782</X>
	<Y>15.868001</Y></Vertex>
	<Vertex>
	<X>-13.028900</X>
	<Y>15.625621</Y></Vertex>
	<Vertex>
	<X>-12.816867</X>
	<Y>15.379185</Y></Vertex>
	<Vertex>
	<X>-13.112828</X>
	<Y>15.118297</Y></Vertex>
	<Vertex>
	<X>-13.329674</X>
	<Y>15.360493</Y></Vertex>
	<Vertex>
	<X>-13.694082</X>
	<Y>15.029005</Y></Vertex>
	<Vertex>
	<X>-13.471401</X>
	<Y>14.792108</Y></Vertex>
	<Vertex>
	<X>-13.737579</X>
	<Y>14.537549</Y></Vertex>
	<Vertex>
	<X>-13.963524</X>
	<Y>14.771025</Y></Vertex>
	<Vertex>
	<X>-14.587892</X>
	<Y>14.134540</Y></Vertex>
	<Vertex>
	<X>-15.072334</X>
	<Y>13.600320</Y></Vertex>
	<Vertex>
	<X>-15.412775</X>
	<Y>13.200822</Y></Vertex>
	<Vertex>
	<X>-15.162770</X>
	<Y>12.992984</Y></Vertex>
	<Vertex>
	<X>-15.385393</X>
	<Y>12.719886</Y></Vertex>
	<Vertex>
	<X>-15.638469</X>
	<Y>12.923981</Y></Vertex>
	<Vertex>
	<X>-15.710113</X>
	<Y>12.833987</Y></Vertex>
	<Vertex>
	<X>-16.922319</X>
	<Y>11.128866</Y></Vertex>
	<Vertex>
	<X>-17.952777</X>
	<Y>9.308145</Y></Vertex>
	<Vertex>
	<X>-18.787651</X>
	<Y>7.390065</Y></Vertex>
	<Vertex>
	<X>-18.817324</X>
	<Y>7.306613</Y></Vertex>
	<Vertex>
	<X>-18.515323</X>
	<Y>7.194223</Y></Vertex>
	<Vertex>
	<X>-18.854740</X>
	<Y>6.205971</Y></Vertex>
	<Vertex>
	<X>-19.157470</X>
	<Y>5.136795</Y></Vertex>
	<Vertex>
	<X>-19.472603</X>
	<Y>5.216689</Y></Vertex>
	<Vertex>
	<X>-19.621688</X>
	<Y>4.571115</Y></Vertex>
	<Vertex>
	<X>-19.305968</X>
	<Y>4.501975</Y></Vertex>
	<Vertex>
	<X>-19.414656</X>
	<Y>3.984824</Y></Vertex>
	<Vertex>
	<X>-19.450460</X>
	<Y>3.769888</Y></Vertex>
	<Vertex>
	<X>-19.663223</X>
	<Y>2.260553</Y></Vertex>
	<Vertex>
	<X>-19.988444</X>
	<Y>2.293903</Y></Vertex>
	<Vertex>
	<X>-20.025309</X>
	<Y>1.924976</Y></Vertex>
	<Vertex>
	<X>-20.056210</X>
	<Y>1.496993</Y></Vertex>
	<Vertex>
	<X>-20.075790</X>
	<Y>1.044735</Y></Vertex>
	<Vertex>
	<X>-19.752852</X>
	<Y>1.031695</Y></Vertex>
	<Vertex>
	<X>-19.768519</X>
	<Y>0.578663</Y></Vertex>
	<Vertex>
	<X>-19.767607</X>
	<Y>0.377687</Y></Vertex>
	<Vertex>
	<X>-19.724280</X>
	<Y>-1.087773</Y></Vertex>
	<Vertex>
	<X>-20.051233</X>
	<Y>-1.109221</Y></Vertex>
	<Vertex>
	<X>-20.025421</X>
	<Y>-1.450353</Y></Vertex>
	<Vertex>
	<X>-19.703538</X>
	<Y>-1.422927</Y></Vertex>
	<Vertex>
	<X>-19.684481</X>
	<Y>-1.636134</Y></Vertex>
	<Vertex>
	<X>-20.008182</X>
	<Y>-1.666367</Y></Vertex>
	<Vertex>
	<X>-19.927917</X>
	<Y>-2.356811</Y></Vertex>
	<Vertex>
	<X>-19.607334</X>
	<Y>-2.315735</Y></Vertex>
	<Vertex>
	<X>-19.534854</X>
	<Y>-2.845111</Y></Vertex>
	<Vertex>
	<X>-19.495950</X>
	<Y>-3.060851</Y></Vertex>
	<Vertex>
	<X>-19.187092</X>
	<Y>-4.558132</Y></Vertex>
	<Vertex>
	<X>-19.504539</X>
	<Y>-4.636296</Y></Vertex>
	<Vertex>
	<X>-19.426802</X>
	<Y>-4.951717</Y></Vertex>
	<Vertex>
	<X>-18.790565</X>
	<Y>-6.944722</Y></Vertex>
	<Vertex>
	<X>-18.661624</X>
	<Y>-7.269808</Y></Vertex>
	<Vertex>
	<X>-18.359466</X>
	<Y>-7.149920</Y></Vertex>
	<Vertex>
	<X>-18.187002</X>
	<Y>-7.577582</Y></Vertex>
	<Vertex>
	<X>-18.486355</X>
	<Y>-7.704425</Y></Vertex>
	<Vertex>
	<X>-18.080662</X>
	<Y>-8.600850</Y></Vertex>
	<Vertex>
	<X>-17.787799</X>
	<Y>-8.459664</Y></Vertex>
	<Vertex>
	<X>-17.590637</X>
	<Y>-8.851694</Y></Vertex>
	<Vertex>
	<X>-17.880292</X>
	<Y>-8.999252</Y></Vertex>
	<Vertex>
	<X>-17.735485</X>
	<Y>-9.284060</Y></Vertex>
	<Vertex>
	<X>-17.448147</X>
	<Y>-9.131945</Y></Vertex>
	<Vertex>
	<X>-17.287964</X>
	<Y>-9.428451</Y></Vertex>
	<Vertex>
	<X>-17.572697</X>
	<Y>-9.585387</Y></Vertex>
	<Vertex>
	<X>-17.217765</X>
	<Y>-10.203453</Y></Vertex>
	<Vertex>
	<X>-16.938710</X>
	<Y>-10.036627</Y></Vertex>
	<Vertex>
	<X>-16.702480</X>
	<Y>-10.421827</Y></Vertex>
	<Vertex>
	<X>-16.977693</X>
	<Y>-10.594917</Y></Vertex>
	<Vertex>
	<X>-16.633554</X>
	<Y>-11.123705</Y></Vertex>
	<Vertex>
	<X>-16.363844</X>
	<Y>-10.942154</Y></Vertex>
	<Vertex>
	<X>-16.164284</X>
	<Y>-11.233044</Y></Vertex>
	<Vertex>
	<X>-16.430749</X>
	<Y>-11.419325</Y></Vertex>
	<Vertex>
	<X>-16.180323</X>
	<Y>-11.769561</Y></Vertex>
	<Vertex>
	<X>-15.917845</X>
	<Y>-11.577705</Y></Vertex>
	<Vertex>
	<X>-15.707709</X>
	<Y>-11.859888</Y></Vertex>
	<Vertex>
	<X>-15.966688</X>
	<Y>-12.056443</Y></Vertex>
	<Vertex>
	<X>-15.523405</X>
	<Y>-12.618508</Y></Vertex>
	<Vertex>
	<X>-15.129249</X>
	<Y>-13.088624</Y></Vertex>
	<Vertex>
	<X>-14.883611</X>
	<Y>-12.875635</Y></Vertex>
	<Vertex>
	<X>-14.678106</X>
	<Y>-13.108951</Y></Vertex>
	<Vertex>
	<X>-14.920404</X>
	<Y>-13.325734</Y></Vertex>
	<Vertex>
	<X>-14.337653</X>
	<Y>-13.950153</Y></Vertex>
	<Vertex>
	<X>-14.104679</X>
	<Y>-13.723379</Y></Vertex>
	<Vertex>
	<X>-13.801103</X>
	<Y>-14.028611</Y></Vertex>
	<Vertex>
	<X>-14.029140</X>
	<Y>-14.260348</Y></Vertex>
	<Vertex>
	<X>-13.790148</X>
	<Y>-14.491681</Y></Vertex>
	<Vertex>
	<X>-13.565895</X>
	<Y>-14.256280</Y></Vertex>
	<Vertex>
	<X>-13.252506</X>
	<Y>-14.548844</Y></Vertex>
	<Vertex>
	<X>-13.470063</X>
	<Y>-14.790003</Y></Vertex>
	<Vertex>
	<X>-13.090379</X>
	<Y>-15.127494</Y></Vertex>
	<Vertex>
	<X>-12.667340</X>
	<Y>-15.484643</Y></Vertex>
	<Vertex>
	<X>-12.461114</X>
	<Y>-15.233299</Y></Vertex>
	<Vertex>
	<X>-12.269240</X>
	<Y>-15.388790</Y></Vertex>
	<Vertex>
	<X>-12.472333</X>
	<Y>-15.642669</Y></Vertex>
	<Vertex>
	<X>-11.880974</X>
	<Y>-16.098295</Y></Vertex>
	<Vertex>
	<X>-11.687289</X>
	<Y>-15.837490</Y></Vertex>
	<Vertex>
	<X>-11.438792</X>
	<Y>-16.018510</Y></Vertex>
	<Vertex>
	<X>-11.628418</X>
	<Y>-16.282603</Y></Vertex>
	<Vertex>
	<X>-10.943823</X>
	<Y>-16.753253</Y></Vertex>
	<Vertex>
	<X>-10.765151</X>
	<Y>-16.481631</Y></Vertex>
	<Vertex>
	<X>-10.386912</X>
	<Y>-16.724387</Y></Vertex>
	<Vertex>
	<X>-10.559434</X>
	<Y>-16.999958</Y></Vertex>
	<Vertex>
	<X>-10.261400</X>
	<Y>-17.181076</Y></Vertex>
	<Vertex>
	<X>-9.417607</X>
	<Y>-17.664149</Y></Vertex>
	<Vertex>
	<X>-9.263354</X>
	<Y>-17.377950</Y></Vertex>
	<Vertex>
	<X>-8.865350</X>
	<Y>-17.586728</Y></Vertex>
	<Vertex>
	<X>-9.013131</X>
	<Y>-17.876318</Y></Vertex>
	<Vertex>
	<X>-8.726488</X>
	<Y>-18.019757</Y></Vertex>
	<Vertex>
	<X>-8.583318</X>
	<Y>-17.727857</Y></Vertex>
	<Vertex>
	<X>-8.360930</X>
	<Y>-17.835260</Y></Vertex>
	<Vertex>
	<X>-8.500467</X>
	<Y>-18.128913</Y></Vertex>
	<Vertex>
	<X>-7.820464</X>
	<Y>-18.436963</Y></Vertex>
	<Vertex>
	<X>-7.691670</X>
	<Y>-18.138727</Y></Vertex>
	<Vertex>
	<X>-7.408315</X>
	<Y>-18.258011</Y></Vertex>
	<Vertex>
	<X>-7.532404</X>
	<Y>-18.558519</Y></Vertex>
	<Vertex>
	<X>-7.194709</X>
	<Y>-18.694437</Y></Vertex>
	<Vertex>
	<X>-7.076022</X>
	<Y>-18.391755</Y></Vertex>
	<Vertex>
	<X>-6.729062</X>
	<Y>-18.524114</Y></Vertex>
	<Vertex>
	<X>-6.842102</X>
	<Y>-18.828936</Y></Vertex>
	<Vertex>
	<X>-6.489636</X>
	<Y>-18.954664</Y></Vertex>
	<Vertex>
	<X>-6.382229</X>
	<Y>-18.647821</Y></Vertex>
	<Vertex>
	<X>-6.008316</X>
	<Y>-18.773688</Y></Vertex>
	<Vertex>
	<X>-6.109642</X>
	<Y>-19.082580</Y></Vertex>
	<Vertex>
	<X>-5.640356</X>
	<Y>-19.232418</Y></Vertex>
	<Vertex>
	<X>-5.546545</X>
	<Y>-18.921128</Y></Vertex>
	<Vertex>
	<X>-5.192999</X>
	<Y>-19.024369</Y></Vertex>
	<Vertex>
	<X>-5.282222</X>
	<Y>-19.336775</Y></Vertex>
	<Vertex>
	<X>-4.991092</X>
	<Y>-19.416390</Y></Vertex>
	<Vertex>
	<X>-4.210676</X>
	<Y>-19.607135</Y></Vertex>
	<Vertex>
	<X>-3.713959</X>
	<Y>-19.711681</Y></Vertex>
	<Vertex>
	<X>-3.197762</X>
	<Y>-19.806763</Y></Vertex>
	<Vertex>
	<X>-3.142771</X>
	<Y>-19.486332</Y></Vertex>
	<Vertex>
	<X>-2.794948</X>
	<Y>-19.542578</Y></Vertex>
	<Vertex>
	<X>-2.845164</X>
	<Y>-19.863799</Y></Vertex>
	<Vertex>
	<X>-1.345007</X>
	<Y>-20.036195</Y></Vertex>
	<Vertex>
	<X>0.746398</X>
	<Y>-20.090063</Y></Vertex></VertexList>
	<Slice>
	<Region>
	<Tag>main</Tag>
	<contourTraj>2</contourTraj>
	<hatchTraj>3</hatchTraj>
	<Type>Outer</Type>
	<Edge>
	<Start>1</Start>
	<End>2</End>
	<Normal>
	<Nx>0</Nx>
	<Ny>0</Ny>
	<Nz>0</Nz></Normal></Edge>
	<Edge>
	<Start>2</Start>
	<End>3</End>
	<Normal>
	<Nx>0</Nx>
	<Ny>0</Ny>
	<Nz>0</Nz></Normal></Edge>
	<Edge>
	<Start>3</Start>
	<End>4</End>
	<Normal>
	<Nx>0</Nx>
	<Ny>0</Ny>
	<Nz>0</Nz></Normal></Edge>
	<Edge>
	<Start>4</Start>
	<End>5</End>
	<Normal>
	<Nx>0</Nx>
	<Ny>0</Ny>
	<Nz>0</Nz></Normal></Edge>
	<Edge>
	<Start>5</Start>
	<End>6</End>
	<Normal>
	<Nx>0</Nx>
	<Ny>0</Ny>
	<Nz>0</Nz></Normal></Edge>
	<Edge>
	<Start>6</Start>
	<End>7</End>
	<Normal>
	<Nx>0</Nx>
	<Ny>0</Ny>
	<Nz>0</Nz></Normal></Edge>
	<Edge>
	<Start>7</Start>
	<End>8</End>
	<Normal>
	<Nx>0</Nx>
	<Ny>0</Ny>
	<Nz>0</Nz></Normal></Edge>
	<Edge>
	<Start>8</Start>
	<End>9</End>
	<Normal>
	<Nx>0</Nx>
	<Ny>0</Ny>
	<Nz>0</Nz></Normal></Edge>
	<Edge>
	<Start>9</Start>
	<End>10</End>
	<Normal>
	<Nx>0</Nx>
	<Ny>0</Ny>
	<Nz>0</Nz></Normal></Edge>
	<Edge>
	<Start>10</Start>
	<End>11</End>
	<Normal>
	<Nx>0</Nx>
	<Ny>0</Ny>
	<Nz>0</Nz></Normal></Edge>
	<Edge>
	<Start>11</Start>
	<End>12</End>
	<Normal>
	<Nx>0</Nx>
	<Ny>0</Ny>
	<Nz>0</Nz></Normal></Edge>
	<Edge>
	<Start>12</Start>
	<End>13</End>
	<Normal>
	<Nx>0</Nx>
	<Ny>0</Ny>
	<Nz>0</Nz></Normal></Edge>
	<Edge>
	<Start>13</Start>
	<End>14</End>
	<Normal>
	<Nx>0</Nx>
	<Ny>0</Ny>
	<Nz>0</Nz></Normal></Edge>
	<Edge>
	<Start>14</Start>
	<End>15</End>
	<Normal>
	<Nx>0</Nx>
	<Ny>0</Ny>
	<Nz>0</Nz></Normal></Edge>
	<Edge>
	<Start>15</Start>
	<End>16</End>
	<Normal>
	<Nx>0</Nx>
	<Ny>0</Ny>
	<Nz>0</Nz></Normal></Edge>
	<Edge>
	<Start>16</Start>
	<End>17</End>
	<Normal>
	<Nx>0</Nx>
	<Ny>0</Ny>
	<Nz>0</Nz></Normal></Edge>
	<Edge>
	<Start>17</Start>
	<End>18</End>
	<Normal>
	<Nx>0</Nx>
	<Ny>0</Ny>
	<Nz>0</Nz></Normal></Edge>
	<Edge>
	<Start>18</Start>
	<End>19</End>
	<Normal>
	<Nx>0</Nx>
	<Ny>0</Ny>
	<Nz>0</Nz></Normal></Edge>
	<Edge>
	<Start>19</Start>
	<End>20</End>
	<Normal>
	<Nx>0</Nx>
	<Ny>0</Ny>
	<Nz>0</Nz></Normal></Edge>
	<Edge>
	<Start>20</Start>
	<End>21</End>
	<Normal>
	<Nx>0</Nx>
	<Ny>0</Ny>
	<Nz>0</Nz></Normal></Edge>
	<Edge>
	<Start>21</Start>
	<End>22</End>
	<Normal>
	<Nx>0</Nx>
	<Ny>0</Ny>
	<Nz>0</Nz></Normal></Edge>
	<Edge>
	<Start>22</Start>
	<End>23</End>
	<Normal>
	<Nx>0</Nx>
	<Ny>0</Ny>
	<Nz>0</Nz></Normal></Edge>
	<Edge>
	<Start>23</Start>
	<End>24</End>
	<Normal>
	<Nx>0</Nx>
	<Ny>0</Ny>
	<Nz>0</Nz></Normal></Edge>
	<Edge>
	<Start>24</Start>
	<End>25</End>
	<Normal>
	<Nx>0</Nx>
	<Ny>0</Ny>
	<Nz>0</Nz></Normal></Edge>
	<Edge>
	<Start>25</Start>
	<End>26</End>
	<Normal>
	<Nx>0</Nx>
	<Ny>0</Ny>
	<Nz>0</Nz></Normal></Edge>
	<Edge>
	<Start>26</Start>
	<End>27</End>
	<Normal>
	<Nx>0</Nx>
	<Ny>0</Ny>
	<Nz>0</Nz></Normal></Edge>
	<Edge>
	<Start>27</Start>
	<End>28</End>
	<Normal>
	<Nx>0</Nx>
	<Ny>0</Ny>
	<Nz>0</Nz></Normal></Edge>
	<Edge>
	<Start>28</Start>
	<End>29</End>
	<Normal>
	<Nx>0</Nx>
	<Ny>0</Ny>
	<Nz>0</Nz></Normal></Edge>
	<Edge>
	<Start>29</Start>
	<End>30</End>
	<Normal>
	<Nx>0</Nx>
	<Ny>0</Ny>
	<Nz>0</Nz></Normal></Edge>
	<Edge>
	<Start>30</Start>
	<End>31</End>
	<Normal>
	<Nx>0</Nx>
	<Ny>0</Ny>
	<Nz>0</Nz></Normal></Edge>
	<Edge>
	<Start>31</Start>
	<End>32</End>
	<Normal>
	<Nx>0</Nx>
	<Ny>0</Ny>
	<Nz>0</Nz></Normal></Edge>
	<Edge>
	<Start>32</Start>
	<End>33</End>
	<Normal>
	<Nx>0</Nx>
	<Ny>0</Ny>
	<Nz>0</Nz></Normal></Edge>
	<Edge>
	<Start>33</Start>
	<End>34</End>
	<Normal>
	<Nx>0</Nx>
	<Ny>0</Ny>
	<Nz>0</Nz></Normal></Edge>
	<Edge>
	<Start>34</Start>
	<End>35</End>
	<Normal>
	<Nx>0</Nx>
	<Ny>0</Ny>
	<Nz>0</Nz></Normal></Edge>
	<Edge>
	<Start>35</Start>
	<End>36</End>
	<Normal>
	<Nx>0</Nx>
	<Ny>0</Ny>
	<Nz>0</Nz></Normal></Edge>
	<Edge>
	<Start>36</Start>
	<End>37</End>
	<Normal>
	<Nx>0</Nx>
	<Ny>0</Ny>
	<Nz>0</Nz></Normal></Edge>
	<Edge>
	<Start>37</Start>
	<End>38</End>
	<Normal>
	<Nx>0</Nx>
	<Ny>0</Ny>
	<Nz>0</Nz></Normal></Edge>
	<Edge>
	<Start>38</Start>
	<End>39</End>
	<Normal>
	<Nx>0</Nx>
	<Ny>0</Ny>
	<Nz>0</Nz></Normal></Edge>
	<Edge>
	<Start>39</Start>
	<End>40</End>
	<Normal>
	<Nx>0</Nx>
	<Ny>0</Ny>
	<Nz>0</Nz></Normal></Edge>
	<Edge>
	<Start>40</Start>
	<End>41</End>
	<Normal>
	<Nx>0</Nx>
	<Ny>0</Ny>
	<Nz>0</Nz></Normal></Edge>
	<Edge>
	<Start>41</Start>
	<End>42</End>
	<Normal>
	<Nx>0</Nx>
	<Ny>0</Ny>
	<Nz>0</Nz></Normal></Edge>
	<Edge>
	<Start>42</Start>
	<End>43</End>
	<Normal>
	<Nx>0</Nx>
	<Ny>0</Ny>
	<Nz>0</Nz></Normal></Edge>
	<Edge>
	<Start>43</Start>
	<End>44</End>
	<Normal>
	<Nx>0</Nx>
	<Ny>0</Ny>
	<Nz>0</Nz></Normal></Edge>
	<Edge>
	<Start>44</Start>
	<End>45</End>
	<Normal>
	<Nx>0</Nx>
	<Ny>0</Ny>
	<Nz>0</Nz></Normal></Edge>
	<Edge>
	<Start>45</Start>
	<End>46</End>
	<Normal>
	<Nx>0</Nx>
	<Ny>0</Ny>
	<Nz>0</Nz></Normal></Edge>
	<Edge>
	<Start>46</Start>
	<End>47</End>
	<Normal>
	<Nx>0</Nx>
	<Ny>0</Ny>
	<Nz>0</Nz></Normal></Edge>
	<Edge>
	<Start>47</Start>
	<End>48</End>
	<Normal>
	<Nx>0</Nx>
	<Ny>0</Ny>
	<Nz>0</Nz></Normal></Edge>
	<Edge>
	<Start>48</Start>
	<End>49</End>
	<Normal>
	<Nx>0</Nx>
	<Ny>0</Ny>
	<Nz>0</Nz></Normal></Edge>
	<Edge>
	<Start>49</Start>
	<End>50</End>
	<Normal>
	<Nx>0</Nx>
	<Ny>0</Ny>
	<Nz>0</Nz></Normal></Edge>
	<Edge>
	<Start>50</Start>
	<End>51</End>
	<Normal>
	<Nx>0</Nx>
	<Ny>0</Ny>
	<Nz>0</Nz></Normal></Edge>
	<Edge>
	<Start>51</Start>
	<End>52</End>
	<Normal>
	<Nx>0</Nx>
	<Ny>0</Ny>
	<Nz>0</Nz></Normal></Edge>
	<Edge>
	<Start>52</Start>
	<End>53</End>
	<Normal>
	<Nx>0</Nx>
	<Ny>0</Ny>
	<Nz>0</Nz></Normal></Edge>
	<Edge>
	<Start>53</Start>
	<End>54</End>
	<Normal>
	<Nx>0</Nx>
	<Ny>0</Ny>
	<Nz>0</Nz></Normal></Edge>
	<Edge>
	<Start>54</Start>
	<End>55</End>
	<Normal>
	<Nx>0</Nx>
	<Ny>0</Ny>
	<Nz>0</Nz></Normal></Edge>
	<Edge>
	<Start>55</Start>
	<End>56</End>
	<Normal>
	<Nx>0</Nx>
	<Ny>0</Ny>
	<Nz>0</Nz></Normal></Edge>
	<Edge>
	<Start>56</Start>
	<End>57</End>
	<Normal>
	<Nx>0</Nx>
	<Ny>0</Ny>
	<Nz>0</Nz></Normal></Edge>
	<Edge>
	<Start>57</Start>
	<End>58</End>
	<Normal>
	<Nx>0</Nx>
	<Ny>0</Ny>
	<Nz>0</Nz></Normal></Edge>
	<Edge>
	<Start>58</Start>
	<End>59</End>
	<Normal>
	<Nx>0</Nx>
	<Ny>0</Ny>
	<Nz>0</Nz></Normal></Edge>
	<Edge>
	<Start>59</Start>
	<End>60</End>
	<Normal>
	<Nx>0</Nx>
	<Ny>0</Ny>
	<Nz>0</Nz></Normal></Edge>
	<Edge>
	<Start>60</Start>
	<End>61</End>
	<Normal>
	<Nx>0</Nx>
	<Ny>0</Ny>
	<Nz>0</Nz></Normal></Edge>
	<Edge>
	<Start>61</Start>
	<End>62</End>
	<Normal>
	<Nx>0</Nx>
	<Ny>0</Ny>
	<Nz>0</Nz></Normal></Edge>
	<Edge>
	<Start>62</Start>
	<End>63</End>
	<Normal>
	<Nx>0</Nx>
	<Ny>0</Ny>
	<Nz>0</Nz></Normal></Edge>
	<Edge>
	<Start>63</Start>
	<End>64</End>
	<Normal>
	<Nx>0</Nx>
	<Ny>0</Ny>
	<Nz>0</Nz></Normal></Edge>
	<Edge>
	<Start>64</Start>
	<End>65</End>
	<Normal>
	<Nx>0</Nx>
	<Ny>0</Ny>
	<Nz>0</Nz></Normal></Edge>
	<Edge>
	<Start>65</Start>
	<End>66</End>
	<Normal>
	<Nx>0</Nx>
	<Ny>0</Ny>
	<Nz>0</Nz></Normal></Edge>
	<Edge>
	<Start>66</Start>
	<End>67</End>
	<Normal>
	<Nx>0</Nx>
	<Ny>0</Ny>
	<Nz>0</Nz></Normal></Edge>
	<Edge>
	<Start>67</Start>
	<End>68</End>
	<Normal>
	<Nx>0</Nx>
	<Ny>0</Ny>
	<Nz>0</Nz></Normal></Edge>
	<Edge>
	<Start>68</Start>
	<End>69</End>
	<Normal>
	<Nx>0</Nx>
	<Ny>0</Ny>
	<Nz>0</Nz></Normal></Edge>
	<Edge>
	<Start>69</Start>
	<End>70</End>
	<Normal>
	<Nx>0</Nx>
	<Ny>0</Ny>
	<Nz>0</Nz></Normal></Edge>
	<Edge>
	<Start>70</Start>
	<End>71</End>
	<Normal>
	<Nx>0</Nx>
	<Ny>0</Ny>
	<Nz>0</Nz></Normal></Edge>
	<Edge>
	<Start>71</Start>
	<End>72</End>
	<Normal>
	<Nx>0</Nx>
	<Ny>0</Ny>
	<Nz>0</Nz></Normal></Edge>
	<Edge>
	<Start>72</Start>
	<End>73</End>
	<Normal>
	<Nx>0</Nx>
	<Ny>0</Ny>
	<Nz>0</Nz></Normal></Edge>
	<Edge>
	<Start>73</Start>
	<End>74</End>
	<Normal>
	<Nx>0</Nx>
	<Ny>0</Ny>
	<Nz>0</Nz></Normal></Edge>
	<Edge>
	<Start>74</Start>
	<End>75</End>
	<Normal>
	<Nx>0</Nx>
	<Ny>0</Ny>
	<Nz>0</Nz></Normal></Edge>
	<Edge>
	<Start>75</Start>
	<End>76</End>
	<Normal>
	<Nx>0</Nx>
	<Ny>0</Ny>
	<Nz>0</Nz></Normal></Edge>
	<Edge>
	<Start>76</Start>
	<End>77</End>
	<Normal>
	<Nx>0</Nx>
	<Ny>0</Ny>
	<Nz>0</Nz></Normal></Edge>
	<Edge>
	<Start>77</Start>
	<End>78</End>
	<Normal>
	<Nx>0</Nx>
	<Ny>0</Ny>
	<Nz>0</Nz></Normal></Edge>
	<Edge>
	<Start>78</Start>
	<End>79</End>
	<Normal>
	<Nx>0</Nx>
	<Ny>0</Ny>
	<Nz>0</Nz></Normal></Edge>
	<Edge>
	<Start>79</Start>
	<End>80</End>
	<Normal>
	<Nx>0</Nx>
	<Ny>0</Ny>
	<Nz>0</Nz></Normal></Edge>
	<Edge>
	<Start>80</Start>
	<End>81</End>
	<Normal>
	<Nx>0</Nx>
	<Ny>0</Ny>
	<Nz>0</Nz></Normal></Edge>
	<Edge>
	<Start>81</Start>
	<End>82</End>
	<Normal>
	<Nx>0</Nx>
	<Ny>0</Ny>
	<Nz>0</Nz></Normal></Edge>
	<Edge>
	<Start>82</Start>
	<End>83</End>
	<Normal>
	<Nx>0</Nx>
	<Ny>0</Ny>
	<Nz>0</Nz></Normal></Edge>
	<Edge>
	<Start>83</Start>
	<End>84</End>
	<Normal>
	<Nx>0</Nx>
	<Ny>0</Ny>
	<Nz>0</Nz></Normal></Edge>
	<Edge>
	<Start>84</Start>
	<End>85</End>
	<Normal>
	<Nx>0</Nx>
	<Ny>0</Ny>
	<Nz>0</Nz></Normal></Edge>
	<Edge>
	<Start>85</Start>
	<End>86</End>
	<Normal>
	<Nx>0</Nx>
	<Ny>0</Ny>
	<Nz>0</Nz></Normal></Edge>
	<Edge>
	<Start>86</Start>
	<End>87</End>
	<Normal>
	<Nx>0</Nx>
	<Ny>0</Ny>
	<Nz>0</Nz></Normal></Edge>
	<Edge>
	<Start>87</Start>
	<End>88</End>
	<Normal>
	<Nx>0</Nx>
	<Ny>0</Ny>
	<Nz>0</Nz></Normal></Edge>
	<Edge>
	<Start>88</Start>
	<End>89</End>
	<Normal>
	<Nx>0</Nx>
	<Ny>0</Ny>
	<Nz>0</Nz></Normal></Edge>
	<Edge>
	<Start>89</Start>
	<End>90</End>
	<Normal>
	<Nx>0</Nx>
	<Ny>0</Ny>
	<Nz>0</Nz></Normal></Edge>
	<Edge>
	<Start>90</Start>
	<End>91</End>
	<Normal>
	<Nx>0</Nx>
	<Ny>0</Ny>
	<Nz>0</Nz></Normal></Edge>
	<Edge>
	<Start>91</Start>
	<End>92</End>
	<Normal>
	<Nx>0</Nx>
	<Ny>0</Ny>
	<Nz>0</Nz></Normal></Edge>
	<Edge>
	<Start>92</Start>
	<End>93</End>
	<Normal>
	<Nx>0</Nx>
	<Ny>0</Ny>
	<Nz>0</Nz></Normal></Edge>
	<Edge>
	<Start>93</Start>
	<End>94</End>
	<Normal>
	<Nx>0</Nx>
	<Ny>0</Ny>
	<Nz>0</Nz></Normal></Edge>
	<Edge>
	<Start>94</Start>
	<End>95</End>
	<Normal>
	<Nx>0</Nx>
	<Ny>0</Ny>
	<Nz>0</Nz></Normal></Edge>
	<Edge>
	<Start>95</Start>
	<End>96</End>
	<Normal>
	<Nx>0</Nx>
	<Ny>0</Ny>
	<Nz>0</Nz></Normal></Edge>
	<Edge>
	<Start>96</Start>
	<End>97</End>
	<Normal>
	<Nx>0</Nx>
	<Ny>0</Ny>
	<Nz>0</Nz></Normal></Edge>
	<Edge>
	<Start>97</Start>
	<End>98</End>
	<Normal>
	<Nx>0</Nx>
	<Ny>0</Ny>
	<Nz>0</Nz></Normal></Edge>
	<Edge>
	<Start>98</Start>
	<End>99</End>
	<Normal>
	<Nx>0</Nx>
	<Ny>0</Ny>
	<Nz>0</Nz></Normal></Edge>
	<Edge>
	<Start>99</Start>
	<End>100</End>
	<Normal>
	<Nx>0</Nx>
	<Ny>0</Ny>
	<Nz>0</Nz></Normal></Edge>
	<Edge>
	<Start>100</Start>
	<End>101</End>
	<Normal>
	<Nx>0</Nx>
	<Ny>0</Ny>
	<Nz>0</Nz></Normal></Edge>
	<Edge>
	<Start>101</Start>
	<End>102</End>
	<Normal>
	<Nx>0</Nx>
	<Ny>0</Ny>
	<Nz>0</Nz></Normal></Edge>
	<Edge>
	<Start>102</Start>
	<End>103</End>
	<Normal>
	<Nx>0</Nx>
	<Ny>0</Ny>
	<Nz>0</Nz></Normal></Edge>
	<Edge>
	<Start>103</Start>
	<End>104</End>
	<Normal>
	<Nx>0</Nx>
	<Ny>0</Ny>
	<Nz>0</Nz></Normal></Edge>
	<Edge>
	<Start>104</Start>
	<End>105</End>
	<Normal>
	<Nx>0</Nx>
	<Ny>0</Ny>
	<Nz>0</Nz></Normal></Edge>
	<Edge>
	<Start>105</Start>
	<End>106</End>
	<Normal>
	<Nx>0</Nx>
	<Ny>0</Ny>
	<Nz>0</Nz></Normal></Edge>
	<Edge>
	<Start>106</Start>
	<End>107</End>
	<Normal>
	<Nx>0</Nx>
	<Ny>0</Ny>
	<Nz>0</Nz></Normal></Edge>
	<Edge>
	<Start>107</Start>
	<End>108</End>
	<Normal>
	<Nx>0</Nx>
	<Ny>0</Ny>
	<Nz>0</Nz></Normal></Edge>
	<Edge>
	<Start>108</Start>
	<End>109</End>
	<Normal>
	<Nx>0</Nx>
	<Ny>0</Ny>
	<Nz>0</Nz></Normal></Edge>
	<Edge>
	<Start>109</Start>
	<End>110</End>
	<Normal>
	<Nx>0</Nx>
	<Ny>0</Ny>
	<Nz>0</Nz></Normal></Edge>
	<Edge>
	<Start>110</Start>
	<End>111</End>
	<Normal>
	<Nx>0</Nx>
	<Ny>0</Ny>
	<Nz>0</Nz></Normal></Edge>
	<Edge>
	<Start>111</Start>
	<End>112</End>
	<Normal>
	<Nx>0</Nx>
	<Ny>0</Ny>
	<Nz>0</Nz></Normal></Edge>
	<Edge>
	<Start>112</Start>
	<End>113</End>
	<Normal>
	<Nx>0</Nx>
	<Ny>0</Ny>
	<Nz>0</Nz></Normal></Edge>
	<Edge>
	<Start>113</Start>
	<End>114</End>
	<Normal>
	<Nx>0</Nx>
	<Ny>0</Ny>
	<Nz>0</Nz></Normal></Edge>
	<Edge>
	<Start>114</Start>
	<End>115</End>
	<Normal>
	<Nx>0</Nx>
	<Ny>0</Ny>
	<Nz>0</Nz></Normal></Edge>
	<Edge>
	<Start>115</Start>
	<End>116</End>
	<Normal>
	<Nx>0</Nx>
	<Ny>0</Ny>
	<Nz>0</Nz></Normal></Edge>
	<Edge>
	<Start>116</Start>
	<End>117</End>
	<Normal>
	<Nx>0</Nx>
	<Ny>0</Ny>
	<Nz>0</Nz></Normal></Edge>
	<Edge>
	<Start>117</Start>
	<End>118</End>
	<Normal>
	<Nx>0</Nx>
	<Ny>0</Ny>
	<Nz>0</Nz></Normal></Edge>
	<Edge>
	<Start>118</Start>
	<End>119</End>
	<Normal>
	<Nx>0</Nx>
	<Ny>0</Ny>
	<Nz>0</Nz></Normal></Edge>
	<Edge>
	<Start>119</Start>
	<End>120</End>
	<Normal>
	<Nx>0</Nx>
	<Ny>0</Ny>
	<Nz>0</Nz></Normal></Edge>
	<Edge>
	<Start>120</Start>
	<End>121</End>
	<Normal>
	<Nx>0</Nx>
	<Ny>0</Ny>
	<Nz>0</Nz></Normal></Edge>
	<Edge>
	<Start>121</Start>
	<End>122</End>
	<Normal>
	<Nx>0</Nx>
	<Ny>0</Ny>
	<Nz>0</Nz></Normal></Edge>
	<Edge>
	<Start>122</Start>
	<End>123</End>
	<Normal>
	<Nx>0</Nx>
	<Ny>0</Ny>
	<Nz>0</Nz></Normal></Edge>
	<Edge>
	<Start>123</Start>
	<End>124</End>
	<Normal>
	<Nx>0</Nx>
	<Ny>0</Ny>
	<Nz>0</Nz></Normal></Edge>
	<Edge>
	<Start>124</Start>
	<End>125</End>
	<Normal>
	<Nx>0</Nx>
	<Ny>0</Ny>
	<Nz>0</Nz></Normal></Edge>
	<Edge>
	<Start>125</Start>
	<End>126</End>
	<Normal>
	<Nx>0</Nx>
	<Ny>0</Ny>
	<Nz>0</Nz></Normal></Edge>
	<Edge>
	<Start>126</Start>
	<End>127</End>
	<Normal>
	<Nx>0</Nx>
	<Ny>0</Ny>
	<Nz>0</Nz></Normal></Edge>
	<Edge>
	<Start>127</Start>
	<End>128</End>
	<Normal>
	<Nx>0</Nx>
	<Ny>0</Ny>
	<Nz>0</Nz></Normal></Edge>
	<Edge>
	<Start>128</Start>
	<End>129</End>
	<Normal>
	<Nx>0</Nx>
	<Ny>0</Ny>
	<Nz>0</Nz></Normal></Edge>
	<Edge>
	<Start>129</Start>
	<End>130</End>
	<Normal>
	<Nx>0</Nx>
	<Ny>0</Ny>
	<Nz>0</Nz></Normal></Edge>
	<Edge>
	<Start>130</Start>
	<End>131</End>
	<Normal>
	<Nx>0</Nx>
	<Ny>0</Ny>
	<Nz>0</Nz></Normal></Edge>
	<Edge>
	<Start>131</Start>
	<End>132</End>
	<Normal>
	<Nx>0</Nx>
	<Ny>0</Ny>
	<Nz>0</Nz></Normal></Edge>
	<Edge>
	<Start>132</Start>
	<End>133</End>
	<Normal>
	<Nx>0</Nx>
	<Ny>0</Ny>
	<Nz>0</Nz></Normal></Edge>
	<Edge>
	<Start>133</Start>
	<End>134</End>
	<Normal>
	<Nx>0</Nx>
	<Ny>0</Ny>
	<Nz>0</Nz></Normal></Edge>
	<Edge>
	<Start>134</Start>
	<End>135</End>
	<Normal>
	<Nx>0</Nx>
	<Ny>0</Ny>
	<Nz>0</Nz></Normal></Edge>
	<Edge>
	<Start>135</Start>
	<End>136</End>
	<Normal>
	<Nx>0</Nx>
	<Ny>0</Ny>
	<Nz>0</Nz></Normal></Edge>
	<Edge>
	<Start>136</Start>
	<End>137</End>
	<Normal>
	<Nx>0</Nx>
	<Ny>0</Ny>
	<Nz>0</Nz></Normal></Edge>
	<Edge>
	<Start>137</Start>
	<End>138</End>
	<Normal>
	<Nx>0</Nx>
	<Ny>0</Ny>
	<Nz>0</Nz></Normal></Edge>
	<Edge>
	<Start>138</Start>
	<End>139</End>
	<Normal>
	<Nx>0</Nx>
	<Ny>0</Ny>
	<Nz>0</Nz></Normal></Edge>
	<Edge>
	<Start>139</Start>
	<End>140</End>
	<Normal>
	<Nx>0</Nx>
	<Ny>0</Ny>
	<Nz>0</Nz></Normal></Edge>
	<Edge>
	<Start>140</Start>
	<End>141</End>
	<Normal>
	<Nx>0</Nx>
	<Ny>0</Ny>
	<Nz>0</Nz></Normal></Edge>
	<Edge>
	<Start>141</Start>
	<End>142</End>
	<Normal>
	<Nx>0</Nx>
	<Ny>0</Ny>
	<Nz>0</Nz></Normal></Edge>
	<Edge>
	<Start>142</Start>
	<End>143</End>
	<Normal>
	<Nx>0</Nx>
	<Ny>0</Ny>
	<Nz>0</Nz></Normal></Edge>
	<Edge>
	<Start>143</Start>
	<End>144</End>
	<Normal>
	<Nx>0</Nx>
	<Ny>0</Ny>
	<Nz>0</Nz></Normal></Edge>
	<Edge>
	<Start>144</Start>
	<End>145</End>
	<Normal>
	<Nx>0</Nx>
	<Ny>0</Ny>
	<Nz>0</Nz></Normal></Edge>
	<Edge>
	<Start>145</Start>
	<End>146</End>
	<Normal>
	<Nx>0</Nx>
	<Ny>0</Ny>
	<Nz>0</Nz></Normal></Edge>
	<Edge>
	<Start>146</Start>
	<End>147</End>
	<Normal>
	<Nx>0</Nx>
	<Ny>0</Ny>
	<Nz>0</Nz></Normal></Edge>
	<Edge>
	<Start>147</Start>
	<End>148</End>
	<Normal>
	<Nx>0</Nx>
	<Ny>0</Ny>
	<Nz>0</Nz></Normal></Edge>
	<Edge>
	<Start>148</Start>
	<End>149</End>
	<Normal>
	<Nx>0</Nx>
	<Ny>0</Ny>
	<Nz>0</Nz></Normal></Edge>
	<Edge>
	<Start>149</Start>
	<End>150</End>
	<Normal>
	<Nx>0</Nx>
	<Ny>0</Ny>
	<Nz>0</Nz></Normal></Edge>
	<Edge>
	<Start>150</Start>
	<End>151</End>
	<Normal>
	<Nx>0</Nx>
	<Ny>0</Ny>
	<Nz>0</Nz></Normal></Edge>
	<Edge>
	<Start>151</Start>
	<End>152</End>
	<Normal>
	<Nx>0</Nx>
	<Ny>0</Ny>
	<Nz>0</Nz></Normal></Edge>
	<Edge>
	<Start>152</Start>
	<End>153</End>
	<Normal>
	<Nx>0</Nx>
	<Ny>0</Ny>
	<Nz>0</Nz></Normal></Edge>
	<Edge>
	<Start>153</Start>
	<End>154</End>
	<Normal>
	<Nx>0</Nx>
	<Ny>0</Ny>
	<Nz>0</Nz></Normal></Edge>
	<Edge>
	<Start>154</Start>
	<End>155</End>
	<Normal>
	<Nx>0</Nx>
	<Ny>0</Ny>
	<Nz>0</Nz></Normal></Edge>
	<Edge>
	<Start>155</Start>
	<End>156</End>
	<Normal>
	<Nx>0</Nx>
	<Ny>0</Ny>
	<Nz>0</Nz></Normal></Edge>
	<Edge>
	<Start>156</Start>
	<End>157</End>
	<Normal>
	<Nx>0</Nx>
	<Ny>0</Ny>
	<Nz>0</Nz></Normal></Edge>
	<Edge>
	<Start>157</Start>
	<End>158</End>
	<Normal>
	<Nx>0</Nx>
	<Ny>0</Ny>
	<Nz>0</Nz></Normal></Edge>
	<Edge>
	<Start>158</Start>
	<End>159</End>
	<Normal>
	<Nx>0</Nx>
	<Ny>0</Ny>
	<Nz>0</Nz></Normal></Edge>
	<Edge>
	<Start>159</Start>
	<End>160</End>
	<Normal>
	<Nx>0</Nx>
	<Ny>0</Ny>
	<Nz>0</Nz></Normal></Edge>
	<Edge>
	<Start>160</Start>
	<End>161</End>
	<Normal>
	<Nx>0</Nx>
	<Ny>0</Ny>
	<Nz>0</Nz></Normal></Edge>
	<Edge>
	<Start>161</Start>
	<End>162</End>
	<Normal>
	<Nx>0</Nx>
	<Ny>0</Ny>
	<Nz>0</Nz></Normal></Edge>
	<Edge>
	<Start>162</Start>
	<End>163</End>
	<Normal>
	<Nx>0</Nx>
	<Ny>0</Ny>
	<Nz>0</Nz></Normal></Edge>
	<Edge>
	<Start>163</Start>
	<End>164</End>
	<Normal>
	<Nx>0</Nx>
	<Ny>0</Ny>
	<Nz>0</Nz></Normal></Edge>
	<Edge>
	<Start>164</Start>
	<End>165</End>
	<Normal>
	<Nx>0</Nx>
	<Ny>0</Ny>
	<Nz>0</Nz></Normal></Edge>
	<Edge>
	<Start>165</Start>
	<End>166</End>
	<Normal>
	<Nx>0</Nx>
	<Ny>0</Ny>
	<Nz>0</Nz></Normal></Edge>
	<Edge>
	<Start>166</Start>
	<End>167</End>
	<Normal>
	<Nx>0</Nx>
	<Ny>0</Ny>
	<Nz>0</Nz></Normal></Edge>
	<Edge>
	<Start>167</Start>
	<End>168</End>
	<Normal>
	<Nx>0</Nx>
	<Ny>0</Ny>
	<Nz>0</Nz></Normal></Edge>
	<Edge>
	<Start>168</Start>
	<End>169</End>
	<Normal>
	<Nx>0</Nx>
	<Ny>0</Ny>
	<Nz>0</Nz></Normal></Edge>
	<Edge>
	<Start>169</Start>
	<End>170</End>
	<Normal>
	<Nx>0</Nx>
	<Ny>0</Ny>
	<Nz>0</Nz></Normal></Edge>
	<Edge>
	<Start>170</Start>
	<End>171</End>
	<Normal>
	<Nx>0</Nx>
	<Ny>0</Ny>
	<Nz>0</Nz></Normal></Edge>
	<Edge>
	<Start>171</Start>
	<End>172</End>
	<Normal>
	<Nx>0</Nx>
	<Ny>0</Ny>
	<Nz>0</Nz></Normal></Edge>
	<Edge>
	<Start>172</Start>
	<End>173</End>
	<Normal>
	<Nx>0</Nx>
	<Ny>0</Ny>
	<Nz>0</Nz></Normal></Edge>
	<Edge>
	<Start>173</Start>
	<End>174</End>
	<Normal>
	<Nx>0</Nx>
	<Ny>0</Ny>
	<Nz>0</Nz></Normal></Edge>
	<Edge>
	<Start>174</Start>
	<End>175</End>
	<Normal>
	<Nx>0</Nx>
	<Ny>0</Ny>
	<Nz>0</Nz></Normal></Edge>
	<Edge>
	<Start>175</Start>
	<End>176</End>
	<Normal>
	<Nx>0</Nx>
	<Ny>0</Ny>
	<Nz>0</Nz></Normal></Edge>
	<Edge>
	<Start>176</Start>
	<End>177</End>
	<Normal>
	<Nx>0</Nx>
	<Ny>0</Ny>
	<Nz>0</Nz></Normal></Edge>
	<Edge>
	<Start>177</Start>
	<End>178</End>
	<Normal>
	<Nx>0</Nx>
	<Ny>0</Ny>
	<Nz>0</Nz></Normal></Edge>
	<Edge>
	<Start>178</Start>
	<End>179</End>
	<Normal>
	<Nx>0</Nx>
	<Ny>0</Ny>
	<Nz>0</Nz></Normal></Edge>
	<Edge>
	<Start>179</Start>
	<End>180</End>
	<Normal>
	<Nx>0</Nx>
	<Ny>0</Ny>
	<Nz>0</Nz></Normal></Edge>
	<Edge>
	<Start>180</Start>
	<End>181</End>
	<Normal>
	<Nx>0</Nx>
	<Ny>0</Ny>
	<Nz>0</Nz></Normal></Edge>
	<Edge>
	<Start>181</Start>
	<End>182</End>
	<Normal>
	<Nx>0</Nx>
	<Ny>0</Ny>
	<Nz>0</Nz></Normal></Edge>
	<Edge>
	<Start>182</Start>
	<End>183</End>
	<Normal>
	<Nx>0</Nx>
	<Ny>0</Ny>
	<Nz>0</Nz></Normal></Edge>
	<Edge>
	<Start>183</Start>
	<End>184</End>
	<Normal>
	<Nx>0</Nx>
	<Ny>0</Ny>
	<Nz>0</Nz></Normal></Edge>
	<Edge>
	<Start>184</Start>
	<End>185</End>
	<Normal>
	<Nx>0</Nx>
	<Ny>0</Ny>
	<Nz>0</Nz></Normal></Edge>
	<Edge>
	<Start>185</Start>
	<End>186</End>
	<Normal>
	<Nx>0</Nx>
	<Ny>0</Ny>
	<Nz>0</Nz></Normal></Edge>
	<Edge>
	<Start>186</Start>
	<End>187</End>
	<Normal>
	<Nx>0</Nx>
	<Ny>0</Ny>
	<Nz>0</Nz></Normal></Edge>
	<Edge>
	<Start>187</Start>
	<End>188</End>
	<Normal>
	<Nx>0</Nx>
	<Ny>0</Ny>
	<Nz>0</Nz></Normal></Edge>
	<Edge>
	<Start>188</Start>
	<End>189</End>
	<Normal>
	<Nx>0</Nx>
	<Ny>0</Ny>
	<Nz>0</Nz></Normal></Edge>
	<Edge>
	<Start>189</Start>
	<End>190</End>
	<Normal>
	<Nx>0</Nx>
	<Ny>0</Ny>
	<Nz>0</Nz></Normal></Edge>
	<Edge>
	<Start>190</Start>
	<End>191</End>
	<Normal>
	<Nx>0</Nx>
	<Ny>0</Ny>
	<Nz>0</Nz></Normal></Edge>
	<Edge>
	<Start>191</Start>
	<End>192</End>
	<Normal>
	<Nx>0</Nx>
	<Ny>0</Ny>
	<Nz>0</Nz></Normal></Edge>
	<Edge>
	<Start>192</Start>
	<End>193</End>
	<Normal>
	<Nx>0</Nx>
	<Ny>0</Ny>
	<Nz>0</Nz></Normal></Edge>
	<Edge>
	<Start>193</Start>
	<End>194</End>
	<Normal>
	<Nx>0</Nx>
	<Ny>0</Ny>
	<Nz>0</Nz></Normal></Edge>
	<Edge>
	<Start>194</Start>
	<End>195</End>
	<Normal>
	<Nx>0</Nx>
	<Ny>0</Ny>
	<Nz>0</Nz></Normal></Edge>
	<Edge>
	<Start>195</Start>
	<End>196</End>
	<Normal>
	<Nx>0</Nx>
	<Ny>0</Ny>
	<Nz>0</Nz></Normal></Edge>
	<Edge>
	<Start>196</Start>
	<End>197</End>
	<Normal>
	<Nx>0</Nx>
	<Ny>0</Ny>
	<Nz>0</Nz></Normal></Edge>
	<Edge>
	<Start>197</Start>
	<End>198</End>
	<Normal>
	<Nx>0</Nx>
	<Ny>0</Ny>
	<Nz>0</Nz></Normal></Edge>
	<Edge>
	<Start>198</Start>
	<End>199</End>
	<Normal>
	<Nx>0</Nx>
	<Ny>0</Ny>
	<Nz>0</Nz></Normal></Edge>
	<Edge>
	<Start>199</Start>
	<End>200</End>
	<Normal>
	<Nx>0</Nx>
	<Ny>0</Ny>
	<Nz>0</Nz></Normal></Edge>
	<Edge>
	<Start>200</Start>
	<End>201</End>
	<Normal>
	<Nx>0</Nx>
	<Ny>0</Ny>
	<Nz>0</Nz></Normal></Edge>
	<Edge>
	<Start>201</Start>
	<End>202</End>
	<Normal>
	<Nx>0</Nx>
	<Ny>0</Ny>
	<Nz>0</Nz></Normal></Edge>
	<Edge>
	<Start>202</Start>
	<End>203</End>
	<Normal>
	<Nx>0</Nx>
	<Ny>0</Ny>
	<Nz>0</Nz></Normal></Edge>
	<Edge>
	<Start>203</Start>
	<End>204</End>
	<Normal>
	<Nx>0</Nx>
	<Ny>0</Ny>
	<Nz>0</Nz></Normal></Edge>
	<Edge>
	<Start>204</Start>
	<End>205</End>
	<Normal>
	<Nx>0</Nx>
	<Ny>0</Ny>
	<Nz>0</Nz></Normal></Edge>
	<Edge>
	<Start>205</Start>
	<End>206</End>
	<Normal>
	<Nx>0</Nx>
	<Ny>0</Ny>
	<Nz>0</Nz></Normal></Edge>
	<Edge>
	<Start>206</Start>
	<End>207</End>
	<Normal>
	<Nx>0</Nx>
	<Ny>0</Ny>
	<Nz>0</Nz></Normal></Edge>
	<Edge>
	<Start>207</Start>
	<End>208</End>
	<Normal>
	<Nx>0</Nx>
	<Ny>0</Ny>
	<Nz>0</Nz></Normal></Edge>
	<Edge>
	<Start>208</Start>
	<End>209</End>
	<Normal>
	<Nx>0</Nx>
	<Ny>0</Ny>
	<Nz>0</Nz></Normal></Edge>
	<Edge>
	<Start>209</Start>
	<End>210</End>
	<Normal>
	<Nx>0</Nx>
	<Ny>0</Ny>
	<Nz>0</Nz></Normal></Edge>
	<Edge>
	<Start>210</Start>
	<End>211</End>
	<Normal>
	<Nx>0</Nx>
	<Ny>0</Ny>
	<Nz>0</Nz></Normal></Edge>
	<Edge>
	<Start>211</Start>
	<End>212</End>
	<Normal>
	<Nx>0</Nx>
	<Ny>0</Ny>
	<Nz>0</Nz></Normal></Edge>
	<Edge>
	<Start>212</Start>
	<End>213</End>
	<Normal>
	<Nx>0</Nx>
	<Ny>0</Ny>
	<Nz>0</Nz></Normal></Edge>
	<Edge>
	<Start>213</Start>
	<End>214</End>
	<Normal>
	<Nx>0</Nx>
	<Ny>0</Ny>
	<Nz>0</Nz></Normal></Edge>
	<Edge>
	<Start>214</Start>
	<End>215</End>
	<Normal>
	<Nx>0</Nx>
	<Ny>0</Ny>
	<Nz>0</Nz></Normal></Edge>
	<Edge>
	<Start>215</Start>
	<End>216</End>
	<Normal>
	<Nx>0</Nx>
	<Ny>0</Ny>
	<Nz>0</Nz></Normal></Edge>
	<Edge>
	<Start>216</Start>
	<End>217</End>
	<Normal>
	<Nx>0</Nx>
	<Ny>0</Ny>
	<Nz>0</Nz></Normal></Edge>
	<Edge>
	<Start>217</Start>
	<End>218</End>
	<Normal>
	<Nx>0</Nx>
	<Ny>0</Ny>
	<Nz>0</Nz></Normal></Edge>
	<Edge>
	<Start>218</Start>
	<End>219</End>
	<Normal>
	<Nx>0</Nx>
	<Ny>0</Ny>
	<Nz>0</Nz></Normal></Edge>
	<Edge>
	<Start>219</Start>
	<End>220</End>
	<Normal>
	<Nx>0</Nx>
	<Ny>0</Ny>
	<Nz>0</Nz></Normal></Edge>
	<Edge>
	<Start>220</Start>
	<End>221</End>
	<Normal>
	<Nx>0</Nx>
	<Ny>0</Ny>
	<Nz>0</Nz></Normal></Edge>
	<Edge>
	<Start>221</Start>
	<End>222</End>
	<Normal>
	<Nx>0</Nx>
	<Ny>0</Ny>
	<Nz>0</Nz></Normal></Edge>
	<Edge>
	<Start>222</Start>
	<End>223</End>
	<Normal>
	<Nx>0</Nx>
	<Ny>0</Ny>
	<Nz>0</Nz></Normal></Edge>
	<Edge>
	<Start>223</Start>
	<End>224</End>
	<Normal>
	<Nx>0</Nx>
	<Ny>0</Ny>
	<Nz>0</Nz></Normal></Edge>
	<Edge>
	<Start>224</Start>
	<End>225</End>
	<Normal>
	<Nx>0</Nx>
	<Ny>0</Ny>
	<Nz>0</Nz></Normal></Edge>
	<Edge>
	<Start>225</Start>
	<End>226</End>
	<Normal>
	<Nx>0</Nx>
	<Ny>0</Ny>
	<Nz>0</Nz></Normal></Edge>
	<Edge>
	<Start>226</Start>
	<End>227</End>
	<Normal>
	<Nx>0</Nx>
	<Ny>0</Ny>
	<Nz>0</Nz></Normal></Edge>
	<Edge>
	<Start>227</Start>
	<End>228</End>
	<Normal>
	<Nx>0</Nx>
	<Ny>0</Ny>
	<Nz>0</Nz></Normal></Edge>
	<Edge>
	<Start>228</Start>
	<End>229</End>
	<Normal>
	<Nx>0</Nx>
	<Ny>0</Ny>
	<Nz>0</Nz></Normal></Edge>
	<Edge>
	<Start>229</Start>
	<End>230</End>
	<Normal>
	<Nx>0</Nx>
	<Ny>0</Ny>
	<Nz>0</Nz></Normal></Edge>
	<Edge>
	<Start>230</Start>
	<End>231</End>
	<Normal>
	<Nx>0</Nx>
	<Ny>0</Ny>
	<Nz>0</Nz></Normal></Edge>
	<Edge>
	<Start>231</Start>
	<End>232</End>
	<Normal>
	<Nx>0</Nx>
	<Ny>0</Ny>
	<Nz>0</Nz></Normal></Edge>
	<Edge>
	<Start>232</Start>
	<End>233</End>
	<Normal>
	<Nx>0</Nx>
	<Ny>0</Ny>
	<Nz>0</Nz></Normal></Edge>
	<Edge>
	<Start>233</Start>
	<End>234</End>
	<Normal>
	<Nx>0</Nx>
	<Ny>0</Ny>
	<Nz>0</Nz></Normal></Edge>
	<Edge>
	<Start>234</Start>
	<End>235</End>
	<Normal>
	<Nx>0</Nx>
	<Ny>0</Ny>
	<Nz>0</Nz></Normal></Edge>
	<Edge>
	<Start>235</Start>
	<End>236</End>
	<Normal>
	<Nx>0</Nx>
	<Ny>0</Ny>
	<Nz>0</Nz></Normal></Edge>
	<Edge>
	<Start>236</Start>
	<End>237</End>
	<Normal>
	<Nx>0</Nx>
	<Ny>0</Ny>
	<Nz>0</Nz></Normal></Edge>
	<Edge>
	<Start>237</Start>
	<End>238</End>
	<Normal>
	<Nx>0</Nx>
	<Ny>0</Ny>
	<Nz>0</Nz></Normal></Edge>
	<Edge>
	<Start>238</Start>
	<End>239</End>
	<Normal>
	<Nx>0</Nx>
	<Ny>0</Ny>
	<Nz>0</Nz></Normal></Edge>
	<Edge>
	<Start>239</Start>
	<End>240</End>
	<Normal>
	<Nx>0</Nx>
	<Ny>0</Ny>
	<Nz>0</Nz></Normal></Edge>
	<Edge>
	<Start>240</Start>
	<End>241</End>
	<Normal>
	<Nx>0</Nx>
	<Ny>0</Ny>
	<Nz>0</Nz></Normal></Edge>
	<Edge>
	<Start>241</Start>
	<End>242</End>
	<Normal>
	<Nx>0</Nx>
	<Ny>0</Ny>
	<Nz>0</Nz></Normal></Edge>
	<Edge>
	<Start>242</Start>
	<End>243</End>
	<Normal>
	<Nx>0</Nx>
	<Ny>0</Ny>
	<Nz>0</Nz></Normal></Edge>
	<Edge>
	<Start>243</Start>
	<End>244</End>
	<Normal>
	<Nx>0</Nx>
	<Ny>0</Ny>
	<Nz>0</Nz></Normal></Edge>
	<Edge>
	<Start>244</Start>
	<End>245</End>
	<Normal>
	<Nx>0</Nx>
	<Ny>0</Ny>
	<Nz>0</Nz></Normal></Edge>
	<Edge>
	<Start>245</Start>
	<End>246</End>
	<Normal>
	<Nx>0</Nx>
	<Ny>0</Ny>
	<Nz>0</Nz></Normal></Edge>
	<Edge>
	<Start>246</Start>
	<End>247</End>
	<Normal>
	<Nx>0</Nx>
	<Ny>0</Ny>
	<Nz>0</Nz></Normal></Edge>
	<Edge>
	<Start>247</Start>
	<End>248</End>
	<Normal>
	<Nx>0</Nx>
	<Ny>0</Ny>
	<Nz>0</Nz></Normal></Edge>
	<Edge>
	<Start>248</Start>
	<End>249</End>
	<Normal>
	<Nx>0</Nx>
	<Ny>0</Ny>
	<Nz>0</Nz></Normal></Edge>
	<Edge>
	<Start>249</Start>
	<End>250</End>
	<Normal>
	<Nx>0</Nx>
	<Ny>0</Ny>
	<Nz>0</Nz></Normal></Edge>
	<Edge>
	<Start>250</Start>
	<End>251</End>
	<Normal>
	<Nx>0</Nx>
	<Ny>0</Ny>
	<Nz>0</Nz></Normal></Edge>
	<Edge>
	<Start>251</Start>
	<End>252</End>
	<Normal>
	<Nx>0</Nx>
	<Ny>0</Ny>
	<Nz>0</Nz></Normal></Edge>
	<Edge>
	<Start>252</Start>
	<End>253</End>
	<Normal>
	<Nx>0</Nx>
	<Ny>0</Ny>
	<Nz>0</Nz></Normal></Edge>
	<Edge>
	<Start>253</Start>
	<End>254</End>
	<Normal>
	<Nx>0</Nx>
	<Ny>0</Ny>
	<Nz>0</Nz></Normal></Edge>
	<Edge>
	<Start>254</Start>
	<End>255</End>
	<Normal>
	<Nx>0</Nx>
	<Ny>0</Ny>
	<Nz>0</Nz></Normal></Edge>
	<Edge>
	<Start>255</Start>
	<End>256</End>
	<Normal>
	<Nx>0</Nx>
	<Ny>0</Ny>
	<Nz>0</Nz></Normal></Edge>
	<Edge>
	<Start>256</Start>
	<End>257</End>
	<Normal>
	<Nx>0</Nx>
	<Ny>0</Ny>
	<Nz>0</Nz></Normal></Edge>
	<Edge>
	<Start>257</Start>
	<End>258</End>
	<Normal>
	<Nx>0</Nx>
	<Ny>0</Ny>
	<Nz>0</Nz></Normal></Edge>
	<Edge>
	<Start>258</Start>
	<End>259</End>
	<Normal>
	<Nx>0</Nx>
	<Ny>0</Ny>
	<Nz>0</Nz></Normal></Edge>
	<Edge>
	<Start>259</Start>
	<End>260</End>
	<Normal>
	<Nx>0</Nx>
	<Ny>0</Ny>
	<Nz>0</Nz></Normal></Edge>
	<Edge>
	<Start>260</Start>
	<End>261</End>
	<Normal>
	<Nx>0</Nx>
	<Ny>0</Ny>
	<Nz>0</Nz></Normal></Edge>
	<Edge>
	<Start>261</Start>
	<End>262</End>
	<Normal>
	<Nx>0</Nx>
	<Ny>0</Ny>
	<Nz>0</Nz></Normal></Edge>
	<Edge>
	<Start>262</Start>
	<End>263</End>
	<Normal>
	<Nx>0</Nx>
	<Ny>0</Ny>
	<Nz>0</Nz></Normal></Edge>
	<Edge>
	<Start>263</Start>
	<End>264</End>
	<Normal>
	<Nx>0</Nx>
	<Ny>0</Ny>
	<Nz>0</Nz></Normal></Edge>
	<Edge>
	<Start>264</Start>
	<End>265</End>
	<Normal>
	<Nx>0</Nx>
	<Ny>0</Ny>
	<Nz>0</Nz></Normal></Edge>
	<Edge>
	<Start>265</Start>
	<End>266</End>
	<Normal>
	<Nx>0</Nx>
	<Ny>0</Ny>
	<Nz>0</Nz></Normal></Edge>
	<Edge>
	<Start>266</Start>
	<End>267</End>
	<Normal>
	<Nx>0</Nx>
	<Ny>0</Ny>
	<Nz>0</Nz></Normal></Edge>
	<Edge>
	<Start>267</Start>
	<End>268</End>
	<Normal>
	<Nx>0</Nx>
	<Ny>0</Ny>
	<Nz>0</Nz></Normal></Edge>
	<Edge>
	<Start>268</Start>
	<End>269</End>
	<Normal>
	<Nx>0</Nx>
	<Ny>0</Ny>
	<Nz>0</Nz></Normal></Edge>
	<Edge>
	<Start>269</Start>
	<End>270</End>
	<Normal>
	<Nx>0</Nx>
	<Ny>0</Ny>
	<Nz>0</Nz></Normal></Edge>
	<Edge>
	<Start>270</Start>
	<End>271</End>
	<Normal>
	<Nx>0</Nx>
	<Ny>0</Ny>
	<Nz>0</Nz></Normal></Edge>
	<Edge>
	<Start>271</Start>
	<End>272</End>
	<Normal>
	<Nx>0</Nx>
	<Ny>0</Ny>
	<Nz>0</Nz></Normal></Edge>
	<Edge>
	<Start>272</Start>
	<End>273</End>
	<Normal>
	<Nx>0</Nx>
	<Ny>0</Ny>
	<Nz>0</Nz></Normal></Edge>
	<Edge>
	<Start>273</Start>
	<End>274</End>
	<Normal>
	<Nx>0</Nx>
	<Ny>0</Ny>
	<Nz>0</Nz></Normal></Edge>
	<Edge>
	<Start>274</Start>
	<End>275</End>
	<Normal>
	<Nx>0</Nx>
	<Ny>0</Ny>
	<Nz>0</Nz></Normal></Edge>
	<Edge>
	<Start>275</Start>
	<End>276</End>
	<Normal>
	<Nx>0</Nx>
	<Ny>0</Ny>
	<Nz>0</Nz></Normal></Edge>
	<Edge>
	<Start>276</Start>
	<End>277</End>
	<Normal>
	<Nx>0</Nx>
	<Ny>0</Ny>
	<Nz>0</Nz></Normal></Edge>
	<Edge>
	<Start>277</Start>
	<End>278</End>
	<Normal>
	<Nx>0</Nx>
	<Ny>0</Ny>
	<Nz>0</Nz></Normal></Edge>
	<Edge>
	<Start>278</Start>
	<End>279</End>
	<Normal>
	<Nx>0</Nx>
	<Ny>0</Ny>
	<Nz>0</Nz></Normal></Edge>
	<Edge>
	<Start>279</Start>
	<End>280</End>
	<Normal>
	<Nx>0</Nx>
	<Ny>0</Ny>
	<Nz>0</Nz></Normal></Edge>
	<Edge>
	<Start>280</Start>
	<End>281</End>
	<Normal>
	<Nx>0</Nx>
	<Ny>0</Ny>
	<Nz>0</Nz></Normal></Edge>
	<Edge>
	<Start>281</Start>
	<End>282</End>
	<Normal>
	<Nx>0</Nx>
	<Ny>0</Ny>
	<Nz>0</Nz></Normal></Edge>
	<Edge>
	<Start>282</Start>
	<End>283</End>
	<Normal>
	<Nx>0</Nx>
	<Ny>0</Ny>
	<Nz>0</Nz></Normal></Edge>
	<Edge>
	<Start>283</Start>
	<End>284</End>
	<Normal>
	<Nx>0</Nx>
	<Ny>0</Ny>
	<Nz>0</Nz></Normal></Edge>
	<Edge>
	<Start>284</Start>
	<End>285</End>
	<Normal>
	<Nx>0</Nx>
	<Ny>0</Ny>
	<Nz>0</Nz></Normal></Edge>
	<Edge>
	<Start>285</Start>
	<End>286</End>
	<Normal>
	<Nx>0</Nx>
	<Ny>0</Ny>
	<Nz>0</Nz></Normal></Edge>
	<Edge>
	<Start>286</Start>
	<End>287</End>
	<Normal>
	<Nx>0</Nx>
	<Ny>0</Ny>
	<Nz>0</Nz></Normal></Edge>
	<Edge>
	<Start>287</Start>
	<End>288</End>
	<Normal>
	<Nx>0</Nx>
	<Ny>0</Ny>
	<Nz>0</Nz></Normal></Edge>
	<Edge>
	<Start>288</Start>
	<End>289</End>
	<Normal>
	<Nx>0</Nx>
	<Ny>0</Ny>
	<Nz>0</Nz></Normal></Edge>
	<Edge>
	<Start>289</Start>
	<End>290</End>
	<Normal>
	<Nx>0</Nx>
	<Ny>0</Ny>
	<Nz>0</Nz></Normal></Edge>
	<Edge>
	<Start>290</Start>
	<End>291</End>
	<Normal>
	<Nx>0</Nx>
	<Ny>0</Ny>
	<Nz>0</Nz></Normal></Edge>
	<Edge>
	<Start>291</Start>
	<End>292</End>
	<Normal>
	<Nx>0</Nx>
	<Ny>0</Ny>
	<Nz>0</Nz></Normal></Edge>
	<Edge>
	<Start>292</Start>
	<End>293</End>
	<Normal>
	<Nx>0</Nx>
	<Ny>0</Ny>
	<Nz>0</Nz></Normal></Edge>
	<Edge>
	<Start>293</Start>
	<End>294</End>
	<Normal>
	<Nx>0</Nx>
	<Ny>0</Ny>
	<Nz>0</Nz></Normal></Edge>
	<Edge>
	<Start>294</Start>
	<End>295</End>
	<Normal>
	<Nx>0</Nx>
	<Ny>0</Ny>
	<Nz>0</Nz></Normal></Edge>
	<Edge>
	<Start>295</Start>
	<End>296</End>
	<Normal>
	<Nx>0</Nx>
	<Ny>0</Ny>
	<Nz>0</Nz></Normal></Edge>
	<Edge>
	<Start>296</Start>
	<End>297</End>
	<Normal>
	<Nx>0</Nx>
	<Ny>0</Ny>
	<Nz>0</Nz></Normal></Edge>
	<Edge>
	<Start>297</Start>
	<End>298</End>
	<Normal>
	<Nx>0</Nx>
	<Ny>0</Ny>
	<Nz>0</Nz></Normal></Edge>
	<Edge>
	<Start>298</Start>
	<End>299</End>
	<Normal>
	<Nx>0</Nx>
	<Ny>0</Ny>
	<Nz>0</Nz></Normal></Edge>
	<Edge>
	<Start>299</Start>
	<End>300</End>
	<Normal>
	<Nx>0</Nx>
	<Ny>0</Ny>
	<Nz>0</Nz></Normal></Edge>
	<Edge>
	<Start>300</Start>
	<End>301</End>
	<Normal>
	<Nx>0</Nx>
	<Ny>0</Ny>
	<Nz>0</Nz></Normal></Edge>
	<Edge>
	<Start>301</Start>
	<End>302</End>
	<Normal>
	<Nx>0</Nx>
	<Ny>0</Ny>
	<Nz>0</Nz></Normal></Edge>
	<Edge>
	<Start>302</Start>
	<End>303</End>
	<Normal>
	<Nx>0</Nx>
	<Ny>0</Ny>
	<Nz>0</Nz></Normal></Edge>
	<Edge>
	<Start>303</Start>
	<End>304</End>
	<Normal>
	<Nx>0</Nx>
	<Ny>0</Ny>
	<Nz>0</Nz></Normal></Edge>
	<Edge>
	<Start>304</Start>
	<End>305</End>
	<Normal>
	<Nx>0</Nx>
	<Ny>0</Ny>
	<Nz>0</Nz></Normal></Edge>
	<Edge>
	<Start>305</Start>
	<End>306</End>
	<Normal>
	<Nx>0</Nx>
	<Ny>0</Ny>
	<Nz>0</Nz></Normal></Edge>
	<Edge>
	<Start>306</Start>
	<End>307</End>
	<Normal>
	<Nx>0</Nx>
	<Ny>0</Ny>
	<Nz>0</Nz></Normal></Edge>
	<Edge>
	<Start>307</Start>
	<End>308</End>
	<Normal>
	<Nx>0</Nx>
	<Ny>0</Ny>
	<Nz>0</Nz></Normal></Edge>
	<Edge>
	<Start>308</Start>
	<End>309</End>
	<Normal>
	<Nx>0</Nx>
	<Ny>0</Ny>
	<Nz>0</Nz></Normal></Edge>
	<Edge>
	<Start>309</Start>
	<End>310</End>
	<Normal>
	<Nx>0</Nx>
	<Ny>0</Ny>
	<Nz>0</Nz></Normal></Edge>
	<Edge>
	<Start>310</Start>
	<End>311</End>
	<Normal>
	<Nx>0</Nx>
	<Ny>0</Ny>
	<Nz>0</Nz></Normal></Edge>
	<Edge>
	<Start>311</Start>
	<End>312</End>
	<Normal>
	<Nx>0</Nx>
	<Ny>0</Ny>
	<Nz>0</Nz></Normal></Edge>
	<Edge>
	<Start>312</Start>
	<End>313</End>
	<Normal>
	<Nx>0</Nx>
	<Ny>0</Ny>
	<Nz>0</Nz></Normal></Edge>
	<Edge>
	<Start>313</Start>
	<End>314</End>
	<Normal>
	<Nx>0</Nx>
	<Ny>0</Ny>
	<Nz>0</Nz></Normal></Edge>
	<Edge>
	<Start>314</Start>
	<End>315</End>
	<Normal>
	<Nx>0</Nx>
	<Ny>0</Ny>
	<Nz>0</Nz></Normal></Edge>
	<Edge>
	<Start>315</Start>
	<End>316</End>
	<Normal>
	<Nx>0</Nx>
	<Ny>0</Ny>
	<Nz>0</Nz></Normal></Edge>
	<Edge>
	<Start>316</Start>
	<End>317</End>
	<Normal>
	<Nx>0</Nx>
	<Ny>0</Ny>
	<Nz>0</Nz></Normal></Edge>
	<Edge>
	<Start>317</Start>
	<End>318</End>
	<Normal>
	<Nx>0</Nx>
	<Ny>0</Ny>
	<Nz>0</Nz></Normal></Edge>
	<Edge>
	<Start>318</Start>
	<End>319</End>
	<Normal>
	<Nx>0</Nx>
	<Ny>0</Ny>
	<Nz>0</Nz></Normal></Edge>
	<Edge>
	<Start>319</Start>
	<End>320</End>
	<Normal>
	<Nx>0</Nx>
	<Ny>0</Ny>
	<Nz>0</Nz></Normal></Edge>
	<Edge>
	<Start>320</Start>
	<End>321</End>
	<Normal>
	<Nx>0</Nx>
	<Ny>0</Ny>
	<Nz>0</Nz></Normal></Edge>
	<Edge>
	<Start>321</Start>
	<End>322</End>
	<Normal>
	<Nx>0</Nx>
	<Ny>0</Ny>
	<Nz>0</Nz></Normal></Edge>
	<Edge>
	<Start>322</Start>
	<End>323</End>
	<Normal>
	<Nx>0</Nx>
	<Ny>0</Ny>
	<Nz>0</Nz></Normal></Edge>
	<Edge>
	<Start>323</Start>
	<End>324</End>
	<Normal>
	<Nx>0</Nx>
	<Ny>0</Ny>
	<Nz>0</Nz></Normal></Edge>
	<Edge>
	<Start>324</Start>
	<End>325</End>
	<Normal>
	<Nx>0</Nx>
	<Ny>0</Ny>
	<Nz>0</Nz></Normal></Edge>
	<Edge>
	<Start>325</Start>
	<End>326</End>
	<Normal>
	<Nx>0</Nx>
	<Ny>0</Ny>
	<Nz>0</Nz></Normal></Edge>
	<Edge>
	<Start>326</Start>
	<End>327</End>
	<Normal>
	<Nx>0</Nx>
	<Ny>0</Ny>
	<Nz>0</Nz></Normal></Edge>
	<Edge>
	<Start>327</Start>
	<End>328</End>
	<Normal>
	<Nx>0</Nx>
	<Ny>0</Ny>
	<Nz>0</Nz></Normal></Edge>
	<Edge>
	<Start>328</Start>
	<End>329</End>
	<Normal>
	<Nx>0</Nx>
	<Ny>0</Ny>
	<Nz>0</Nz></Normal></Edge>
	<Edge>
	<Start>329</Start>
	<End>330</End>
	<Normal>
	<Nx>0</Nx>
	<Ny>0</Ny>
	<Nz>0</Nz></Normal></Edge>
	<Edge>
	<Start>330</Start>
	<End>331</End>
	<Normal>
	<Nx>0</Nx>
	<Ny>0</Ny>
	<Nz>0</Nz></Normal></Edge>
	<Edge>
	<Start>331</Start>
	<End>332</End>
	<Normal>
	<Nx>0</Nx>
	<Ny>0</Ny>
	<Nz>0</Nz></Normal></Edge>
	<Edge>
	<Start>332</Start>
	<End>333</End>
	<Normal>
	<Nx>0</Nx>
	<Ny>0</Ny>
	<Nz>0</Nz></Normal></Edge>
	<Edge>
	<Start>333</Start>
	<End>334</End>
	<Normal>
	<Nx>0</Nx>
	<Ny>0</Ny>
	<Nz>0</Nz></Normal></Edge>
	<Edge>
	<Start>334</Start>
	<End>335</End>
	<Normal>
	<Nx>0</Nx>
	<Ny>0</Ny>
	<Nz>0</Nz></Normal></Edge>
	<Edge>
	<Start>335</Start>
	<End>336</End>
	<Normal>
	<Nx>0</Nx>
	<Ny>0</Ny>
	<Nz>0</Nz></Normal></Edge>
	<Edge>
	<Start>336</Start>
	<End>337</End>
	<Normal>
	<Nx>0</Nx>
	<Ny>0</Ny>
	<Nz>0</Nz></Normal></Edge>
	<Edge>
	<Start>337</Start>
	<End>338</End>
	<Normal>
	<Nx>0</Nx>
	<Ny>0</Ny>
	<Nz>0</Nz></Normal></Edge>
	<Edge>
	<Start>338</Start>
	<End>339</End>
	<Normal>
	<Nx>0</Nx>
	<Ny>0</Ny>
	<Nz>0</Nz></Normal></Edge>
	<Edge>
	<Start>339</Start>
	<End>340</End>
	<Normal>
	<Nx>0</Nx>
	<Ny>0</Ny>
	<Nz>0</Nz></Normal></Edge>
	<Edge>
	<Start>340</Start>
	<End>341</End>
	<Normal>
	<Nx>0</Nx>
	<Ny>0</Ny>
	<Nz>0</Nz></Normal></Edge>
	<Edge>
	<Start>341</Start>
	<End>342</End>
	<Normal>
	<Nx>0</Nx>
	<Ny>0</Ny>
	<Nz>0</Nz></Normal></Edge>
	<Edge>
	<Start>342</Start>
	<End>343</End>
	<Normal>
	<Nx>0</Nx>
	<Ny>0</Ny>
	<Nz>0</Nz></Normal></Edge>
	<Edge>
	<Start>343</Start>
	<End>344</End>
	<Normal>
	<Nx>0</Nx>
	<Ny>0</Ny>
	<Nz>0</Nz></Normal></Edge>
	<Edge>
	<Start>344</Start>
	<End>345</End>
	<Normal>
	<Nx>0</Nx>
	<Ny>0</Ny>
	<Nz>0</Nz></Normal></Edge>
	<Edge>
	<Start>345</Start>
	<End>346</End>
	<Normal>
	<Nx>0</Nx>
	<Ny>0</Ny>
	<Nz>0</Nz></Normal></Edge>
	<Edge>
	<Start>346</Start>
	<End>347</End>
	<Normal>
	<Nx>0</Nx>
	<Ny>0</Ny>
	<Nz>0</Nz></Normal></Edge>
	<Edge>
	<Start>347</Start>
	<End>348</End>
	<Normal>
	<Nx>0</Nx>
	<Ny>0</Ny>
	<Nz>0</Nz></Normal></Edge>
	<Edge>
	<Start>348</Start>
	<End>349</End>
	<Normal>
	<Nx>0</Nx>
	<Ny>0</Ny>
	<Nz>0</Nz></Normal></Edge>
	<Edge>
	<Start>349</Start>
	<End>350</End>
	<Normal>
	<Nx>0</Nx>
	<Ny>0</Ny>
	<Nz>0</Nz></Normal></Edge>
	<Edge>
	<Start>350</Start>
	<End>351</End>
	<Normal>
	<Nx>0</Nx>
	<Ny>0</Ny>
	<Nz>0</Nz></Normal></Edge>
	<Edge>
	<Start>351</Start>
	<End>352</End>
	<Normal>
	<Nx>0</Nx>
	<Ny>0</Ny>
	<Nz>0</Nz></Normal></Edge>
	<Edge>
	<Start>352</Start>
	<End>353</End>
	<Normal>
	<Nx>0</Nx>
	<Ny>0</Ny>
	<Nz>0</Nz></Normal></Edge>
	<Edge>
	<Start>353</Start>
	<End>354</End>
	<Normal>
	<Nx>0</Nx>
	<Ny>0</Ny>
	<Nz>0</Nz></Normal></Edge>
	<Edge>
	<Start>354</Start>
	<End>355</End>
	<Normal>
	<Nx>0</Nx>
	<Ny>0</Ny>
	<Nz>0</Nz></Normal></Edge>
	<Edge>
	<Start>355</Start>
	<End>356</End>
	<Normal>
	<Nx>0</Nx>
	<Ny>0</Ny>
	<Nz>0</Nz></Normal></Edge>
	<Edge>
	<Start>356</Start>
	<End>1</End>
	<Normal>
	<Nx>0</Nx>
	<Ny>0</Ny>
	<Nz>0</Nz></Normal></Edge></Region></Slice>
</Layer>