<?xml version="1.0"?><!--America Makes layer file created using MSXML 6.0--><Layer>
	<Thickness>0.05</Thickness>
	<VertexList>
	<Vertex>
	<X>1.452889</X>
	<Y>-20.035377</Y>
	<Co-ordinate_system>Cartesian</Co-ordinate_system></Vertex>
	<Vertex>
	<X>2.832255</X>
	<Y>-19.928605</Y></Vertex>
	<Vertex>
	<X>3.047044</X>
	<Y>-19.897872</Y></Vertex>
	<Vertex>
	<X>4.016192</X>
	<Y>-19.729111</Y></Vertex>
	<Vertex>
	<X>4.599337</X>
	<Y>-19.618167</Y></Vertex>
	<Vertex>
	<X>4.528620</X>
	<Y>-19.297356</Y></Vertex>
	<Vertex>
	<X>5.079112</X>
	<Y>-19.168518</Y></Vertex>
	<Vertex>
	<X>5.157946</X>
	<Y>-19.483328</Y></Vertex>
	<Vertex>
	<X>5.351167</X>
	<Y>-19.435552</Y></Vertex>
	<Vertex>
	<X>5.469730</X>
	<Y>-19.405580</Y></Vertex>
	<Vertex>
	<X>5.384706</X>
	<Y>-19.087520</Y></Vertex>
	<Vertex>
	<X>6.319114</X>
	<Y>-18.813634</Y></Vertex>
	<Vertex>
	<X>6.784467</X>
	<Y>-18.664496</Y></Vertex>
	<Vertex>
	<X>7.541866</X>
	<Y>-18.381959</Y></Vertex>
	<Vertex>
	<X>7.659316</X>
	<Y>-18.680567</Y></Vertex>
	<Vertex>
	<X>7.987344</X>
	<Y>-18.553711</Y></Vertex>
	<Vertex>
	<X>7.863537</X>
	<Y>-18.252164</Y></Vertex>
	<Vertex>
	<X>8.421738</X>
	<Y>-18.007355</Y></Vertex>
	<Vertex>
	<X>8.555072</X>
	<Y>-18.303835</Y></Vertex>
	<Vertex>
	<X>8.811500</X>
	<Y>-18.190281</Y></Vertex>
	<Vertex>
	<X>8.672324</X>
	<Y>-17.891915</Y></Vertex>
	<Vertex>
	<X>9.512166</X>
	<Y>-17.477401</Y></Vertex>
	<Vertex>
	<X>9.911221</X>
	<Y>-17.267869</Y></Vertex>
	<Vertex>
	<X>10.545015</X>
	<Y>-16.899150</Y></Vertex>
	<Vertex>
	<X>10.710670</X>
	<Y>-17.173962</Y></Vertex>
	<Vertex>
	<X>11.005382</X>
	<Y>-17.000218</Y></Vertex>
	<Vertex>
	<X>10.832658</X>
	<Y>-16.724320</Y></Vertex>
	<Vertex>
	<X>11.340770</X>
	<Y>-16.390154</Y></Vertex>
	<Vertex>
	<X>11.521254</X>
	<Y>-16.659850</Y></Vertex>
	<Vertex>
	<X>11.766010</X>
	<Y>-16.497409</Y></Vertex>
	<Vertex>
	<X>11.578960</X>
	<Y>-16.226475</Y></Vertex>
	<Vertex>
	<X>12.369073</X>
	<Y>-15.652446</Y></Vertex>
	<Vertex>
	<X>12.759466</X>
	<Y>-15.353619</Y></Vertex>
	<Vertex>
	<X>13.381980</X>
	<Y>-14.828755</Y></Vertex>
	<Vertex>
	<X>13.593164</X>
	<Y>-15.070339</Y></Vertex>
	<Vertex>
	<X>14.025555</X>
	<Y>-14.688844</Y></Vertex>
	<Vertex>
	<X>15.486203</X>
	<Y>-13.191091</Y></Vertex>
	<Vertex>
	<X>15.710523</X>
	<Y>-12.924531</Y></Vertex>
	<Vertex>
	<X>16.507228</X>
	<Y>-11.924143</Y></Vertex>
	<Vertex>
	<X>16.784580</X>
	<Y>-11.550636</Y></Vertex>
	<Vertex>
	<X>16.886879</X>
	<Y>-11.405310</Y></Vertex>
	<Vertex>
	<X>17.595623</X>
	<Y>-10.308263</Y></Vertex>
	<Vertex>
	<X>17.856047</X>
	<Y>-9.875326</Y></Vertex>
	<Vertex>
	<X>17.947551</X>
	<Y>-9.713873</Y></Vertex>
	<Vertex>
	<X>18.251456</X>
	<Y>-9.105858</Y></Vertex>
	<Vertex>
	<X>18.524732</X>
	<Y>-8.591728</Y></Vertex>
	<Vertex>
	<X>18.842760</X>
	<Y>-7.914022</Y></Vertex>
	<Vertex>
	<X>19.059407</X>
	<Y>-7.388344</Y></Vertex>
	<Vertex>
	<X>19.479579</X>
	<Y>-6.260755</Y></Vertex>
	<Vertex>
	<X>19.602735</X>
	<Y>-5.886921</Y></Vertex>
	<Vertex>
	<X>19.764272</X>
	<Y>-5.346216</Y></Vertex>
	<Vertex>
	<X>19.908000</X>
	<Y>-4.811665</Y></Vertex>
	<Vertex>
	<X>20.069815</X>
	<Y>-4.134749</Y></Vertex>
	<Vertex>
	<X>20.189211</X>
	<Y>-3.541492</Y></Vertex>
	<Vertex>
	<X>20.384211</X>
	<Y>-2.296164</Y></Vertex>
	<Vertex>
	<X>20.435503</X>
	<Y>-1.866124</Y></Vertex>
	<Vertex>
	<X>20.502775</X>
	<Y>-1.033532</Y></Vertex>
	<Vertex>
	<X>20.529916</X>
	<Y>-0.480760</Y></Vertex>
	<Vertex>
	<X>20.543203</X>
	<Y>0.223199</Y></Vertex>
	<Vertex>
	<X>20.534096</X>
	<Y>0.805978</Y></Vertex>
	<Vertex>
	<X>20.509435</X>
	<Y>1.358860</Y></Vertex>
	<Vertex>
	<X>20.454800</X>
	<Y>2.110516</Y></Vertex>
	<Vertex>
	<X>20.421780</X>
	<Y>2.439196</Y></Vertex>
	<Vertex>
	<X>20.328243</X>
	<Y>3.156211</Y></Vertex>
	<Vertex>
	<X>20.238828</X>
	<Y>3.719292</Y></Vertex>
	<Vertex>
	<X>20.125887</X>
	<Y>4.319967</Y></Vertex>
	<Vertex>
	<X>20.061720</X>
	<Y>4.616742</Y></Vertex>
	<Vertex>
	<X>19.932372</X>
	<Y>5.138306</Y></Vertex>
	<Vertex>
	<X>19.680144</X>
	<Y>6.077292</Y></Vertex>
	<Vertex>
	<X>19.563836</X>
	<Y>6.455394</Y></Vertex>
	<Vertex>
	<X>19.427660</X>
	<Y>6.855496</Y></Vertex>
	<Vertex>
	<X>19.084868</X>
	<Y>7.767286</Y></Vertex>
	<Vertex>
	<X>18.842763</X>
	<Y>8.360423</Y></Vertex>
	<Vertex>
	<X>17.907400</X>
	<Y>10.231776</Y></Vertex>
	<Vertex>
	<X>16.784580</X>
	<Y>11.997040</Y></Vertex>
	<Vertex>
	<X>16.485179</X>
	<Y>12.392069</Y></Vertex>
	<Vertex>
	<X>15.406024</X>
	<Y>13.728016</Y></Vertex>
	<Vertex>
	<X>15.218260</X>
	<Y>13.933733</Y></Vertex>
	<Vertex>
	<X>14.975787</X>
	<Y>13.712080</Y></Vertex>
	<Vertex>
	<X>14.588967</X>
	<Y>14.124405</Y></Vertex>
	<Vertex>
	<X>14.822184</X>
	<Y>14.350081</Y></Vertex>
	<Vertex>
	<X>14.598960</X>
	<Y>14.581216</Y></Vertex>
	<Vertex>
	<X>14.366024</X>
	<Y>14.348557</Y></Vertex>
	<Vertex>
	<X>13.661628</X>
	<Y>15.020832</Y></Vertex>
	<Vertex>
	<X>13.299791</X>
	<Y>15.349273</Y></Vertex>
	<Vertex>
	<X>12.676410</X>
	<Y>15.863932</Y></Vertex>
	<Vertex>
	<X>12.876286</X>
	<Y>16.114953</Y></Vertex>
	<Vertex>
	<X>12.602412</X>
	<Y>16.335601</Y></Vertex>
	<Vertex>
	<X>12.403830</X>
	<Y>16.077121</Y></Vertex>
	<Vertex>
	<X>11.912055</X>
	<Y>16.438621</Y></Vertex>
	<Vertex>
	<X>12.102152</X>
	<Y>16.702329</Y></Vertex>
	<Vertex>
	<X>11.875596</X>
	<Y>16.867625</Y></Vertex>
	<Vertex>
	<X>11.686789</X>
	<Y>16.597917</Y></Vertex>
	<Vertex>
	<X>10.907889</X>
	<Y>17.117981</Y></Vertex>
	<Vertex>
	<X>10.526900</X>
	<Y>17.358809</Y></Vertex>
	<Vertex>
	<X>9.890682</X>
	<Y>17.723333</Y></Vertex>
	<Vertex>
	<X>10.045850</X>
	<Y>18.004197</Y></Vertex>
	<Vertex>
	<X>9.757892</X>
	<Y>18.167317</Y></Vertex>
	<Vertex>
	<X>9.748026</X>
	<Y>18.172557</Y></Vertex>
	<Vertex>
	<X>9.595454</X>
	<Y>17.885021</Y></Vertex>
	<Vertex>
	<X>9.052004</X>
	<Y>18.157973</Y></Vertex>
	<Vertex>
	<X>9.195324</X>
	<Y>18.449129</Y></Vertex>
	<Vertex>
	<X>8.932270</X>
	<Y>18.579869</Y></Vertex>
	<Vertex>
	<X>8.791158</X>
	<Y>18.282417</Y></Vertex>
	<Vertex>
	<X>7.898976</X>
	<Y>18.679660</Y></Vertex>
	<Vertex>
	<X>7.444989</X>
	<Y>18.868333</Y></Vertex>
	<Vertex>
	<X>6.679185</X>
	<Y>19.145017</Y></Vertex>
	<Vertex>
	<X>6.782814</X>
	<Y>19.448701</Y></Vertex>
	<Vertex>
	<X>5.763364</X>
	<Y>19.760132</Y></Vertex>
	<Vertex>
	<X>4.890455</X>
	<Y>19.999933</Y></Vertex>
	<Vertex>
	<X>4.275094</X>
	<Y>20.120280</Y></Vertex>
	<Vertex>
	<X>3.628813</X>
	<Y>20.227121</Y></Vertex>
	<Vertex>
	<X>2.831901</X>
	<Y>20.372345</Y></Vertex>
	<Vertex>
	<X>2.515718</X>
	<Y>20.413296</Y></Vertex>
	<Vertex>
	<X>1.875576</X>
	<Y>20.473821</Y></Vertex>
	<Vertex>
	<X>0.746397</X>
	<Y>20.536461</Y></Vertex>
	<Vertex>
	<X>0.038432</X>
	<Y>20.518229</Y></Vertex>
	<Vertex>
	<X>-0.512347</X>
	<Y>20.521524</Y></Vertex>
	<Vertex>
	<X>-1.169396</X>
	<Y>20.495077</Y></Vertex>
	<Vertex>
	<X>-1.986843</X>
	<Y>20.416896</Y></Vertex>
	<Vertex>
	<X>-2.887659</X>
	<Y>20.300016</Y></Vertex>
	<Vertex>
	<X>-3.302020</X>
	<Y>20.234861</Y></Vertex>
	<Vertex>
	<X>-3.763054</X>
	<Y>20.146792</Y></Vertex>
	<Vertex>
	<X>-4.676102</X>
	<Y>19.940564</Y></Vertex>
	<Vertex>
	<X>-5.212140</X>
	<Y>19.802644</Y></Vertex>
	<Vertex>
	<X>-5.627408</X>
	<Y>19.682241</Y></Vertex>
	<Vertex>
	<X>-5.997353</X>
	<Y>19.563820</Y></Vertex>
	<Vertex>
	<X>-6.706384</X>
	<Y>19.302405</Y></Vertex>
	<Vertex>
	<X>-7.360015</X>
	<Y>19.075036</Y></Vertex>
	<Vertex>
	<X>-7.710097</X>
	<Y>18.929285</Y></Vertex>
	<Vertex>
	<X>-8.930557</X>
	<Y>18.364136</Y></Vertex>
	<Vertex>
	<X>-9.270693</X>
	<Y>18.188949</Y></Vertex>
	<Vertex>
	<X>-9.659369</X>
	<Y>17.974932</Y></Vertex>
	<Vertex>
	<X>-10.387133</X>
	<Y>17.549201</Y></Vertex>
	<Vertex>
	<X>-10.856718</X>
	<Y>17.256372</Y></Vertex>
	<Vertex>
	<X>-11.215808</X>
	<Y>17.017373</Y></Vertex>
	<Vertex>
	<X>-11.521110</X>
	<Y>16.802089</Y></Vertex>
	<Vertex>
	<X>-12.487865</X>
	<Y>16.076041</Y></Vertex>
	<Vertex>
	<X>-13.088448</X>
	<Y>15.573093</Y></Vertex>
	<Vertex>
	<X>-13.858938</X>
	<Y>14.864169</Y></Vertex>
	<Vertex>
	<X>-14.215263</X>
	<Y>14.520772</Y></Vertex>
	<Vertex>
	<X>-14.696662</X>
	<Y>14.011905</Y></Vertex>
	<Vertex>
	<X>-15.328918</X>
	<Y>13.294792</Y></Vertex>
	<Vertex>
	<X>-15.710114</X>
	<Y>12.833986</Y></Vertex>
	<Vertex>
	<X>-16.922319</X>
	<Y>11.128867</Y></Vertex>
	<Vertex>
	<X>-17.952777</X>
	<Y>9.308145</Y></Vertex>
	<Vertex>
	<X>-18.789247</X>
	<Y>7.390645</Y></Vertex>
	<Vertex>
	<X>-19.010647</X>
	<Y>6.767970</Y></Vertex>
	<Vertex>
	<X>-19.147996</X>
	<Y>6.354036</Y></Vertex>
	<Vertex>
	<X>-18.834807</X>
	<Y>6.254877</Y></Vertex>
	<Vertex>
	<X>-18.998476</X>
	<Y>5.713716</Y></Vertex>
	<Vertex>
	<X>-19.310528</X>
	<Y>5.802849</Y></Vertex>
	<Vertex>
	<X>-19.399088</X>
	<Y>5.493961</Y></Vertex>
	<Vertex>
	<X>-19.081128</X>
	<Y>5.408567</Y></Vertex>
	<Vertex>
	<X>-19.311139</X>
	<Y>4.462402</Y></Vertex>
	<Vertex>
	<X>-19.414656</X>
	<Y>3.984825</Y></Vertex>
	<Vertex>
	<X>-19.548672</X>
	<Y>3.187631</Y></Vertex>
	<Vertex>
	<X>-19.866001</X>
	<Y>3.235217</Y></Vertex>
	<Vertex>
	<X>-19.917020</X>
	<Y>2.919614</Y></Vertex>
	<Vertex>
	<X>-19.920153</X>
	<Y>2.887712</Y></Vertex>
	<Vertex>
	<X>-19.597015</X>
	<Y>2.844962</Y></Vertex>
	<Vertex>
	<X>-19.664192</X>
	<Y>2.238337</Y></Vertex>
	<Vertex>
	<X>-19.987617</X>
	<Y>2.271107</Y></Vertex>
	<Vertex>
	<X>-20.008022</X>
	<Y>2.082916</Y></Vertex>
	<Vertex>
	<X>-20.017491</X>
	<Y>1.992257</Y></Vertex>
	<Vertex>
	<X>-19.689512</X>
	<Y>1.963601</Y></Vertex>
	<Vertex>
	<X>-19.750452</X>
	<Y>1.029023</Y></Vertex>
	<Vertex>
	<X>-19.768519</X>
	<Y>0.578662</Y></Vertex>
	<Vertex>
	<X>-19.766100</X>
	<Y>-0.154579</Y></Vertex>
	<Vertex>
	<X>-20.087273</X>
	<Y>-0.160615</Y></Vertex>
	<Vertex>
	<X>-20.083809</X>
	<Y>-0.502735</Y></Vertex>
	<Vertex>
	<X>-19.758499</X>
	<Y>-0.491364</Y></Vertex>
	<Vertex>
	<X>-19.723171</X>
	<Y>-1.098219</Y></Vertex>
	<Vertex>
	<X>-20.046978</X>
	<Y>-1.119677</Y></Vertex>
	<Vertex>
	<X>-20.035675</X>
	<Y>-1.306350</Y></Vertex>
	<Vertex>
	<X>-20.028675</X>
	<Y>-1.412857</Y></Vertex>
	<Vertex>
	<X>-19.700516</X>
	<Y>-1.386335</Y></Vertex>
	<Vertex>
	<X>-19.598448</X>
	<Y>-2.357610</Y></Vertex>
	<Vertex>
	<X>-19.534853</X>
	<Y>-2.845112</Y></Vertex>
	<Vertex>
	<X>-19.391564</X>
	<Y>-3.646656</Y></Vertex>
	<Vertex>
	<X>-19.706376</X>
	<Y>-3.708758</Y></Vertex>
	<Vertex>
	<X>-19.539586</X>
	<Y>-4.487492</Y></Vertex>
	<Vertex>
	<X>-19.426803</X>
	<Y>-4.951716</Y></Vertex>
	<Vertex>
	<X>-18.790565</X>
	<Y>-6.944723</Y></Vertex>
	<Vertex>
	<X>-18.372192</X>
	<Y>-7.965148</Y></Vertex>
	<Vertex>
	<X>-18.160544</X>
	<Y>-8.432740</Y></Vertex>
	<Vertex>
	<X>-17.950905</X>
	<Y>-8.860817</Y></Vertex>
	<Vertex>
	<X>-17.809042</X>
	<Y>-9.141100</Y></Vertex>
	<Vertex>
	<X>-17.274613</X>
	<Y>-10.096717</Y></Vertex>
	<Vertex>
	<X>-16.937461</X>
	<Y>-10.658607</Y></Vertex>
	<Vertex>
	<X>-16.694938</X>
	<Y>-11.028234</Y></Vertex>
	<Vertex>
	<X>-15.756574</X>
	<Y>-12.328549</Y></Vertex>
	<Vertex>
	<X>-15.325880</X>
	<Y>-12.851313</Y></Vertex>
	<Vertex>
	<X>-14.720211</X>
	<Y>-13.540111</Y></Vertex>
	<Vertex>
	<X>-14.337047</X>
	<Y>-13.950776</Y></Vertex>
	<Vertex>
	<X>-13.942491</X>
	<Y>-14.338882</Y></Vertex>
	<Vertex>
	<X>-13.024438</X>
	<Y>-15.183288</Y></Vertex>
	<Vertex>
	<X>-12.793638</X>
	<Y>-15.380114</Y></Vertex>
	<Vertex>
	<X>-12.176515</X>
	<Y>-15.843214</Y></Vertex>
	<Vertex>
	<X>-11.771558</X>
	<Y>-16.169546</Y></Vertex>
	<Vertex>
	<X>-11.463810</X>
	<Y>-16.396139</Y></Vertex>
	<Vertex>
	<X>-11.120313</X>
	<Y>-16.635835</Y></Vertex>
	<Vertex>
	<X>-10.636452</X>
	<Y>-16.950639</Y></Vertex>
	<Vertex>
	<X>-9.377730</X>
	<Y>-17.685576</Y></Vertex>
	<Vertex>
	<X>-8.884011</X>
	<Y>-17.935389</Y></Vertex>
	<Vertex>
	<X>-8.020158</X>
	<Y>-18.344240</Y></Vertex>
	<Vertex>
	<X>-7.599006</X>
	<Y>-18.530378</Y></Vertex>
	<Vertex>
	<X>-7.220229</X>
	<Y>-18.684245</Y></Vertex>
	<Vertex>
	<X>-6.685216</X>
	<Y>-18.881096</Y></Vertex>
	<Vertex>
	<X>-5.943448</X>
	<Y>-19.134772</Y></Vertex>
	<Vertex>
	<X>-5.455938</X>
	<Y>-19.287008</Y></Vertex>
	<Vertex>
	<X>-5.057295</X>
	<Y>-19.396619</Y></Vertex>
	<Vertex>
	<X>-3.589320</X>
	<Y>-19.735557</Y></Vertex>
	<Vertex>
	<X>-3.307128</X>
	<Y>-19.787579</Y></Vertex>
	<Vertex>
	<X>-2.363121</X>
	<Y>-19.916104</Y></Vertex>
	<Vertex>
	<X>-1.345006</X>
	<Y>-20.036195</Y></Vertex>
	<Vertex>
	<X>0.746398</X>
	<Y>-20.090063</Y></Vertex></VertexList>
	<Slice>
	<Region>
	<Tag>main</Tag>
	<contourTraj>2</contourTraj>
	<hatchTraj>3</hatchTraj>
	<Type>Outer</Type>
	<Edge>
	<Start>1</Start>
	<End>2</End>
	<Normal>
	<Nx>0</Nx>
	<Ny>0</Ny>
	<Nz>0</Nz></Normal></Edge>
	<Edge>
	<Start>2</Start>
	<End>3</End>
	<Normal>
	<Nx>0</Nx>
	<Ny>0</Ny>
	<Nz>0</Nz></Normal></Edge>
	<Edge>
	<Start>3</Start>
	<End>4</End>
	<Normal>
	<Nx>0</Nx>
	<Ny>0</Ny>
	<Nz>0</Nz></Normal></Edge>
	<Edge>
	<Start>4</Start>
	<End>5</End>
	<Normal>
	<Nx>0</Nx>
	<Ny>0</Ny>
	<Nz>0</Nz></Normal></Edge>
	<Edge>
	<Start>5</Start>
	<End>6</End>
	<Normal>
	<Nx>0</Nx>
	<Ny>0</Ny>
	<Nz>0</Nz></Normal></Edge>
	<Edge>
	<Start>6</Start>
	<End>7</End>
	<Normal>
	<Nx>0</Nx>
	<Ny>0</Ny>
	<Nz>0</Nz></Normal></Edge>
	<Edge>
	<Start>7</Start>
	<End>8</End>
	<Normal>
	<Nx>0</Nx>
	<Ny>0</Ny>
	<Nz>0</Nz></Normal></Edge>
	<Edge>
	<Start>8</Start>
	<End>9</End>
	<Normal>
	<Nx>0</Nx>
	<Ny>0</Ny>
	<Nz>0</Nz></Normal></Edge>
	<Edge>
	<Start>9</Start>
	<End>10</End>
	<Normal>
	<Nx>0</Nx>
	<Ny>0</Ny>
	<Nz>0</Nz></Normal></Edge>
	<Edge>
	<Start>10</Start>
	<End>11</End>
	<Normal>
	<Nx>0</Nx>
	<Ny>0</Ny>
	<Nz>0</Nz></Normal></Edge>
	<Edge>
	<Start>11</Start>
	<End>12</End>
	<Normal>
	<Nx>0</Nx>
	<Ny>0</Ny>
	<Nz>0</Nz></Normal></Edge>
	<Edge>
	<Start>12</Start>
	<End>13</End>
	<Normal>
	<Nx>0</Nx>
	<Ny>0</Ny>
	<Nz>0</Nz></Normal></Edge>
	<Edge>
	<Start>13</Start>
	<End>14</End>
	<Normal>
	<Nx>0</Nx>
	<Ny>0</Ny>
	<Nz>0</Nz></Normal></Edge>
	<Edge>
	<Start>14</Start>
	<End>15</End>
	<Normal>
	<Nx>0</Nx>
	<Ny>0</Ny>
	<Nz>0</Nz></Normal></Edge>
	<Edge>
	<Start>15</Start>
	<End>16</End>
	<Normal>
	<Nx>0</Nx>
	<Ny>0</Ny>
	<Nz>0</Nz></Normal></Edge>
	<Edge>
	<Start>16</Start>
	<End>17</End>
	<Normal>
	<Nx>0</Nx>
	<Ny>0</Ny>
	<Nz>0</Nz></Normal></Edge>
	<Edge>
	<Start>17</Start>
	<End>18</End>
	<Normal>
	<Nx>0</Nx>
	<Ny>0</Ny>
	<Nz>0</Nz></Normal></Edge>
	<Edge>
	<Start>18</Start>
	<End>19</End>
	<Normal>
	<Nx>0</Nx>
	<Ny>0</Ny>
	<Nz>0</Nz></Normal></Edge>
	<Edge>
	<Start>19</Start>
	<End>20</End>
	<Normal>
	<Nx>0</Nx>
	<Ny>0</Ny>
	<Nz>0</Nz></Normal></Edge>
	<Edge>
	<Start>20</Start>
	<End>21</End>
	<Normal>
	<Nx>0</Nx>
	<Ny>0</Ny>
	<Nz>0</Nz></Normal></Edge>
	<Edge>
	<Start>21</Start>
	<End>22</End>
	<Normal>
	<Nx>0</Nx>
	<Ny>0</Ny>
	<Nz>0</Nz></Normal></Edge>
	<Edge>
	<Start>22</Start>
	<End>23</End>
	<Normal>
	<Nx>0</Nx>
	<Ny>0</Ny>
	<Nz>0</Nz></Normal></Edge>
	<Edge>
	<Start>23</Start>
	<End>24</End>
	<Normal>
	<Nx>0</Nx>
	<Ny>0</Ny>
	<Nz>0</Nz></Normal></Edge>
	<Edge>
	<Start>24</Start>
	<End>25</End>
	<Normal>
	<Nx>0</Nx>
	<Ny>0</Ny>
	<Nz>0</Nz></Normal></Edge>
	<Edge>
	<Start>25</Start>
	<End>26</End>
	<Normal>
	<Nx>0</Nx>
	<Ny>0</Ny>
	<Nz>0</Nz></Normal></Edge>
	<Edge>
	<Start>26</Start>
	<End>27</End>
	<Normal>
	<Nx>0</Nx>
	<Ny>0</Ny>
	<Nz>0</Nz></Normal></Edge>
	<Edge>
	<Start>27</Start>
	<End>28</End>
	<Normal>
	<Nx>0</Nx>
	<Ny>0</Ny>
	<Nz>0</Nz></Normal></Edge>
	<Edge>
	<Start>28</Start>
	<End>29</End>
	<Normal>
	<Nx>0</Nx>
	<Ny>0</Ny>
	<Nz>0</Nz></Normal></Edge>
	<Edge>
	<Start>29</Start>
	<End>30</End>
	<Normal>
	<Nx>0</Nx>
	<Ny>0</Ny>
	<Nz>0</Nz></Normal></Edge>
	<Edge>
	<Start>30</Start>
	<End>31</End>
	<Normal>
	<Nx>0</Nx>
	<Ny>0</Ny>
	<Nz>0</Nz></Normal></Edge>
	<Edge>
	<Start>31</Start>
	<End>32</End>
	<Normal>
	<Nx>0</Nx>
	<Ny>0</Ny>
	<Nz>0</Nz></Normal></Edge>
	<Edge>
	<Start>32</Start>
	<End>33</End>
	<Normal>
	<Nx>0</Nx>
	<Ny>0</Ny>
	<Nz>0</Nz></Normal></Edge>
	<Edge>
	<Start>33</Start>
	<End>34</End>
	<Normal>
	<Nx>0</Nx>
	<Ny>0</Ny>
	<Nz>0</Nz></Normal></Edge>
	<Edge>
	<Start>34</Start>
	<End>35</End>
	<Normal>
	<Nx>0</Nx>
	<Ny>0</Ny>
	<Nz>0</Nz></Normal></Edge>
	<Edge>
	<Start>35</Start>
	<End>36</End>
	<Normal>
	<Nx>0</Nx>
	<Ny>0</Ny>
	<Nz>0</Nz></Normal></Edge>
	<Edge>
	<Start>36</Start>
	<End>37</End>
	<Normal>
	<Nx>0</Nx>
	<Ny>0</Ny>
	<Nz>0</Nz></Normal></Edge>
	<Edge>
	<Start>37</Start>
	<End>38</End>
	<Normal>
	<Nx>0</Nx>
	<Ny>0</Ny>
	<Nz>0</Nz></Normal></Edge>
	<Edge>
	<Start>38</Start>
	<End>39</End>
	<Normal>
	<Nx>0</Nx>
	<Ny>0</Ny>
	<Nz>0</Nz></Normal></Edge>
	<Edge>
	<Start>39</Start>
	<End>40</End>
	<Normal>
	<Nx>0</Nx>
	<Ny>0</Ny>
	<Nz>0</Nz></Normal></Edge>
	<Edge>
	<Start>40</Start>
	<End>41</End>
	<Normal>
	<Nx>0</Nx>
	<Ny>0</Ny>
	<Nz>0</Nz></Normal></Edge>
	<Edge>
	<Start>41</Start>
	<End>42</End>
	<Normal>
	<Nx>0</Nx>
	<Ny>0</Ny>
	<Nz>0</Nz></Normal></Edge>
	<Edge>
	<Start>42</Start>
	<End>43</End>
	<Normal>
	<Nx>0</Nx>
	<Ny>0</Ny>
	<Nz>0</Nz></Normal></Edge>
	<Edge>
	<Start>43</Start>
	<End>44</End>
	<Normal>
	<Nx>0</Nx>
	<Ny>0</Ny>
	<Nz>0</Nz></Normal></Edge>
	<Edge>
	<Start>44</Start>
	<End>45</End>
	<Normal>
	<Nx>0</Nx>
	<Ny>0</Ny>
	<Nz>0</Nz></Normal></Edge>
	<Edge>
	<Start>45</Start>
	<End>46</End>
	<Normal>
	<Nx>0</Nx>
	<Ny>0</Ny>
	<Nz>0</Nz></Normal></Edge>
	<Edge>
	<Start>46</Start>
	<End>47</End>
	<Normal>
	<Nx>0</Nx>
	<Ny>0</Ny>
	<Nz>0</Nz></Normal></Edge>
	<Edge>
	<Start>47</Start>
	<End>48</End>
	<Normal>
	<Nx>0</Nx>
	<Ny>0</Ny>
	<Nz>0</Nz></Normal></Edge>
	<Edge>
	<Start>48</Start>
	<End>49</End>
	<Normal>
	<Nx>0</Nx>
	<Ny>0</Ny>
	<Nz>0</Nz></Normal></Edge>
	<Edge>
	<Start>49</Start>
	<End>50</End>
	<Normal>
	<Nx>0</Nx>
	<Ny>0</Ny>
	<Nz>0</Nz></Normal></Edge>
	<Edge>
	<Start>50</Start>
	<End>51</End>
	<Normal>
	<Nx>0</Nx>
	<Ny>0</Ny>
	<Nz>0</Nz></Normal></Edge>
	<Edge>
	<Start>51</Start>
	<End>52</End>
	<Normal>
	<Nx>0</Nx>
	<Ny>0</Ny>
	<Nz>0</Nz></Normal></Edge>
	<Edge>
	<Start>52</Start>
	<End>53</End>
	<Normal>
	<Nx>0</Nx>
	<Ny>0</Ny>
	<Nz>0</Nz></Normal></Edge>
	<Edge>
	<Start>53</Start>
	<End>54</End>
	<Normal>
	<Nx>0</Nx>
	<Ny>0</Ny>
	<Nz>0</Nz></Normal></Edge>
	<Edge>
	<Start>54</Start>
	<End>55</End>
	<Normal>
	<Nx>0</Nx>
	<Ny>0</Ny>
	<Nz>0</Nz></Normal></Edge>
	<Edge>
	<Start>55</Start>
	<End>56</End>
	<Normal>
	<Nx>0</Nx>
	<Ny>0</Ny>
	<Nz>0</Nz></Normal></Edge>
	<Edge>
	<Start>56</Start>
	<End>57</End>
	<Normal>
	<Nx>0</Nx>
	<Ny>0</Ny>
	<Nz>0</Nz></Normal></Edge>
	<Edge>
	<Start>57</Start>
	<End>58</End>
	<Normal>
	<Nx>0</Nx>
	<Ny>0</Ny>
	<Nz>0</Nz></Normal></Edge>
	<Edge>
	<Start>58</Start>
	<End>59</End>
	<Normal>
	<Nx>0</Nx>
	<Ny>0</Ny>
	<Nz>0</Nz></Normal></Edge>
	<Edge>
	<Start>59</Start>
	<End>60</End>
	<Normal>
	<Nx>0</Nx>
	<Ny>0</Ny>
	<Nz>0</Nz></Normal></Edge>
	<Edge>
	<Start>60</Start>
	<End>61</End>
	<Normal>
	<Nx>0</Nx>
	<Ny>0</Ny>
	<Nz>0</Nz></Normal></Edge>
	<Edge>
	<Start>61</Start>
	<End>62</End>
	<Normal>
	<Nx>0</Nx>
	<Ny>0</Ny>
	<Nz>0</Nz></Normal></Edge>
	<Edge>
	<Start>62</Start>
	<End>63</End>
	<Normal>
	<Nx>0</Nx>
	<Ny>0</Ny>
	<Nz>0</Nz></Normal></Edge>
	<Edge>
	<Start>63</Start>
	<End>64</End>
	<Normal>
	<Nx>0</Nx>
	<Ny>0</Ny>
	<Nz>0</Nz></Normal></Edge>
	<Edge>
	<Start>64</Start>
	<End>65</End>
	<Normal>
	<Nx>0</Nx>
	<Ny>0</Ny>
	<Nz>0</Nz></Normal></Edge>
	<Edge>
	<Start>65</Start>
	<End>66</End>
	<Normal>
	<Nx>0</Nx>
	<Ny>0</Ny>
	<Nz>0</Nz></Normal></Edge>
	<Edge>
	<Start>66</Start>
	<End>67</End>
	<Normal>
	<Nx>0</Nx>
	<Ny>0</Ny>
	<Nz>0</Nz></Normal></Edge>
	<Edge>
	<Start>67</Start>
	<End>68</End>
	<Normal>
	<Nx>0</Nx>
	<Ny>0</Ny>
	<Nz>0</Nz></Normal></Edge>
	<Edge>
	<Start>68</Start>
	<End>69</End>
	<Normal>
	<Nx>0</Nx>
	<Ny>0</Ny>
	<Nz>0</Nz></Normal></Edge>
	<Edge>
	<Start>69</Start>
	<End>70</End>
	<Normal>
	<Nx>0</Nx>
	<Ny>0</Ny>
	<Nz>0</Nz></Normal></Edge>
	<Edge>
	<Start>70</Start>
	<End>71</End>
	<Normal>
	<Nx>0</Nx>
	<Ny>0</Ny>
	<Nz>0</Nz></Normal></Edge>
	<Edge>
	<Start>71</Start>
	<End>72</End>
	<Normal>
	<Nx>0</Nx>
	<Ny>0</Ny>
	<Nz>0</Nz></Normal></Edge>
	<Edge>
	<Start>72</Start>
	<End>73</End>
	<Normal>
	<Nx>0</Nx>
	<Ny>0</Ny>
	<Nz>0</Nz></Normal></Edge>
	<Edge>
	<Start>73</Start>
	<End>74</End>
	<Normal>
	<Nx>0</Nx>
	<Ny>0</Ny>
	<Nz>0</Nz></Normal></Edge>
	<Edge>
	<Start>74</Start>
	<End>75</End>
	<Normal>
	<Nx>0</Nx>
	<Ny>0</Ny>
	<Nz>0</Nz></Normal></Edge>
	<Edge>
	<Start>75</Start>
	<End>76</End>
	<Normal>
	<Nx>0</Nx>
	<Ny>0</Ny>
	<Nz>0</Nz></Normal></Edge>
	<Edge>
	<Start>76</Start>
	<End>77</End>
	<Normal>
	<Nx>0</Nx>
	<Ny>0</Ny>
	<Nz>0</Nz></Normal></Edge>
	<Edge>
	<Start>77</Start>
	<End>78</End>
	<Normal>
	<Nx>0</Nx>
	<Ny>0</Ny>
	<Nz>0</Nz></Normal></Edge>
	<Edge>
	<Start>78</Start>
	<End>79</End>
	<Normal>
	<Nx>0</Nx>
	<Ny>0</Ny>
	<Nz>0</Nz></Normal></Edge>
	<Edge>
	<Start>79</Start>
	<End>80</End>
	<Normal>
	<Nx>0</Nx>
	<Ny>0</Ny>
	<Nz>0</Nz></Normal></Edge>
	<Edge>
	<Start>80</Start>
	<End>81</End>
	<Normal>
	<Nx>0</Nx>
	<Ny>0</Ny>
	<Nz>0</Nz></Normal></Edge>
	<Edge>
	<Start>81</Start>
	<End>82</End>
	<Normal>
	<Nx>0</Nx>
	<Ny>0</Ny>
	<Nz>0</Nz></Normal></Edge>
	<Edge>
	<Start>82</Start>
	<End>83</End>
	<Normal>
	<Nx>0</Nx>
	<Ny>0</Ny>
	<Nz>0</Nz></Normal></Edge>
	<Edge>
	<Start>83</Start>
	<End>84</End>
	<Normal>
	<Nx>0</Nx>
	<Ny>0</Ny>
	<Nz>0</Nz></Normal></Edge>
	<Edge>
	<Start>84</Start>
	<End>85</End>
	<Normal>
	<Nx>0</Nx>
	<Ny>0</Ny>
	<Nz>0</Nz></Normal></Edge>
	<Edge>
	<Start>85</Start>
	<End>86</End>
	<Normal>
	<Nx>0</Nx>
	<Ny>0</Ny>
	<Nz>0</Nz></Normal></Edge>
	<Edge>
	<Start>86</Start>
	<End>87</End>
	<Normal>
	<Nx>0</Nx>
	<Ny>0</Ny>
	<Nz>0</Nz></Normal></Edge>
	<Edge>
	<Start>87</Start>
	<End>88</End>
	<Normal>
	<Nx>0</Nx>
	<Ny>0</Ny>
	<Nz>0</Nz></Normal></Edge>
	<Edge>
	<Start>88</Start>
	<End>89</End>
	<Normal>
	<Nx>0</Nx>
	<Ny>0</Ny>
	<Nz>0</Nz></Normal></Edge>
	<Edge>
	<Start>89</Start>
	<End>90</End>
	<Normal>
	<Nx>0</Nx>
	<Ny>0</Ny>
	<Nz>0</Nz></Normal></Edge>
	<Edge>
	<Start>90</Start>
	<End>91</End>
	<Normal>
	<Nx>0</Nx>
	<Ny>0</Ny>
	<Nz>0</Nz></Normal></Edge>
	<Edge>
	<Start>91</Start>
	<End>92</End>
	<Normal>
	<Nx>0</Nx>
	<Ny>0</Ny>
	<Nz>0</Nz></Normal></Edge>
	<Edge>
	<Start>92</Start>
	<End>93</End>
	<Normal>
	<Nx>0</Nx>
	<Ny>0</Ny>
	<Nz>0</Nz></Normal></Edge>
	<Edge>
	<Start>93</Start>
	<End>94</End>
	<Normal>
	<Nx>0</Nx>
	<Ny>0</Ny>
	<Nz>0</Nz></Normal></Edge>
	<Edge>
	<Start>94</Start>
	<End>95</End>
	<Normal>
	<Nx>0</Nx>
	<Ny>0</Ny>
	<Nz>0</Nz></Normal></Edge>
	<Edge>
	<Start>95</Start>
	<End>96</End>
	<Normal>
	<Nx>0</Nx>
	<Ny>0</Ny>
	<Nz>0</Nz></Normal></Edge>
	<Edge>
	<Start>96</Start>
	<End>97</End>
	<Normal>
	<Nx>0</Nx>
	<Ny>0</Ny>
	<Nz>0</Nz></Normal></Edge>
	<Edge>
	<Start>97</Start>
	<End>98</End>
	<Normal>
	<Nx>0</Nx>
	<Ny>0</Ny>
	<Nz>0</Nz></Normal></Edge>
	<Edge>
	<Start>98</Start>
	<End>99</End>
	<Normal>
	<Nx>0</Nx>
	<Ny>0</Ny>
	<Nz>0</Nz></Normal></Edge>
	<Edge>
	<Start>99</Start>
	<End>100</End>
	<Normal>
	<Nx>0</Nx>
	<Ny>0</Ny>
	<Nz>0</Nz></Normal></Edge>
	<Edge>
	<Start>100</Start>
	<End>101</End>
	<Normal>
	<Nx>0</Nx>
	<Ny>0</Ny>
	<Nz>0</Nz></Normal></Edge>
	<Edge>
	<Start>101</Start>
	<End>102</End>
	<Normal>
	<Nx>0</Nx>
	<Ny>0</Ny>
	<Nz>0</Nz></Normal></Edge>
	<Edge>
	<Start>102</Start>
	<End>103</End>
	<Normal>
	<Nx>0</Nx>
	<Ny>0</Ny>
	<Nz>0</Nz></Normal></Edge>
	<Edge>
	<Start>103</Start>
	<End>104</End>
	<Normal>
	<Nx>0</Nx>
	<Ny>0</Ny>
	<Nz>0</Nz></Normal></Edge>
	<Edge>
	<Start>104</Start>
	<End>105</End>
	<Normal>
	<Nx>0</Nx>
	<Ny>0</Ny>
	<Nz>0</Nz></Normal></Edge>
	<Edge>
	<Start>105</Start>
	<End>106</End>
	<Normal>
	<Nx>0</Nx>
	<Ny>0</Ny>
	<Nz>0</Nz></Normal></Edge>
	<Edge>
	<Start>106</Start>
	<End>107</End>
	<Normal>
	<Nx>0</Nx>
	<Ny>0</Ny>
	<Nz>0</Nz></Normal></Edge>
	<Edge>
	<Start>107</Start>
	<End>108</End>
	<Normal>
	<Nx>0</Nx>
	<Ny>0</Ny>
	<Nz>0</Nz></Normal></Edge>
	<Edge>
	<Start>108</Start>
	<End>109</End>
	<Normal>
	<Nx>0</Nx>
	<Ny>0</Ny>
	<Nz>0</Nz></Normal></Edge>
	<Edge>
	<Start>109</Start>
	<End>110</End>
	<Normal>
	<Nx>0</Nx>
	<Ny>0</Ny>
	<Nz>0</Nz></Normal></Edge>
	<Edge>
	<Start>110</Start>
	<End>111</End>
	<Normal>
	<Nx>0</Nx>
	<Ny>0</Ny>
	<Nz>0</Nz></Normal></Edge>
	<Edge>
	<Start>111</Start>
	<End>112</End>
	<Normal>
	<Nx>0</Nx>
	<Ny>0</Ny>
	<Nz>0</Nz></Normal></Edge>
	<Edge>
	<Start>112</Start>
	<End>113</End>
	<Normal>
	<Nx>0</Nx>
	<Ny>0</Ny>
	<Nz>0</Nz></Normal></Edge>
	<Edge>
	<Start>113</Start>
	<End>114</End>
	<Normal>
	<Nx>0</Nx>
	<Ny>0</Ny>
	<Nz>0</Nz></Normal></Edge>
	<Edge>
	<Start>114</Start>
	<End>115</End>
	<Normal>
	<Nx>0</Nx>
	<Ny>0</Ny>
	<Nz>0</Nz></Normal></Edge>
	<Edge>
	<Start>115</Start>
	<End>116</End>
	<Normal>
	<Nx>0</Nx>
	<Ny>0</Ny>
	<Nz>0</Nz></Normal></Edge>
	<Edge>
	<Start>116</Start>
	<End>117</End>
	<Normal>
	<Nx>0</Nx>
	<Ny>0</Ny>
	<Nz>0</Nz></Normal></Edge>
	<Edge>
	<Start>117</Start>
	<End>118</End>
	<Normal>
	<Nx>0</Nx>
	<Ny>0</Ny>
	<Nz>0</Nz></Normal></Edge>
	<Edge>
	<Start>118</Start>
	<End>119</End>
	<Normal>
	<Nx>0</Nx>
	<Ny>0</Ny>
	<Nz>0</Nz></Normal></Edge>
	<Edge>
	<Start>119</Start>
	<End>120</End>
	<Normal>
	<Nx>0</Nx>
	<Ny>0</Ny>
	<Nz>0</Nz></Normal></Edge>
	<Edge>
	<Start>120</Start>
	<End>121</End>
	<Normal>
	<Nx>0</Nx>
	<Ny>0</Ny>
	<Nz>0</Nz></Normal></Edge>
	<Edge>
	<Start>121</Start>
	<End>122</End>
	<Normal>
	<Nx>0</Nx>
	<Ny>0</Ny>
	<Nz>0</Nz></Normal></Edge>
	<Edge>
	<Start>122</Start>
	<End>123</End>
	<Normal>
	<Nx>0</Nx>
	<Ny>0</Ny>
	<Nz>0</Nz></Normal></Edge>
	<Edge>
	<Start>123</Start>
	<End>124</End>
	<Normal>
	<Nx>0</Nx>
	<Ny>0</Ny>
	<Nz>0</Nz></Normal></Edge>
	<Edge>
	<Start>124</Start>
	<End>125</End>
	<Normal>
	<Nx>0</Nx>
	<Ny>0</Ny>
	<Nz>0</Nz></Normal></Edge>
	<Edge>
	<Start>125</Start>
	<End>126</End>
	<Normal>
	<Nx>0</Nx>
	<Ny>0</Ny>
	<Nz>0</Nz></Normal></Edge>
	<Edge>
	<Start>126</Start>
	<End>127</End>
	<Normal>
	<Nx>0</Nx>
	<Ny>0</Ny>
	<Nz>0</Nz></Normal></Edge>
	<Edge>
	<Start>127</Start>
	<End>128</End>
	<Normal>
	<Nx>0</Nx>
	<Ny>0</Ny>
	<Nz>0</Nz></Normal></Edge>
	<Edge>
	<Start>128</Start>
	<End>129</End>
	<Normal>
	<Nx>0</Nx>
	<Ny>0</Ny>
	<Nz>0</Nz></Normal></Edge>
	<Edge>
	<Start>129</Start>
	<End>130</End>
	<Normal>
	<Nx>0</Nx>
	<Ny>0</Ny>
	<Nz>0</Nz></Normal></Edge>
	<Edge>
	<Start>130</Start>
	<End>131</End>
	<Normal>
	<Nx>0</Nx>
	<Ny>0</Ny>
	<Nz>0</Nz></Normal></Edge>
	<Edge>
	<Start>131</Start>
	<End>132</End>
	<Normal>
	<Nx>0</Nx>
	<Ny>0</Ny>
	<Nz>0</Nz></Normal></Edge>
	<Edge>
	<Start>132</Start>
	<End>133</End>
	<Normal>
	<Nx>0</Nx>
	<Ny>0</Ny>
	<Nz>0</Nz></Normal></Edge>
	<Edge>
	<Start>133</Start>
	<End>134</End>
	<Normal>
	<Nx>0</Nx>
	<Ny>0</Ny>
	<Nz>0</Nz></Normal></Edge>
	<Edge>
	<Start>134</Start>
	<End>135</End>
	<Normal>
	<Nx>0</Nx>
	<Ny>0</Ny>
	<Nz>0</Nz></Normal></Edge>
	<Edge>
	<Start>135</Start>
	<End>136</End>
	<Normal>
	<Nx>0</Nx>
	<Ny>0</Ny>
	<Nz>0</Nz></Normal></Edge>
	<Edge>
	<Start>136</Start>
	<End>137</End>
	<Normal>
	<Nx>0</Nx>
	<Ny>0</Ny>
	<Nz>0</Nz></Normal></Edge>
	<Edge>
	<Start>137</Start>
	<End>138</End>
	<Normal>
	<Nx>0</Nx>
	<Ny>0</Ny>
	<Nz>0</Nz></Normal></Edge>
	<Edge>
	<Start>138</Start>
	<End>139</End>
	<Normal>
	<Nx>0</Nx>
	<Ny>0</Ny>
	<Nz>0</Nz></Normal></Edge>
	<Edge>
	<Start>139</Start>
	<End>140</End>
	<Normal>
	<Nx>0</Nx>
	<Ny>0</Ny>
	<Nz>0</Nz></Normal></Edge>
	<Edge>
	<Start>140</Start>
	<End>141</End>
	<Normal>
	<Nx>0</Nx>
	<Ny>0</Ny>
	<Nz>0</Nz></Normal></Edge>
	<Edge>
	<Start>141</Start>
	<End>142</End>
	<Normal>
	<Nx>0</Nx>
	<Ny>0</Ny>
	<Nz>0</Nz></Normal></Edge>
	<Edge>
	<Start>142</Start>
	<End>143</End>
	<Normal>
	<Nx>0</Nx>
	<Ny>0</Ny>
	<Nz>0</Nz></Normal></Edge>
	<Edge>
	<Start>143</Start>
	<End>144</End>
	<Normal>
	<Nx>0</Nx>
	<Ny>0</Ny>
	<Nz>0</Nz></Normal></Edge>
	<Edge>
	<Start>144</Start>
	<End>145</End>
	<Normal>
	<Nx>0</Nx>
	<Ny>0</Ny>
	<Nz>0</Nz></Normal></Edge>
	<Edge>
	<Start>145</Start>
	<End>146</End>
	<Normal>
	<Nx>0</Nx>
	<Ny>0</Ny>
	<Nz>0</Nz></Normal></Edge>
	<Edge>
	<Start>146</Start>
	<End>147</End>
	<Normal>
	<Nx>0</Nx>
	<Ny>0</Ny>
	<Nz>0</Nz></Normal></Edge>
	<Edge>
	<Start>147</Start>
	<End>148</End>
	<Normal>
	<Nx>0</Nx>
	<Ny>0</Ny>
	<Nz>0</Nz></Normal></Edge>
	<Edge>
	<Start>148</Start>
	<End>149</End>
	<Normal>
	<Nx>0</Nx>
	<Ny>0</Ny>
	<Nz>0</Nz></Normal></Edge>
	<Edge>
	<Start>149</Start>
	<End>150</End>
	<Normal>
	<Nx>0</Nx>
	<Ny>0</Ny>
	<Nz>0</Nz></Normal></Edge>
	<Edge>
	<Start>150</Start>
	<End>151</End>
	<Normal>
	<Nx>0</Nx>
	<Ny>0</Ny>
	<Nz>0</Nz></Normal></Edge>
	<Edge>
	<Start>151</Start>
	<End>152</End>
	<Normal>
	<Nx>0</Nx>
	<Ny>0</Ny>
	<Nz>0</Nz></Normal></Edge>
	<Edge>
	<Start>152</Start>
	<End>153</End>
	<Normal>
	<Nx>0</Nx>
	<Ny>0</Ny>
	<Nz>0</Nz></Normal></Edge>
	<Edge>
	<Start>153</Start>
	<End>154</End>
	<Normal>
	<Nx>0</Nx>
	<Ny>0</Ny>
	<Nz>0</Nz></Normal></Edge>
	<Edge>
	<Start>154</Start>
	<End>155</End>
	<Normal>
	<Nx>0</Nx>
	<Ny>0</Ny>
	<Nz>0</Nz></Normal></Edge>
	<Edge>
	<Start>155</Start>
	<End>156</End>
	<Normal>
	<Nx>0</Nx>
	<Ny>0</Ny>
	<Nz>0</Nz></Normal></Edge>
	<Edge>
	<Start>156</Start>
	<End>157</End>
	<Normal>
	<Nx>0</Nx>
	<Ny>0</Ny>
	<Nz>0</Nz></Normal></Edge>
	<Edge>
	<Start>157</Start>
	<End>158</End>
	<Normal>
	<Nx>0</Nx>
	<Ny>0</Ny>
	<Nz>0</Nz></Normal></Edge>
	<Edge>
	<Start>158</Start>
	<End>159</End>
	<Normal>
	<Nx>0</Nx>
	<Ny>0</Ny>
	<Nz>0</Nz></Normal></Edge>
	<Edge>
	<Start>159</Start>
	<End>160</End>
	<Normal>
	<Nx>0</Nx>
	<Ny>0</Ny>
	<Nz>0</Nz></Normal></Edge>
	<Edge>
	<Start>160</Start>
	<End>161</End>
	<Normal>
	<Nx>0</Nx>
	<Ny>0</Ny>
	<Nz>0</Nz></Normal></Edge>
	<Edge>
	<Start>161</Start>
	<End>162</End>
	<Normal>
	<Nx>0</Nx>
	<Ny>0</Ny>
	<Nz>0</Nz></Normal></Edge>
	<Edge>
	<Start>162</Start>
	<End>163</End>
	<Normal>
	<Nx>0</Nx>
	<Ny>0</Ny>
	<Nz>0</Nz></Normal></Edge>
	<Edge>
	<Start>163</Start>
	<End>164</End>
	<Normal>
	<Nx>0</Nx>
	<Ny>0</Ny>
	<Nz>0</Nz></Normal></Edge>
	<Edge>
	<Start>164</Start>
	<End>165</End>
	<Normal>
	<Nx>0</Nx>
	<Ny>0</Ny>
	<Nz>0</Nz></Normal></Edge>
	<Edge>
	<Start>165</Start>
	<End>166</End>
	<Normal>
	<Nx>0</Nx>
	<Ny>0</Ny>
	<Nz>0</Nz></Normal></Edge>
	<Edge>
	<Start>166</Start>
	<End>167</End>
	<Normal>
	<Nx>0</Nx>
	<Ny>0</Ny>
	<Nz>0</Nz></Normal></Edge>
	<Edge>
	<Start>167</Start>
	<End>168</End>
	<Normal>
	<Nx>0</Nx>
	<Ny>0</Ny>
	<Nz>0</Nz></Normal></Edge>
	<Edge>
	<Start>168</Start>
	<End>169</End>
	<Normal>
	<Nx>0</Nx>
	<Ny>0</Ny>
	<Nz>0</Nz></Normal></Edge>
	<Edge>
	<Start>169</Start>
	<End>170</End>
	<Normal>
	<Nx>0</Nx>
	<Ny>0</Ny>
	<Nz>0</Nz></Normal></Edge>
	<Edge>
	<Start>170</Start>
	<End>171</End>
	<Normal>
	<Nx>0</Nx>
	<Ny>0</Ny>
	<Nz>0</Nz></Normal></Edge>
	<Edge>
	<Start>171</Start>
	<End>172</End>
	<Normal>
	<Nx>0</Nx>
	<Ny>0</Ny>
	<Nz>0</Nz></Normal></Edge>
	<Edge>
	<Start>172</Start>
	<End>173</End>
	<Normal>
	<Nx>0</Nx>
	<Ny>0</Ny>
	<Nz>0</Nz></Normal></Edge>
	<Edge>
	<Start>173</Start>
	<End>174</End>
	<Normal>
	<Nx>0</Nx>
	<Ny>0</Ny>
	<Nz>0</Nz></Normal></Edge>
	<Edge>
	<Start>174</Start>
	<End>175</End>
	<Normal>
	<Nx>0</Nx>
	<Ny>0</Ny>
	<Nz>0</Nz></Normal></Edge>
	<Edge>
	<Start>175</Start>
	<End>176</End>
	<Normal>
	<Nx>0</Nx>
	<Ny>0</Ny>
	<Nz>0</Nz></Normal></Edge>
	<Edge>
	<Start>176</Start>
	<End>177</End>
	<Normal>
	<Nx>0</Nx>
	<Ny>0</Ny>
	<Nz>0</Nz></Normal></Edge>
	<Edge>
	<Start>177</Start>
	<End>178</End>
	<Normal>
	<Nx>0</Nx>
	<Ny>0</Ny>
	<Nz>0</Nz></Normal></Edge>
	<Edge>
	<Start>178</Start>
	<End>179</End>
	<Normal>
	<Nx>0</Nx>
	<Ny>0</Ny>
	<Nz>0</Nz></Normal></Edge>
	<Edge>
	<Start>179</Start>
	<End>180</End>
	<Normal>
	<Nx>0</Nx>
	<Ny>0</Ny>
	<Nz>0</Nz></Normal></Edge>
	<Edge>
	<Start>180</Start>
	<End>181</End>
	<Normal>
	<Nx>0</Nx>
	<Ny>0</Ny>
	<Nz>0</Nz></Normal></Edge>
	<Edge>
	<Start>181</Start>
	<End>182</End>
	<Normal>
	<Nx>0</Nx>
	<Ny>0</Ny>
	<Nz>0</Nz></Normal></Edge>
	<Edge>
	<Start>182</Start>
	<End>183</End>
	<Normal>
	<Nx>0</Nx>
	<Ny>0</Ny>
	<Nz>0</Nz></Normal></Edge>
	<Edge>
	<Start>183</Start>
	<End>184</End>
	<Normal>
	<Nx>0</Nx>
	<Ny>0</Ny>
	<Nz>0</Nz></Normal></Edge>
	<Edge>
	<Start>184</Start>
	<End>185</End>
	<Normal>
	<Nx>0</Nx>
	<Ny>0</Ny>
	<Nz>0</Nz></Normal></Edge>
	<Edge>
	<Start>185</Start>
	<End>186</End>
	<Normal>
	<Nx>0</Nx>
	<Ny>0</Ny>
	<Nz>0</Nz></Normal></Edge>
	<Edge>
	<Start>186</Start>
	<End>187</End>
	<Normal>
	<Nx>0</Nx>
	<Ny>0</Ny>
	<Nz>0</Nz></Normal></Edge>
	<Edge>
	<Start>187</Start>
	<End>188</End>
	<Normal>
	<Nx>0</Nx>
	<Ny>0</Ny>
	<Nz>0</Nz></Normal></Edge>
	<Edge>
	<Start>188</Start>
	<End>189</End>
	<Normal>
	<Nx>0</Nx>
	<Ny>0</Ny>
	<Nz>0</Nz></Normal></Edge>
	<Edge>
	<Start>189</Start>
	<End>190</End>
	<Normal>
	<Nx>0</Nx>
	<Ny>0</Ny>
	<Nz>0</Nz></Normal></Edge>
	<Edge>
	<Start>190</Start>
	<End>191</End>
	<Normal>
	<Nx>0</Nx>
	<Ny>0</Ny>
	<Nz>0</Nz></Normal></Edge>
	<Edge>
	<Start>191</Start>
	<End>192</End>
	<Normal>
	<Nx>0</Nx>
	<Ny>0</Ny>
	<Nz>0</Nz></Normal></Edge>
	<Edge>
	<Start>192</Start>
	<End>193</End>
	<Normal>
	<Nx>0</Nx>
	<Ny>0</Ny>
	<Nz>0</Nz></Normal></Edge>
	<Edge>
	<Start>193</Start>
	<End>194</End>
	<Normal>
	<Nx>0</Nx>
	<Ny>0</Ny>
	<Nz>0</Nz></Normal></Edge>
	<Edge>
	<Start>194</Start>
	<End>195</End>
	<Normal>
	<Nx>0</Nx>
	<Ny>0</Ny>
	<Nz>0</Nz></Normal></Edge>
	<Edge>
	<Start>195</Start>
	<End>196</End>
	<Normal>
	<Nx>0</Nx>
	<Ny>0</Ny>
	<Nz>0</Nz></Normal></Edge>
	<Edge>
	<Start>196</Start>
	<End>197</End>
	<Normal>
	<Nx>0</Nx>
	<Ny>0</Ny>
	<Nz>0</Nz></Normal></Edge>
	<Edge>
	<Start>197</Start>
	<End>198</End>
	<Normal>
	<Nx>0</Nx>
	<Ny>0</Ny>
	<Nz>0</Nz></Normal></Edge>
	<Edge>
	<Start>198</Start>
	<End>199</End>
	<Normal>
	<Nx>0</Nx>
	<Ny>0</Ny>
	<Nz>0</Nz></Normal></Edge>
	<Edge>
	<Start>199</Start>
	<End>200</End>
	<Normal>
	<Nx>0</Nx>
	<Ny>0</Ny>
	<Nz>0</Nz></Normal></Edge>
	<Edge>
	<Start>200</Start>
	<End>201</End>
	<Normal>
	<Nx>0</Nx>
	<Ny>0</Ny>
	<Nz>0</Nz></Normal></Edge>
	<Edge>
	<Start>201</Start>
	<End>202</End>
	<Normal>
	<Nx>0</Nx>
	<Ny>0</Ny>
	<Nz>0</Nz></Normal></Edge>
	<Edge>
	<Start>202</Start>
	<End>203</End>
	<Normal>
	<Nx>0</Nx>
	<Ny>0</Ny>
	<Nz>0</Nz></Normal></Edge>
	<Edge>
	<Start>203</Start>
	<End>204</End>
	<Normal>
	<Nx>0</Nx>
	<Ny>0</Ny>
	<Nz>0</Nz></Normal></Edge>
	<Edge>
	<Start>204</Start>
	<End>205</End>
	<Normal>
	<Nx>0</Nx>
	<Ny>0</Ny>
	<Nz>0</Nz></Normal></Edge>
	<Edge>
	<Start>205</Start>
	<End>206</End>
	<Normal>
	<Nx>0</Nx>
	<Ny>0</Ny>
	<Nz>0</Nz></Normal></Edge>
	<Edge>
	<Start>206</Start>
	<End>207</End>
	<Normal>
	<Nx>0</Nx>
	<Ny>0</Ny>
	<Nz>0</Nz></Normal></Edge>
	<Edge>
	<Start>207</Start>
	<End>208</End>
	<Normal>
	<Nx>0</Nx>
	<Ny>0</Ny>
	<Nz>0</Nz></Normal></Edge>
	<Edge>
	<Start>208</Start>
	<End>209</End>
	<Normal>
	<Nx>0</Nx>
	<Ny>0</Ny>
	<Nz>0</Nz></Normal></Edge>
	<Edge>
	<Start>209</Start>
	<End>210</End>
	<Normal>
	<Nx>0</Nx>
	<Ny>0</Ny>
	<Nz>0</Nz></Normal></Edge>
	<Edge>
	<Start>210</Start>
	<End>211</End>
	<Normal>
	<Nx>0</Nx>
	<Ny>0</Ny>
	<Nz>0</Nz></Normal></Edge>
	<Edge>
	<Start>211</Start>
	<End>212</End>
	<Normal>
	<Nx>0</Nx>
	<Ny>0</Ny>
	<Nz>0</Nz></Normal></Edge>
	<Edge>
	<Start>212</Start>
	<End>213</End>
	<Normal>
	<Nx>0</Nx>
	<Ny>0</Ny>
	<Nz>0</Nz></Normal></Edge>
	<Edge>
	<Start>213</Start>
	<End>214</End>
	<Normal>
	<Nx>0</Nx>
	<Ny>0</Ny>
	<Nz>0</Nz></Normal></Edge>
	<Edge>
	<Start>214</Start>
	<End>215</End>
	<Normal>
	<Nx>0</Nx>
	<Ny>0</Ny>
	<Nz>0</Nz></Normal></Edge>
	<Edge>
	<Start>215</Start>
	<End>216</End>
	<Normal>
	<Nx>0</Nx>
	<Ny>0</Ny>
	<Nz>0</Nz></Normal></Edge>
	<Edge>
	<Start>216</Start>
	<End>217</End>
	<Normal>
	<Nx>0</Nx>
	<Ny>0</Ny>
	<Nz>0</Nz></Normal></Edge>
	<Edge>
	<Start>217</Start>
	<End>1</End>
	<Normal>
	<Nx>0</Nx>
	<Ny>0</Ny>
	<Nz>0</Nz></Normal></Edge></Region></Slice>
</Layer>