<?xml version="1.0"?><!--America Makes layer file created using MSXML 6.0--><Layer>
	<Thickness>0.05</Thickness>
	<VertexList>
	<Vertex>
	<X>1.388734</X>
	<Y>-20.040342</Y>
	<Co-ordinate_system>Cartesian</Co-ordinate_system></Vertex>
	<Vertex>
	<X>2.832255</X>
	<Y>-19.928605</Y></Vertex>
	<Vertex>
	<X>3.908678</X>
	<Y>-19.747227</Y></Vertex>
	<Vertex>
	<X>4.673180</X>
	<Y>-19.601779</Y></Vertex>
	<Vertex>
	<X>4.601830</X>
	<Y>-19.282111</Y></Vertex>
	<Vertex>
	<X>5.011380</X>
	<Y>-19.186460</Y></Vertex>
	<Vertex>
	<X>5.089068</X>
	<Y>-19.501392</Y></Vertex>
	<Vertex>
	<X>5.232537</X>
	<Y>-19.465917</Y></Vertex>
	<Vertex>
	<X>5.400782</X>
	<Y>-19.423386</Y></Vertex>
	<Vertex>
	<X>5.317009</X>
	<Y>-19.105596</Y></Vertex>
	<Vertex>
	<X>6.383654</X>
	<Y>-18.792950</Y></Vertex>
	<Vertex>
	<X>6.784467</X>
	<Y>-18.664496</Y></Vertex>
	<Vertex>
	<X>7.476437</X>
	<Y>-18.407044</Y></Vertex>
	<Vertex>
	<X>7.593039</X>
	<Y>-18.706603</Y></Vertex>
	<Vertex>
	<X>7.958494</X>
	<Y>-18.566741</Y></Vertex>
	<Vertex>
	<X>7.835012</X>
	<Y>-18.265981</Y></Vertex>
	<Vertex>
	<X>8.358060</X>
	<Y>-18.036588</Y></Vertex>
	<Vertex>
	<X>8.490348</X>
	<Y>-18.333525</Y></Vertex>
	<Vertex>
	<X>8.746710</X>
	<Y>-18.219834</Y></Vertex>
	<Vertex>
	<X>8.608818</X>
	<Y>-17.921516</Y></Vertex>
	<Vertex>
	<X>9.567509</X>
	<Y>-17.448342</Y></Vertex>
	<Vertex>
	<X>9.911221</X>
	<Y>-17.267869</Y></Vertex>
	<Vertex>
	<X>10.484696</X>
	<Y>-16.934807</Y></Vertex>
	<Vertex>
	<X>10.649670</X>
	<Y>-17.210696</Y></Vertex>
	<Vertex>
	<X>11.040076</X>
	<Y>-16.978033</Y></Vertex>
	<Vertex>
	<X>10.867051</X>
	<Y>-16.702881</Y></Vertex>
	<Vertex>
	<X>11.283016</X>
	<Y>-16.429826</Y></Vertex>
	<Vertex>
	<X>11.462444</X>
	<Y>-16.699997</Y></Vertex>
	<Vertex>
	<X>11.707066</X>
	<Y>-16.537368</Y></Vertex>
	<Vertex>
	<X>11.521287</X>
	<Y>-16.266266</Y></Vertex>
	<Vertex>
	<X>12.423218</X>
	<Y>-15.611001</Y></Vertex>
	<Vertex>
	<X>12.759465</X>
	<Y>-15.353620</Y></Vertex>
	<Vertex>
	<X>13.328828</X>
	<Y>-14.874416</Y></Vertex>
	<Vertex>
	<X>13.539536</X>
	<Y>-15.117181</Y></Vertex>
	<Vertex>
	<X>14.025600</X>
	<Y>-14.688889</Y></Vertex>
	<Vertex>
	<X>15.486204</X>
	<Y>-13.191090</Y></Vertex>
	<Vertex>
	<X>15.690155</X>
	<Y>-12.948738</Y></Vertex>
	<Vertex>
	<X>16.414507</X>
	<Y>-12.039195</Y></Vertex>
	<Vertex>
	<X>16.605628</X>
	<Y>-11.797719</Y></Vertex>
	<Vertex>
	<X>16.784579</X>
	<Y>-11.550637</Y></Vertex>
	<Vertex>
	<X>16.877588</X>
	<Y>-11.418507</Y></Vertex>
	<Vertex>
	<X>17.623935</X>
	<Y>-10.260780</Y></Vertex>
	<Vertex>
	<X>17.860712</X>
	<Y>-9.867156</Y></Vertex>
	<Vertex>
	<X>17.943904</X>
	<Y>-9.720365</Y></Vertex>
	<Vertex>
	<X>18.305151</X>
	<Y>-8.997627</Y></Vertex>
	<Vertex>
	<X>18.553611</X>
	<Y>-8.530186</Y></Vertex>
	<Vertex>
	<X>18.842759</X>
	<Y>-7.914023</Y></Vertex>
	<Vertex>
	<X>19.039736</X>
	<Y>-7.436080</Y></Vertex>
	<Vertex>
	<X>19.488767</X>
	<Y>-6.233118</Y></Vertex>
	<Vertex>
	<X>19.600740</X>
	<Y>-5.893231</Y></Vertex>
	<Vertex>
	<X>19.747603</X>
	<Y>-5.401628</Y></Vertex>
	<Vertex>
	<X>19.926663</X>
	<Y>-4.731901</Y></Vertex>
	<Vertex>
	<X>20.073788</X>
	<Y>-4.116454</Y></Vertex>
	<Vertex>
	<X>20.182340</X>
	<Y>-3.577071</Y></Vertex>
	<Vertex>
	<X>20.390696</X>
	<Y>-2.243560</Y></Vertex>
	<Vertex>
	<X>20.435504</X>
	<Y>-1.866123</Y></Vertex>
	<Vertex>
	<X>20.496663</X>
	<Y>-1.109140</Y></Vertex>
	<Vertex>
	<X>20.531123</X>
	<Y>-0.416834</Y></Vertex>
	<Vertex>
	<X>20.543204</X>
	<Y>0.223199</Y></Vertex>
	<Vertex>
	<X>20.534924</X>
	<Y>0.753057</Y></Vertex>
	<Vertex>
	<X>20.502723</X>
	<Y>1.445463</Y></Vertex>
	<Vertex>
	<X>20.453047</X>
	<Y>2.128861</Y></Vertex>
	<Vertex>
	<X>20.423024</X>
	<Y>2.427692</Y></Vertex>
	<Vertex>
	<X>20.337984</X>
	<Y>3.079595</Y></Vertex>
	<Vertex>
	<X>20.227451</X>
	<Y>3.779263</Y></Vertex>
	<Vertex>
	<X>20.066428</X>
	<Y>4.595216</Y></Vertex>
	<Vertex>
	<X>19.948823</X>
	<Y>5.069417</Y></Vertex>
	<Vertex>
	<X>19.652196</X>
	<Y>6.170918</Y></Vertex>
	<Vertex>
	<X>19.441559</X>
	<Y>6.814389</Y></Vertex>
	<Vertex>
	<X>19.062880</X>
	<Y>7.821148</Y></Vertex>
	<Vertex>
	<X>18.842764</X>
	<Y>8.360422</Y></Vertex>
	<Vertex>
	<X>17.907400</X>
	<Y>10.231776</Y></Vertex>
	<Vertex>
	<X>16.784580</X>
	<Y>11.997040</Y></Vertex>
	<Vertex>
	<X>16.512367</X>
	<Y>12.356195</Y></Vertex>
	<Vertex>
	<X>15.985195</X>
	<Y>13.003791</Y></Vertex>
	<Vertex>
	<X>15.484671</X>
	<Y>13.636185</Y></Vertex>
	<Vertex>
	<X>15.167148</X>
	<Y>13.989489</Y></Vertex>
	<Vertex>
	<X>14.925979</X>
	<Y>13.767862</Y></Vertex>
	<Vertex>
	<X>14.638372</X>
	<Y>14.074716</Y></Vertex>
	<Vertex>
	<X>14.872264</X>
	<Y>14.299465</Y></Vertex>
	<Vertex>
	<X>14.648856</X>
	<Y>14.530409</Y></Vertex>
	<Vertex>
	<X>14.415528</X>
	<Y>14.298969</Y></Vertex>
	<Vertex>
	<X>13.611444</X>
	<Y>15.066385</Y></Vertex>
	<Vertex>
	<X>13.299792</X>
	<Y>15.349272</Y></Vertex>
	<Vertex>
	<X>12.730848</X>
	<Y>15.819813</Y></Vertex>
	<Vertex>
	<X>12.931974</X>
	<Y>16.070573</Y></Vertex>
	<Vertex>
	<X>12.628122</X>
	<Y>16.317129</Y></Vertex>
	<Vertex>
	<X>12.429394</X>
	<Y>16.059814</Y></Vertex>
	<Vertex>
	<X>11.969212</X>
	<Y>16.398093</Y></Vertex>
	<Vertex>
	<X>12.160223</X>
	<Y>16.661121</Y></Vertex>
	<Vertex>
	<X>11.933584</X>
	<Y>16.826293</Y></Vertex>
	<Vertex>
	<X>11.744180</X>
	<Y>16.557717</Y></Vertex>
	<Vertex>
	<X>10.855050</X>
	<Y>17.151380</Y></Vertex>
	<Vertex>
	<X>10.526899</X>
	<Y>17.358809</Y></Vertex>
	<Vertex>
	<X>9.951722</X>
	<Y>17.688921</Y></Vertex>
	<Vertex>
	<X>10.108162</X>
	<Y>17.969737</Y></Vertex>
	<Vertex>
	<X>9.711468</X>
	<Y>18.191513</Y></Vertex>
	<Vertex>
	<X>9.559689</X>
	<Y>17.904085</Y></Vertex>
	<Vertex>
	<X>9.115238</X>
	<Y>18.127793</Y></Vertex>
	<Vertex>
	<X>9.259496</X>
	<Y>18.418272</Y></Vertex>
	<Vertex>
	<X>9.106939</X>
	<Y>18.494317</Y></Vertex>
	<Vertex>
	<X>8.996348</X>
	<Y>18.548805</Y></Vertex>
	<Vertex>
	<X>8.854456</X>
	<Y>18.252369</Y></Vertex>
	<Vertex>
	<X>7.836014</X>
	<Y>18.705824</Y></Vertex>
	<Vertex>
	<X>7.444989</X>
	<Y>18.868333</Y></Vertex>
	<Vertex>
	<X>6.745306</X>
	<Y>19.121817</Y></Vertex>
	<Vertex>
	<X>6.850196</X>
	<Y>19.425677</Y></Vertex>
	<Vertex>
	<X>5.684096</X>
	<Y>19.781908</Y></Vertex>
	<Vertex>
	<X>4.890456</X>
	<Y>19.999932</Y></Vertex>
	<Vertex>
	<X>4.330973</X>
	<Y>20.109353</Y></Vertex>
	<Vertex>
	<X>3.743384</X>
	<Y>20.206488</Y></Vertex>
	<Vertex>
	<X>2.831933</X>
	<Y>20.372585</Y></Vertex>
	<Vertex>
	<X>2.544464</X>
	<Y>20.409821</Y></Vertex>
	<Vertex>
	<X>1.773035</X>
	<Y>20.479509</Y></Vertex>
	<Vertex>
	<X>0.746397</X>
	<Y>20.536461</Y></Vertex>
	<Vertex>
	<X>-0.087199</X>
	<Y>20.514993</Y></Vertex>
	<Vertex>
	<X>-0.587961</X>
	<Y>20.517988</Y></Vertex>
	<Vertex>
	<X>-1.158840</X>
	<Y>20.495633</Y></Vertex>
	<Vertex>
	<X>-1.928558</X>
	<Y>20.422865</Y></Vertex>
	<Vertex>
	<X>-2.935981</X>
	<Y>20.292204</Y></Vertex>
	<Vertex>
	<X>-3.312714</X>
	<Y>20.232965</Y></Vertex>
	<Vertex>
	<X>-3.731881</X>
	<Y>20.152893</Y></Vertex>
	<Vertex>
	<X>-4.562016</X>
	<Y>19.965392</Y></Vertex>
	<Vertex>
	<X>-5.234279</X>
	<Y>19.796361</Y></Vertex>
	<Vertex>
	<X>-5.611839</X>
	<Y>19.686892</Y></Vertex>
	<Vertex>
	<X>-5.948188</X>
	<Y>19.579225</Y></Vertex>
	<Vertex>
	<X>-6.592833</X>
	<Y>19.341548</Y></Vertex>
	<Vertex>
	<X>-7.366543</X>
	<Y>19.072413</Y></Vertex>
	<Vertex>
	<X>-7.684835</X>
	<Y>18.939897</Y></Vertex>
	<Vertex>
	<X>-8.966532</X>
	<Y>18.345529</Y></Vertex>
	<Vertex>
	<X>-9.275782</X>
	<Y>18.186252</Y></Vertex>
	<Vertex>
	<X>-9.629161</X>
	<Y>17.991669</Y></Vertex>
	<Vertex>
	<X>-10.290839</X>
	<Y>17.604596</Y></Vertex>
	<Vertex>
	<X>-10.880654</X>
	<Y>17.240561</Y></Vertex>
	<Vertex>
	<X>-11.484714</X>
	<Y>16.827533</Y></Vertex>
	<Vertex>
	<X>-12.515634</X>
	<Y>16.053384</Y></Vertex>
	<Vertex>
	<X>-13.061679</X>
	<Y>15.596104</Y></Vertex>
	<Vertex>
	<X>-13.901626</X>
	<Y>14.822508</Y></Vertex>
	<Vertex>
	<X>-14.225592</X>
	<Y>14.510297</Y></Vertex>
	<Vertex>
	<X>-14.675896</X>
	<Y>14.033733</Y></Vertex>
	<Vertex>
	<X>-15.363533</X>
	<Y>13.252947</Y></Vertex>
	<Vertex>
	<X>-15.710113</X>
	<Y>12.833987</Y></Vertex>
	<Vertex>
	<X>-16.922320</X>
	<Y>11.128866</Y></Vertex>
	<Vertex>
	<X>-17.952778</X>
	<Y>9.308144</Y></Vertex>
	<Vertex>
	<X>-18.789368</X>
	<Y>7.390688</Y></Vertex>
	<Vertex>
	<X>-18.990662</X>
	<Y>6.824558</Y></Vertex>
	<Vertex>
	<X>-19.170726</X>
	<Y>6.281895</Y></Vertex>
	<Vertex>
	<X>-18.858209</X>
	<Y>6.183850</Y></Vertex>
	<Vertex>
	<X>-18.980148</X>
	<Y>5.781344</Y></Vertex>
	<Vertex>
	<X>-19.291732</X>
	<Y>5.871531</Y></Vertex>
	<Vertex>
	<X>-19.380034</X>
	<Y>5.562577</Y></Vertex>
	<Vertex>
	<X>-19.062934</X>
	<Y>5.476231</Y></Vertex>
	<Vertex>
	<X>-19.325495</X>
	<Y>4.396169</Y></Vertex>
	<Vertex>
	<X>-19.414656</X>
	<Y>3.984824</Y></Vertex>
	<Vertex>
	<X>-19.537683</X>
	<Y>3.256835</Y></Vertex>
	<Vertex>
	<X>-19.855411</X>
	<Y>3.305633</Y></Vertex>
	<Vertex>
	<X>-19.917012</X>
	<Y>2.919211</Y></Vertex>
	<Vertex>
	<X>-19.594807</X>
	<Y>2.875766</Y></Vertex>
	<Vertex>
	<X>-19.657671</X>
	<Y>2.308101</Y></Vertex>
	<Vertex>
	<X>-19.980968</X>
	<Y>2.342003</Y></Vertex>
	<Vertex>
	<X>-20.010692</X>
	<Y>2.063143</Y></Vertex>
	<Vertex>
	<X>-19.683394</X>
	<Y>2.033401</Y></Vertex>
	<Vertex>
	<X>-19.752958</X>
	<Y>0.966563</Y></Vertex>
	<Vertex>
	<X>-19.768519</X>
	<Y>0.578662</Y></Vertex>
	<Vertex>
	<X>-19.766817</X>
	<Y>-0.084511</Y></Vertex>
	<Vertex>
	<X>-20.089040</X>
	<Y>-0.089431</Y></Vertex>
	<Vertex>
	<X>-20.081945</X>
	<Y>-0.543873</Y></Vertex>
	<Vertex>
	<X>-19.757141</X>
	<Y>-0.531605</Y></Vertex>
	<Vertex>
	<X>-19.728652</X>
	<Y>-1.028368</Y></Vertex>
	<Vertex>
	<X>-20.052341</X>
	<Y>-1.048673</Y></Vertex>
	<Vertex>
	<X>-20.043742</X>
	<Y>-1.190698</Y></Vertex>
	<Vertex>
	<X>-20.033809</X>
	<Y>-1.341831</Y></Vertex>
	<Vertex>
	<X>-19.706140</X>
	<Y>-1.316493</Y></Vertex>
	<Vertex>
	<X>-19.589629</X>
	<Y>-2.425221</Y></Vertex>
	<Vertex>
	<X>-19.534853</X>
	<Y>-2.845112</Y></Vertex>
	<Vertex>
	<X>-19.404533</X>
	<Y>-3.577795</Y></Vertex>
	<Vertex>
	<X>-19.720127</X>
	<Y>-3.638891</Y></Vertex>
	<Vertex>
	<X>-19.529344</X>
	<Y>-4.529647</Y></Vertex>
	<Vertex>
	<X>-19.426803</X>
	<Y>-4.951716</Y></Vertex>
	<Vertex>
	<X>-18.790566</X>
	<Y>-6.944722</Y></Vertex>
	<Vertex>
	<X>-18.457427</X>
	<Y>-7.764383</Y></Vertex>
	<Vertex>
	<X>-18.334105</X>
	<Y>-8.046568</Y></Vertex>
	<Vertex>
	<X>-18.141676</X>
	<Y>-8.471699</Y></Vertex>
	<Vertex>
	<X>-17.951076</X>
	<Y>-8.860901</Y></Vertex>
	<Vertex>
	<X>-17.822095</X>
	<Y>-9.115732</Y></Vertex>
	<Vertex>
	<X>-17.242620</X>
	<Y>-10.149910</Y></Vertex>
	<Vertex>
	<X>-16.936085</X>
	<Y>-10.660775</Y></Vertex>
	<Vertex>
	<X>-16.715586</X>
	<Y>-10.996836</Y></Vertex>
	<Vertex>
	<X>-15.752355</X>
	<Y>-12.333910</Y></Vertex>
	<Vertex>
	<X>-15.360772</X>
	<Y>-12.809202</Y></Vertex>
	<Vertex>
	<X>-14.684685</X>
	<Y>-13.578154</Y></Vertex>
	<Vertex>
	<X>-14.336317</X>
	<Y>-13.951525</Y></Vertex>
	<Vertex>
	<X>-14.091683</X>
	<Y>-14.178693</Y></Vertex>
	<Vertex>
	<X>-13.838166</X>
	<Y>-14.433438</Y></Vertex>
	<Vertex>
	<X>-13.062287</X>
	<Y>-15.149585</Y></Vertex>
	<Vertex>
	<X>-12.793639</X>
	<Y>-15.380115</Y></Vertex>
	<Vertex>
	<X>-12.080602</X>
	<Y>-15.915191</Y></Vertex>
	<Vertex>
	<X>-11.777735</X>
	<Y>-16.161923</Y></Vertex>
	<Vertex>
	<X>-11.463393</X>
	<Y>-16.395805</Y></Vertex>
	<Vertex>
	<X>-11.120312</X>
	<Y>-16.635836</Y></Vertex>
	<Vertex>
	<X>-10.680390</X>
	<Y>-16.922053</Y></Vertex>
	<Vertex>
	<X>-9.373098</X>
	<Y>-17.688052</Y></Vertex>
	<Vertex>
	<X>-9.013983</X>
	<Y>-17.859212</Y></Vertex>
	<Vertex>
	<X>-8.752147</X>
	<Y>-17.995715</Y></Vertex>
	<Vertex>
	<X>-7.966739</X>
	<Y>-18.367439</Y></Vertex>
	<Vertex>
	<X>-7.554559</X>
	<Y>-18.548995</Y></Vertex>
	<Vertex>
	<X>-7.239451</X>
	<Y>-18.676568</Y></Vertex>
	<Vertex>
	<X>-6.866735</X>
	<Y>-18.806218</Y></Vertex>
	<Vertex>
	<X>-6.573586</X>
	<Y>-18.917960</Y></Vertex>
	<Vertex>
	<X>-5.899178</X>
	<Y>-19.148599</Y></Vertex>
	<Vertex>
	<X>-5.455938</X>
	<Y>-19.287012</Y></Vertex>
	<Vertex>
	<X>-5.024494</X>
	<Y>-19.404265</Y></Vertex>
	<Vertex>
	<X>-3.573924</X>
	<Y>-19.738466</Y></Vertex>
	<Vertex>
	<X>-3.317359</X>
	<Y>-19.785761</Y></Vertex>
	<Vertex>
	<X>-2.270666</X>
	<Y>-19.927009</Y></Vertex>
	<Vertex>
	<X>-1.345006</X>
	<Y>-20.036195</Y></Vertex>
	<Vertex>
	<X>0.746398</X>
	<Y>-20.090063</Y></Vertex></VertexList>
	<Slice>
	<Region>
	<Tag>main</Tag>
	<contourTraj>2</contourTraj>
	<hatchTraj>3</hatchTraj>
	<Type>Outer</Type>
	<Edge>
	<Start>1</Start>
	<End>2</End>
	<Normal>
	<Nx>0</Nx>
	<Ny>0</Ny>
	<Nz>0</Nz></Normal></Edge>
	<Edge>
	<Start>2</Start>
	<End>3</End>
	<Normal>
	<Nx>0</Nx>
	<Ny>0</Ny>
	<Nz>0</Nz></Normal></Edge>
	<Edge>
	<Start>3</Start>
	<End>4</End>
	<Normal>
	<Nx>0</Nx>
	<Ny>0</Ny>
	<Nz>0</Nz></Normal></Edge>
	<Edge>
	<Start>4</Start>
	<End>5</End>
	<Normal>
	<Nx>0</Nx>
	<Ny>0</Ny>
	<Nz>0</Nz></Normal></Edge>
	<Edge>
	<Start>5</Start>
	<End>6</End>
	<Normal>
	<Nx>0</Nx>
	<Ny>0</Ny>
	<Nz>0</Nz></Normal></Edge>
	<Edge>
	<Start>6</Start>
	<End>7</End>
	<Normal>
	<Nx>0</Nx>
	<Ny>0</Ny>
	<Nz>0</Nz></Normal></Edge>
	<Edge>
	<Start>7</Start>
	<End>8</End>
	<Normal>
	<Nx>0</Nx>
	<Ny>0</Ny>
	<Nz>0</Nz></Normal></Edge>
	<Edge>
	<Start>8</Start>
	<End>9</End>
	<Normal>
	<Nx>0</Nx>
	<Ny>0</Ny>
	<Nz>0</Nz></Normal></Edge>
	<Edge>
	<Start>9</Start>
	<End>10</End>
	<Normal>
	<Nx>0</Nx>
	<Ny>0</Ny>
	<Nz>0</Nz></Normal></Edge>
	<Edge>
	<Start>10</Start>
	<End>11</End>
	<Normal>
	<Nx>0</Nx>
	<Ny>0</Ny>
	<Nz>0</Nz></Normal></Edge>
	<Edge>
	<Start>11</Start>
	<End>12</End>
	<Normal>
	<Nx>0</Nx>
	<Ny>0</Ny>
	<Nz>0</Nz></Normal></Edge>
	<Edge>
	<Start>12</Start>
	<End>13</End>
	<Normal>
	<Nx>0</Nx>
	<Ny>0</Ny>
	<Nz>0</Nz></Normal></Edge>
	<Edge>
	<Start>13</Start>
	<End>14</End>
	<Normal>
	<Nx>0</Nx>
	<Ny>0</Ny>
	<Nz>0</Nz></Normal></Edge>
	<Edge>
	<Start>14</Start>
	<End>15</End>
	<Normal>
	<Nx>0</Nx>
	<Ny>0</Ny>
	<Nz>0</Nz></Normal></Edge>
	<Edge>
	<Start>15</Start>
	<End>16</End>
	<Normal>
	<Nx>0</Nx>
	<Ny>0</Ny>
	<Nz>0</Nz></Normal></Edge>
	<Edge>
	<Start>16</Start>
	<End>17</End>
	<Normal>
	<Nx>0</Nx>
	<Ny>0</Ny>
	<Nz>0</Nz></Normal></Edge>
	<Edge>
	<Start>17</Start>
	<End>18</End>
	<Normal>
	<Nx>0</Nx>
	<Ny>0</Ny>
	<Nz>0</Nz></Normal></Edge>
	<Edge>
	<Start>18</Start>
	<End>19</End>
	<Normal>
	<Nx>0</Nx>
	<Ny>0</Ny>
	<Nz>0</Nz></Normal></Edge>
	<Edge>
	<Start>19</Start>
	<End>20</End>
	<Normal>
	<Nx>0</Nx>
	<Ny>0</Ny>
	<Nz>0</Nz></Normal></Edge>
	<Edge>
	<Start>20</Start>
	<End>21</End>
	<Normal>
	<Nx>0</Nx>
	<Ny>0</Ny>
	<Nz>0</Nz></Normal></Edge>
	<Edge>
	<Start>21</Start>
	<End>22</End>
	<Normal>
	<Nx>0</Nx>
	<Ny>0</Ny>
	<Nz>0</Nz></Normal></Edge>
	<Edge>
	<Start>22</Start>
	<End>23</End>
	<Normal>
	<Nx>0</Nx>
	<Ny>0</Ny>
	<Nz>0</Nz></Normal></Edge>
	<Edge>
	<Start>23</Start>
	<End>24</End>
	<Normal>
	<Nx>0</Nx>
	<Ny>0</Ny>
	<Nz>0</Nz></Normal></Edge>
	<Edge>
	<Start>24</Start>
	<End>25</End>
	<Normal>
	<Nx>0</Nx>
	<Ny>0</Ny>
	<Nz>0</Nz></Normal></Edge>
	<Edge>
	<Start>25</Start>
	<End>26</End>
	<Normal>
	<Nx>0</Nx>
	<Ny>0</Ny>
	<Nz>0</Nz></Normal></Edge>
	<Edge>
	<Start>26</Start>
	<End>27</End>
	<Normal>
	<Nx>0</Nx>
	<Ny>0</Ny>
	<Nz>0</Nz></Normal></Edge>
	<Edge>
	<Start>27</Start>
	<End>28</End>
	<Normal>
	<Nx>0</Nx>
	<Ny>0</Ny>
	<Nz>0</Nz></Normal></Edge>
	<Edge>
	<Start>28</Start>
	<End>29</End>
	<Normal>
	<Nx>0</Nx>
	<Ny>0</Ny>
	<Nz>0</Nz></Normal></Edge>
	<Edge>
	<Start>29</Start>
	<End>30</End>
	<Normal>
	<Nx>0</Nx>
	<Ny>0</Ny>
	<Nz>0</Nz></Normal></Edge>
	<Edge>
	<Start>30</Start>
	<End>31</End>
	<Normal>
	<Nx>0</Nx>
	<Ny>0</Ny>
	<Nz>0</Nz></Normal></Edge>
	<Edge>
	<Start>31</Start>
	<End>32</End>
	<Normal>
	<Nx>0</Nx>
	<Ny>0</Ny>
	<Nz>0</Nz></Normal></Edge>
	<Edge>
	<Start>32</Start>
	<End>33</End>
	<Normal>
	<Nx>0</Nx>
	<Ny>0</Ny>
	<Nz>0</Nz></Normal></Edge>
	<Edge>
	<Start>33</Start>
	<End>34</End>
	<Normal>
	<Nx>0</Nx>
	<Ny>0</Ny>
	<Nz>0</Nz></Normal></Edge>
	<Edge>
	<Start>34</Start>
	<End>35</End>
	<Normal>
	<Nx>0</Nx>
	<Ny>0</Ny>
	<Nz>0</Nz></Normal></Edge>
	<Edge>
	<Start>35</Start>
	<End>36</End>
	<Normal>
	<Nx>0</Nx>
	<Ny>0</Ny>
	<Nz>0</Nz></Normal></Edge>
	<Edge>
	<Start>36</Start>
	<End>37</End>
	<Normal>
	<Nx>0</Nx>
	<Ny>0</Ny>
	<Nz>0</Nz></Normal></Edge>
	<Edge>
	<Start>37</Start>
	<End>38</End>
	<Normal>
	<Nx>0</Nx>
	<Ny>0</Ny>
	<Nz>0</Nz></Normal></Edge>
	<Edge>
	<Start>38</Start>
	<End>39</End>
	<Normal>
	<Nx>0</Nx>
	<Ny>0</Ny>
	<Nz>0</Nz></Normal></Edge>
	<Edge>
	<Start>39</Start>
	<End>40</End>
	<Normal>
	<Nx>0</Nx>
	<Ny>0</Ny>
	<Nz>0</Nz></Normal></Edge>
	<Edge>
	<Start>40</Start>
	<End>41</End>
	<Normal>
	<Nx>0</Nx>
	<Ny>0</Ny>
	<Nz>0</Nz></Normal></Edge>
	<Edge>
	<Start>41</Start>
	<End>42</End>
	<Normal>
	<Nx>0</Nx>
	<Ny>0</Ny>
	<Nz>0</Nz></Normal></Edge>
	<Edge>
	<Start>42</Start>
	<End>43</End>
	<Normal>
	<Nx>0</Nx>
	<Ny>0</Ny>
	<Nz>0</Nz></Normal></Edge>
	<Edge>
	<Start>43</Start>
	<End>44</End>
	<Normal>
	<Nx>0</Nx>
	<Ny>0</Ny>
	<Nz>0</Nz></Normal></Edge>
	<Edge>
	<Start>44</Start>
	<End>45</End>
	<Normal>
	<Nx>0</Nx>
	<Ny>0</Ny>
	<Nz>0</Nz></Normal></Edge>
	<Edge>
	<Start>45</Start>
	<End>46</End>
	<Normal>
	<Nx>0</Nx>
	<Ny>0</Ny>
	<Nz>0</Nz></Normal></Edge>
	<Edge>
	<Start>46</Start>
	<End>47</End>
	<Normal>
	<Nx>0</Nx>
	<Ny>0</Ny>
	<Nz>0</Nz></Normal></Edge>
	<Edge>
	<Start>47</Start>
	<End>48</End>
	<Normal>
	<Nx>0</Nx>
	<Ny>0</Ny>
	<Nz>0</Nz></Normal></Edge>
	<Edge>
	<Start>48</Start>
	<End>49</End>
	<Normal>
	<Nx>0</Nx>
	<Ny>0</Ny>
	<Nz>0</Nz></Normal></Edge>
	<Edge>
	<Start>49</Start>
	<End>50</End>
	<Normal>
	<Nx>0</Nx>
	<Ny>0</Ny>
	<Nz>0</Nz></Normal></Edge>
	<Edge>
	<Start>50</Start>
	<End>51</End>
	<Normal>
	<Nx>0</Nx>
	<Ny>0</Ny>
	<Nz>0</Nz></Normal></Edge>
	<Edge>
	<Start>51</Start>
	<End>52</End>
	<Normal>
	<Nx>0</Nx>
	<Ny>0</Ny>
	<Nz>0</Nz></Normal></Edge>
	<Edge>
	<Start>52</Start>
	<End>53</End>
	<Normal>
	<Nx>0</Nx>
	<Ny>0</Ny>
	<Nz>0</Nz></Normal></Edge>
	<Edge>
	<Start>53</Start>
	<End>54</End>
	<Normal>
	<Nx>0</Nx>
	<Ny>0</Ny>
	<Nz>0</Nz></Normal></Edge>
	<Edge>
	<Start>54</Start>
	<End>55</End>
	<Normal>
	<Nx>0</Nx>
	<Ny>0</Ny>
	<Nz>0</Nz></Normal></Edge>
	<Edge>
	<Start>55</Start>
	<End>56</End>
	<Normal>
	<Nx>0</Nx>
	<Ny>0</Ny>
	<Nz>0</Nz></Normal></Edge>
	<Edge>
	<Start>56</Start>
	<End>57</End>
	<Normal>
	<Nx>0</Nx>
	<Ny>0</Ny>
	<Nz>0</Nz></Normal></Edge>
	<Edge>
	<Start>57</Start>
	<End>58</End>
	<Normal>
	<Nx>0</Nx>
	<Ny>0</Ny>
	<Nz>0</Nz></Normal></Edge>
	<Edge>
	<Start>58</Start>
	<End>59</End>
	<Normal>
	<Nx>0</Nx>
	<Ny>0</Ny>
	<Nz>0</Nz></Normal></Edge>
	<Edge>
	<Start>59</Start>
	<End>60</End>
	<Normal>
	<Nx>0</Nx>
	<Ny>0</Ny>
	<Nz>0</Nz></Normal></Edge>
	<Edge>
	<Start>60</Start>
	<End>61</End>
	<Normal>
	<Nx>0</Nx>
	<Ny>0</Ny>
	<Nz>0</Nz></Normal></Edge>
	<Edge>
	<Start>61</Start>
	<End>62</End>
	<Normal>
	<Nx>0</Nx>
	<Ny>0</Ny>
	<Nz>0</Nz></Normal></Edge>
	<Edge>
	<Start>62</Start>
	<End>63</End>
	<Normal>
	<Nx>0</Nx>
	<Ny>0</Ny>
	<Nz>0</Nz></Normal></Edge>
	<Edge>
	<Start>63</Start>
	<End>64</End>
	<Normal>
	<Nx>0</Nx>
	<Ny>0</Ny>
	<Nz>0</Nz></Normal></Edge>
	<Edge>
	<Start>64</Start>
	<End>65</End>
	<Normal>
	<Nx>0</Nx>
	<Ny>0</Ny>
	<Nz>0</Nz></Normal></Edge>
	<Edge>
	<Start>65</Start>
	<End>66</End>
	<Normal>
	<Nx>0</Nx>
	<Ny>0</Ny>
	<Nz>0</Nz></Normal></Edge>
	<Edge>
	<Start>66</Start>
	<End>67</End>
	<Normal>
	<Nx>0</Nx>
	<Ny>0</Ny>
	<Nz>0</Nz></Normal></Edge>
	<Edge>
	<Start>67</Start>
	<End>68</End>
	<Normal>
	<Nx>0</Nx>
	<Ny>0</Ny>
	<Nz>0</Nz></Normal></Edge>
	<Edge>
	<Start>68</Start>
	<End>69</End>
	<Normal>
	<Nx>0</Nx>
	<Ny>0</Ny>
	<Nz>0</Nz></Normal></Edge>
	<Edge>
	<Start>69</Start>
	<End>70</End>
	<Normal>
	<Nx>0</Nx>
	<Ny>0</Ny>
	<Nz>0</Nz></Normal></Edge>
	<Edge>
	<Start>70</Start>
	<End>71</End>
	<Normal>
	<Nx>0</Nx>
	<Ny>0</Ny>
	<Nz>0</Nz></Normal></Edge>
	<Edge>
	<Start>71</Start>
	<End>72</End>
	<Normal>
	<Nx>0</Nx>
	<Ny>0</Ny>
	<Nz>0</Nz></Normal></Edge>
	<Edge>
	<Start>72</Start>
	<End>73</End>
	<Normal>
	<Nx>0</Nx>
	<Ny>0</Ny>
	<Nz>0</Nz></Normal></Edge>
	<Edge>
	<Start>73</Start>
	<End>74</End>
	<Normal>
	<Nx>0</Nx>
	<Ny>0</Ny>
	<Nz>0</Nz></Normal></Edge>
	<Edge>
	<Start>74</Start>
	<End>75</End>
	<Normal>
	<Nx>0</Nx>
	<Ny>0</Ny>
	<Nz>0</Nz></Normal></Edge>
	<Edge>
	<Start>75</Start>
	<End>76</End>
	<Normal>
	<Nx>0</Nx>
	<Ny>0</Ny>
	<Nz>0</Nz></Normal></Edge>
	<Edge>
	<Start>76</Start>
	<End>77</End>
	<Normal>
	<Nx>0</Nx>
	<Ny>0</Ny>
	<Nz>0</Nz></Normal></Edge>
	<Edge>
	<Start>77</Start>
	<End>78</End>
	<Normal>
	<Nx>0</Nx>
	<Ny>0</Ny>
	<Nz>0</Nz></Normal></Edge>
	<Edge>
	<Start>78</Start>
	<End>79</End>
	<Normal>
	<Nx>0</Nx>
	<Ny>0</Ny>
	<Nz>0</Nz></Normal></Edge>
	<Edge>
	<Start>79</Start>
	<End>80</End>
	<Normal>
	<Nx>0</Nx>
	<Ny>0</Ny>
	<Nz>0</Nz></Normal></Edge>
	<Edge>
	<Start>80</Start>
	<End>81</End>
	<Normal>
	<Nx>0</Nx>
	<Ny>0</Ny>
	<Nz>0</Nz></Normal></Edge>
	<Edge>
	<Start>81</Start>
	<End>82</End>
	<Normal>
	<Nx>0</Nx>
	<Ny>0</Ny>
	<Nz>0</Nz></Normal></Edge>
	<Edge>
	<Start>82</Start>
	<End>83</End>
	<Normal>
	<Nx>0</Nx>
	<Ny>0</Ny>
	<Nz>0</Nz></Normal></Edge>
	<Edge>
	<Start>83</Start>
	<End>84</End>
	<Normal>
	<Nx>0</Nx>
	<Ny>0</Ny>
	<Nz>0</Nz></Normal></Edge>
	<Edge>
	<Start>84</Start>
	<End>85</End>
	<Normal>
	<Nx>0</Nx>
	<Ny>0</Ny>
	<Nz>0</Nz></Normal></Edge>
	<Edge>
	<Start>85</Start>
	<End>86</End>
	<Normal>
	<Nx>0</Nx>
	<Ny>0</Ny>
	<Nz>0</Nz></Normal></Edge>
	<Edge>
	<Start>86</Start>
	<End>87</End>
	<Normal>
	<Nx>0</Nx>
	<Ny>0</Ny>
	<Nz>0</Nz></Normal></Edge>
	<Edge>
	<Start>87</Start>
	<End>88</End>
	<Normal>
	<Nx>0</Nx>
	<Ny>0</Ny>
	<Nz>0</Nz></Normal></Edge>
	<Edge>
	<Start>88</Start>
	<End>89</End>
	<Normal>
	<Nx>0</Nx>
	<Ny>0</Ny>
	<Nz>0</Nz></Normal></Edge>
	<Edge>
	<Start>89</Start>
	<End>90</End>
	<Normal>
	<Nx>0</Nx>
	<Ny>0</Ny>
	<Nz>0</Nz></Normal></Edge>
	<Edge>
	<Start>90</Start>
	<End>91</End>
	<Normal>
	<Nx>0</Nx>
	<Ny>0</Ny>
	<Nz>0</Nz></Normal></Edge>
	<Edge>
	<Start>91</Start>
	<End>92</End>
	<Normal>
	<Nx>0</Nx>
	<Ny>0</Ny>
	<Nz>0</Nz></Normal></Edge>
	<Edge>
	<Start>92</Start>
	<End>93</End>
	<Normal>
	<Nx>0</Nx>
	<Ny>0</Ny>
	<Nz>0</Nz></Normal></Edge>
	<Edge>
	<Start>93</Start>
	<End>94</End>
	<Normal>
	<Nx>0</Nx>
	<Ny>0</Ny>
	<Nz>0</Nz></Normal></Edge>
	<Edge>
	<Start>94</Start>
	<End>95</End>
	<Normal>
	<Nx>0</Nx>
	<Ny>0</Ny>
	<Nz>0</Nz></Normal></Edge>
	<Edge>
	<Start>95</Start>
	<End>96</End>
	<Normal>
	<Nx>0</Nx>
	<Ny>0</Ny>
	<Nz>0</Nz></Normal></Edge>
	<Edge>
	<Start>96</Start>
	<End>97</End>
	<Normal>
	<Nx>0</Nx>
	<Ny>0</Ny>
	<Nz>0</Nz></Normal></Edge>
	<Edge>
	<Start>97</Start>
	<End>98</End>
	<Normal>
	<Nx>0</Nx>
	<Ny>0</Ny>
	<Nz>0</Nz></Normal></Edge>
	<Edge>
	<Start>98</Start>
	<End>99</End>
	<Normal>
	<Nx>0</Nx>
	<Ny>0</Ny>
	<Nz>0</Nz></Normal></Edge>
	<Edge>
	<Start>99</Start>
	<End>100</End>
	<Normal>
	<Nx>0</Nx>
	<Ny>0</Ny>
	<Nz>0</Nz></Normal></Edge>
	<Edge>
	<Start>100</Start>
	<End>101</End>
	<Normal>
	<Nx>0</Nx>
	<Ny>0</Ny>
	<Nz>0</Nz></Normal></Edge>
	<Edge>
	<Start>101</Start>
	<End>102</End>
	<Normal>
	<Nx>0</Nx>
	<Ny>0</Ny>
	<Nz>0</Nz></Normal></Edge>
	<Edge>
	<Start>102</Start>
	<End>103</End>
	<Normal>
	<Nx>0</Nx>
	<Ny>0</Ny>
	<Nz>0</Nz></Normal></Edge>
	<Edge>
	<Start>103</Start>
	<End>104</End>
	<Normal>
	<Nx>0</Nx>
	<Ny>0</Ny>
	<Nz>0</Nz></Normal></Edge>
	<Edge>
	<Start>104</Start>
	<End>105</End>
	<Normal>
	<Nx>0</Nx>
	<Ny>0</Ny>
	<Nz>0</Nz></Normal></Edge>
	<Edge>
	<Start>105</Start>
	<End>106</End>
	<Normal>
	<Nx>0</Nx>
	<Ny>0</Ny>
	<Nz>0</Nz></Normal></Edge>
	<Edge>
	<Start>106</Start>
	<End>107</End>
	<Normal>
	<Nx>0</Nx>
	<Ny>0</Ny>
	<Nz>0</Nz></Normal></Edge>
	<Edge>
	<Start>107</Start>
	<End>108</End>
	<Normal>
	<Nx>0</Nx>
	<Ny>0</Ny>
	<Nz>0</Nz></Normal></Edge>
	<Edge>
	<Start>108</Start>
	<End>109</End>
	<Normal>
	<Nx>0</Nx>
	<Ny>0</Ny>
	<Nz>0</Nz></Normal></Edge>
	<Edge>
	<Start>109</Start>
	<End>110</End>
	<Normal>
	<Nx>0</Nx>
	<Ny>0</Ny>
	<Nz>0</Nz></Normal></Edge>
	<Edge>
	<Start>110</Start>
	<End>111</End>
	<Normal>
	<Nx>0</Nx>
	<Ny>0</Ny>
	<Nz>0</Nz></Normal></Edge>
	<Edge>
	<Start>111</Start>
	<End>112</End>
	<Normal>
	<Nx>0</Nx>
	<Ny>0</Ny>
	<Nz>0</Nz></Normal></Edge>
	<Edge>
	<Start>112</Start>
	<End>113</End>
	<Normal>
	<Nx>0</Nx>
	<Ny>0</Ny>
	<Nz>0</Nz></Normal></Edge>
	<Edge>
	<Start>113</Start>
	<End>114</End>
	<Normal>
	<Nx>0</Nx>
	<Ny>0</Ny>
	<Nz>0</Nz></Normal></Edge>
	<Edge>
	<Start>114</Start>
	<End>115</End>
	<Normal>
	<Nx>0</Nx>
	<Ny>0</Ny>
	<Nz>0</Nz></Normal></Edge>
	<Edge>
	<Start>115</Start>
	<End>116</End>
	<Normal>
	<Nx>0</Nx>
	<Ny>0</Ny>
	<Nz>0</Nz></Normal></Edge>
	<Edge>
	<Start>116</Start>
	<End>117</End>
	<Normal>
	<Nx>0</Nx>
	<Ny>0</Ny>
	<Nz>0</Nz></Normal></Edge>
	<Edge>
	<Start>117</Start>
	<End>118</End>
	<Normal>
	<Nx>0</Nx>
	<Ny>0</Ny>
	<Nz>0</Nz></Normal></Edge>
	<Edge>
	<Start>118</Start>
	<End>119</End>
	<Normal>
	<Nx>0</Nx>
	<Ny>0</Ny>
	<Nz>0</Nz></Normal></Edge>
	<Edge>
	<Start>119</Start>
	<End>120</End>
	<Normal>
	<Nx>0</Nx>
	<Ny>0</Ny>
	<Nz>0</Nz></Normal></Edge>
	<Edge>
	<Start>120</Start>
	<End>121</End>
	<Normal>
	<Nx>0</Nx>
	<Ny>0</Ny>
	<Nz>0</Nz></Normal></Edge>
	<Edge>
	<Start>121</Start>
	<End>122</End>
	<Normal>
	<Nx>0</Nx>
	<Ny>0</Ny>
	<Nz>0</Nz></Normal></Edge>
	<Edge>
	<Start>122</Start>
	<End>123</End>
	<Normal>
	<Nx>0</Nx>
	<Ny>0</Ny>
	<Nz>0</Nz></Normal></Edge>
	<Edge>
	<Start>123</Start>
	<End>124</End>
	<Normal>
	<Nx>0</Nx>
	<Ny>0</Ny>
	<Nz>0</Nz></Normal></Edge>
	<Edge>
	<Start>124</Start>
	<End>125</End>
	<Normal>
	<Nx>0</Nx>
	<Ny>0</Ny>
	<Nz>0</Nz></Normal></Edge>
	<Edge>
	<Start>125</Start>
	<End>126</End>
	<Normal>
	<Nx>0</Nx>
	<Ny>0</Ny>
	<Nz>0</Nz></Normal></Edge>
	<Edge>
	<Start>126</Start>
	<End>127</End>
	<Normal>
	<Nx>0</Nx>
	<Ny>0</Ny>
	<Nz>0</Nz></Normal></Edge>
	<Edge>
	<Start>127</Start>
	<End>128</End>
	<Normal>
	<Nx>0</Nx>
	<Ny>0</Ny>
	<Nz>0</Nz></Normal></Edge>
	<Edge>
	<Start>128</Start>
	<End>129</End>
	<Normal>
	<Nx>0</Nx>
	<Ny>0</Ny>
	<Nz>0</Nz></Normal></Edge>
	<Edge>
	<Start>129</Start>
	<End>130</End>
	<Normal>
	<Nx>0</Nx>
	<Ny>0</Ny>
	<Nz>0</Nz></Normal></Edge>
	<Edge>
	<Start>130</Start>
	<End>131</End>
	<Normal>
	<Nx>0</Nx>
	<Ny>0</Ny>
	<Nz>0</Nz></Normal></Edge>
	<Edge>
	<Start>131</Start>
	<End>132</End>
	<Normal>
	<Nx>0</Nx>
	<Ny>0</Ny>
	<Nz>0</Nz></Normal></Edge>
	<Edge>
	<Start>132</Start>
	<End>133</End>
	<Normal>
	<Nx>0</Nx>
	<Ny>0</Ny>
	<Nz>0</Nz></Normal></Edge>
	<Edge>
	<Start>133</Start>
	<End>134</End>
	<Normal>
	<Nx>0</Nx>
	<Ny>0</Ny>
	<Nz>0</Nz></Normal></Edge>
	<Edge>
	<Start>134</Start>
	<End>135</End>
	<Normal>
	<Nx>0</Nx>
	<Ny>0</Ny>
	<Nz>0</Nz></Normal></Edge>
	<Edge>
	<Start>135</Start>
	<End>136</End>
	<Normal>
	<Nx>0</Nx>
	<Ny>0</Ny>
	<Nz>0</Nz></Normal></Edge>
	<Edge>
	<Start>136</Start>
	<End>137</End>
	<Normal>
	<Nx>0</Nx>
	<Ny>0</Ny>
	<Nz>0</Nz></Normal></Edge>
	<Edge>
	<Start>137</Start>
	<End>138</End>
	<Normal>
	<Nx>0</Nx>
	<Ny>0</Ny>
	<Nz>0</Nz></Normal></Edge>
	<Edge>
	<Start>138</Start>
	<End>139</End>
	<Normal>
	<Nx>0</Nx>
	<Ny>0</Ny>
	<Nz>0</Nz></Normal></Edge>
	<Edge>
	<Start>139</Start>
	<End>140</End>
	<Normal>
	<Nx>0</Nx>
	<Ny>0</Ny>
	<Nz>0</Nz></Normal></Edge>
	<Edge>
	<Start>140</Start>
	<End>141</End>
	<Normal>
	<Nx>0</Nx>
	<Ny>0</Ny>
	<Nz>0</Nz></Normal></Edge>
	<Edge>
	<Start>141</Start>
	<End>142</End>
	<Normal>
	<Nx>0</Nx>
	<Ny>0</Ny>
	<Nz>0</Nz></Normal></Edge>
	<Edge>
	<Start>142</Start>
	<End>143</End>
	<Normal>
	<Nx>0</Nx>
	<Ny>0</Ny>
	<Nz>0</Nz></Normal></Edge>
	<Edge>
	<Start>143</Start>
	<End>144</End>
	<Normal>
	<Nx>0</Nx>
	<Ny>0</Ny>
	<Nz>0</Nz></Normal></Edge>
	<Edge>
	<Start>144</Start>
	<End>145</End>
	<Normal>
	<Nx>0</Nx>
	<Ny>0</Ny>
	<Nz>0</Nz></Normal></Edge>
	<Edge>
	<Start>145</Start>
	<End>146</End>
	<Normal>
	<Nx>0</Nx>
	<Ny>0</Ny>
	<Nz>0</Nz></Normal></Edge>
	<Edge>
	<Start>146</Start>
	<End>147</End>
	<Normal>
	<Nx>0</Nx>
	<Ny>0</Ny>
	<Nz>0</Nz></Normal></Edge>
	<Edge>
	<Start>147</Start>
	<End>148</End>
	<Normal>
	<Nx>0</Nx>
	<Ny>0</Ny>
	<Nz>0</Nz></Normal></Edge>
	<Edge>
	<Start>148</Start>
	<End>149</End>
	<Normal>
	<Nx>0</Nx>
	<Ny>0</Ny>
	<Nz>0</Nz></Normal></Edge>
	<Edge>
	<Start>149</Start>
	<End>150</End>
	<Normal>
	<Nx>0</Nx>
	<Ny>0</Ny>
	<Nz>0</Nz></Normal></Edge>
	<Edge>
	<Start>150</Start>
	<End>151</End>
	<Normal>
	<Nx>0</Nx>
	<Ny>0</Ny>
	<Nz>0</Nz></Normal></Edge>
	<Edge>
	<Start>151</Start>
	<End>152</End>
	<Normal>
	<Nx>0</Nx>
	<Ny>0</Ny>
	<Nz>0</Nz></Normal></Edge>
	<Edge>
	<Start>152</Start>
	<End>153</End>
	<Normal>
	<Nx>0</Nx>
	<Ny>0</Ny>
	<Nz>0</Nz></Normal></Edge>
	<Edge>
	<Start>153</Start>
	<End>154</End>
	<Normal>
	<Nx>0</Nx>
	<Ny>0</Ny>
	<Nz>0</Nz></Normal></Edge>
	<Edge>
	<Start>154</Start>
	<End>155</End>
	<Normal>
	<Nx>0</Nx>
	<Ny>0</Ny>
	<Nz>0</Nz></Normal></Edge>
	<Edge>
	<Start>155</Start>
	<End>156</End>
	<Normal>
	<Nx>0</Nx>
	<Ny>0</Ny>
	<Nz>0</Nz></Normal></Edge>
	<Edge>
	<Start>156</Start>
	<End>157</End>
	<Normal>
	<Nx>0</Nx>
	<Ny>0</Ny>
	<Nz>0</Nz></Normal></Edge>
	<Edge>
	<Start>157</Start>
	<End>158</End>
	<Normal>
	<Nx>0</Nx>
	<Ny>0</Ny>
	<Nz>0</Nz></Normal></Edge>
	<Edge>
	<Start>158</Start>
	<End>159</End>
	<Normal>
	<Nx>0</Nx>
	<Ny>0</Ny>
	<Nz>0</Nz></Normal></Edge>
	<Edge>
	<Start>159</Start>
	<End>160</End>
	<Normal>
	<Nx>0</Nx>
	<Ny>0</Ny>
	<Nz>0</Nz></Normal></Edge>
	<Edge>
	<Start>160</Start>
	<End>161</End>
	<Normal>
	<Nx>0</Nx>
	<Ny>0</Ny>
	<Nz>0</Nz></Normal></Edge>
	<Edge>
	<Start>161</Start>
	<End>162</End>
	<Normal>
	<Nx>0</Nx>
	<Ny>0</Ny>
	<Nz>0</Nz></Normal></Edge>
	<Edge>
	<Start>162</Start>
	<End>163</End>
	<Normal>
	<Nx>0</Nx>
	<Ny>0</Ny>
	<Nz>0</Nz></Normal></Edge>
	<Edge>
	<Start>163</Start>
	<End>164</End>
	<Normal>
	<Nx>0</Nx>
	<Ny>0</Ny>
	<Nz>0</Nz></Normal></Edge>
	<Edge>
	<Start>164</Start>
	<End>165</End>
	<Normal>
	<Nx>0</Nx>
	<Ny>0</Ny>
	<Nz>0</Nz></Normal></Edge>
	<Edge>
	<Start>165</Start>
	<End>166</End>
	<Normal>
	<Nx>0</Nx>
	<Ny>0</Ny>
	<Nz>0</Nz></Normal></Edge>
	<Edge>
	<Start>166</Start>
	<End>167</End>
	<Normal>
	<Nx>0</Nx>
	<Ny>0</Ny>
	<Nz>0</Nz></Normal></Edge>
	<Edge>
	<Start>167</Start>
	<End>168</End>
	<Normal>
	<Nx>0</Nx>
	<Ny>0</Ny>
	<Nz>0</Nz></Normal></Edge>
	<Edge>
	<Start>168</Start>
	<End>169</End>
	<Normal>
	<Nx>0</Nx>
	<Ny>0</Ny>
	<Nz>0</Nz></Normal></Edge>
	<Edge>
	<Start>169</Start>
	<End>170</End>
	<Normal>
	<Nx>0</Nx>
	<Ny>0</Ny>
	<Nz>0</Nz></Normal></Edge>
	<Edge>
	<Start>170</Start>
	<End>171</End>
	<Normal>
	<Nx>0</Nx>
	<Ny>0</Ny>
	<Nz>0</Nz></Normal></Edge>
	<Edge>
	<Start>171</Start>
	<End>172</End>
	<Normal>
	<Nx>0</Nx>
	<Ny>0</Ny>
	<Nz>0</Nz></Normal></Edge>
	<Edge>
	<Start>172</Start>
	<End>173</End>
	<Normal>
	<Nx>0</Nx>
	<Ny>0</Ny>
	<Nz>0</Nz></Normal></Edge>
	<Edge>
	<Start>173</Start>
	<End>174</End>
	<Normal>
	<Nx>0</Nx>
	<Ny>0</Ny>
	<Nz>0</Nz></Normal></Edge>
	<Edge>
	<Start>174</Start>
	<End>175</End>
	<Normal>
	<Nx>0</Nx>
	<Ny>0</Ny>
	<Nz>0</Nz></Normal></Edge>
	<Edge>
	<Start>175</Start>
	<End>176</End>
	<Normal>
	<Nx>0</Nx>
	<Ny>0</Ny>
	<Nz>0</Nz></Normal></Edge>
	<Edge>
	<Start>176</Start>
	<End>177</End>
	<Normal>
	<Nx>0</Nx>
	<Ny>0</Ny>
	<Nz>0</Nz></Normal></Edge>
	<Edge>
	<Start>177</Start>
	<End>178</End>
	<Normal>
	<Nx>0</Nx>
	<Ny>0</Ny>
	<Nz>0</Nz></Normal></Edge>
	<Edge>
	<Start>178</Start>
	<End>179</End>
	<Normal>
	<Nx>0</Nx>
	<Ny>0</Ny>
	<Nz>0</Nz></Normal></Edge>
	<Edge>
	<Start>179</Start>
	<End>180</End>
	<Normal>
	<Nx>0</Nx>
	<Ny>0</Ny>
	<Nz>0</Nz></Normal></Edge>
	<Edge>
	<Start>180</Start>
	<End>181</End>
	<Normal>
	<Nx>0</Nx>
	<Ny>0</Ny>
	<Nz>0</Nz></Normal></Edge>
	<Edge>
	<Start>181</Start>
	<End>182</End>
	<Normal>
	<Nx>0</Nx>
	<Ny>0</Ny>
	<Nz>0</Nz></Normal></Edge>
	<Edge>
	<Start>182</Start>
	<End>183</End>
	<Normal>
	<Nx>0</Nx>
	<Ny>0</Ny>
	<Nz>0</Nz></Normal></Edge>
	<Edge>
	<Start>183</Start>
	<End>184</End>
	<Normal>
	<Nx>0</Nx>
	<Ny>0</Ny>
	<Nz>0</Nz></Normal></Edge>
	<Edge>
	<Start>184</Start>
	<End>185</End>
	<Normal>
	<Nx>0</Nx>
	<Ny>0</Ny>
	<Nz>0</Nz></Normal></Edge>
	<Edge>
	<Start>185</Start>
	<End>186</End>
	<Normal>
	<Nx>0</Nx>
	<Ny>0</Ny>
	<Nz>0</Nz></Normal></Edge>
	<Edge>
	<Start>186</Start>
	<End>187</End>
	<Normal>
	<Nx>0</Nx>
	<Ny>0</Ny>
	<Nz>0</Nz></Normal></Edge>
	<Edge>
	<Start>187</Start>
	<End>188</End>
	<Normal>
	<Nx>0</Nx>
	<Ny>0</Ny>
	<Nz>0</Nz></Normal></Edge>
	<Edge>
	<Start>188</Start>
	<End>189</End>
	<Normal>
	<Nx>0</Nx>
	<Ny>0</Ny>
	<Nz>0</Nz></Normal></Edge>
	<Edge>
	<Start>189</Start>
	<End>190</End>
	<Normal>
	<Nx>0</Nx>
	<Ny>0</Ny>
	<Nz>0</Nz></Normal></Edge>
	<Edge>
	<Start>190</Start>
	<End>191</End>
	<Normal>
	<Nx>0</Nx>
	<Ny>0</Ny>
	<Nz>0</Nz></Normal></Edge>
	<Edge>
	<Start>191</Start>
	<End>192</End>
	<Normal>
	<Nx>0</Nx>
	<Ny>0</Ny>
	<Nz>0</Nz></Normal></Edge>
	<Edge>
	<Start>192</Start>
	<End>193</End>
	<Normal>
	<Nx>0</Nx>
	<Ny>0</Ny>
	<Nz>0</Nz></Normal></Edge>
	<Edge>
	<Start>193</Start>
	<End>194</End>
	<Normal>
	<Nx>0</Nx>
	<Ny>0</Ny>
	<Nz>0</Nz></Normal></Edge>
	<Edge>
	<Start>194</Start>
	<End>195</End>
	<Normal>
	<Nx>0</Nx>
	<Ny>0</Ny>
	<Nz>0</Nz></Normal></Edge>
	<Edge>
	<Start>195</Start>
	<End>196</End>
	<Normal>
	<Nx>0</Nx>
	<Ny>0</Ny>
	<Nz>0</Nz></Normal></Edge>
	<Edge>
	<Start>196</Start>
	<End>197</End>
	<Normal>
	<Nx>0</Nx>
	<Ny>0</Ny>
	<Nz>0</Nz></Normal></Edge>
	<Edge>
	<Start>197</Start>
	<End>198</End>
	<Normal>
	<Nx>0</Nx>
	<Ny>0</Ny>
	<Nz>0</Nz></Normal></Edge>
	<Edge>
	<Start>198</Start>
	<End>199</End>
	<Normal>
	<Nx>0</Nx>
	<Ny>0</Ny>
	<Nz>0</Nz></Normal></Edge>
	<Edge>
	<Start>199</Start>
	<End>200</End>
	<Normal>
	<Nx>0</Nx>
	<Ny>0</Ny>
	<Nz>0</Nz></Normal></Edge>
	<Edge>
	<Start>200</Start>
	<End>201</End>
	<Normal>
	<Nx>0</Nx>
	<Ny>0</Ny>
	<Nz>0</Nz></Normal></Edge>
	<Edge>
	<Start>201</Start>
	<End>202</End>
	<Normal>
	<Nx>0</Nx>
	<Ny>0</Ny>
	<Nz>0</Nz></Normal></Edge>
	<Edge>
	<Start>202</Start>
	<End>203</End>
	<Normal>
	<Nx>0</Nx>
	<Ny>0</Ny>
	<Nz>0</Nz></Normal></Edge>
	<Edge>
	<Start>203</Start>
	<End>204</End>
	<Normal>
	<Nx>0</Nx>
	<Ny>0</Ny>
	<Nz>0</Nz></Normal></Edge>
	<Edge>
	<Start>204</Start>
	<End>205</End>
	<Normal>
	<Nx>0</Nx>
	<Ny>0</Ny>
	<Nz>0</Nz></Normal></Edge>
	<Edge>
	<Start>205</Start>
	<End>206</End>
	<Normal>
	<Nx>0</Nx>
	<Ny>0</Ny>
	<Nz>0</Nz></Normal></Edge>
	<Edge>
	<Start>206</Start>
	<End>207</End>
	<Normal>
	<Nx>0</Nx>
	<Ny>0</Ny>
	<Nz>0</Nz></Normal></Edge>
	<Edge>
	<Start>207</Start>
	<End>208</End>
	<Normal>
	<Nx>0</Nx>
	<Ny>0</Ny>
	<Nz>0</Nz></Normal></Edge>
	<Edge>
	<Start>208</Start>
	<End>209</End>
	<Normal>
	<Nx>0</Nx>
	<Ny>0</Ny>
	<Nz>0</Nz></Normal></Edge>
	<Edge>
	<Start>209</Start>
	<End>210</End>
	<Normal>
	<Nx>0</Nx>
	<Ny>0</Ny>
	<Nz>0</Nz></Normal></Edge>
	<Edge>
	<Start>210</Start>
	<End>211</End>
	<Normal>
	<Nx>0</Nx>
	<Ny>0</Ny>
	<Nz>0</Nz></Normal></Edge>
	<Edge>
	<Start>211</Start>
	<End>212</End>
	<Normal>
	<Nx>0</Nx>
	<Ny>0</Ny>
	<Nz>0</Nz></Normal></Edge>
	<Edge>
	<Start>212</Start>
	<End>213</End>
	<Normal>
	<Nx>0</Nx>
	<Ny>0</Ny>
	<Nz>0</Nz></Normal></Edge>
	<Edge>
	<Start>213</Start>
	<End>214</End>
	<Normal>
	<Nx>0</Nx>
	<Ny>0</Ny>
	<Nz>0</Nz></Normal></Edge>
	<Edge>
	<Start>214</Start>
	<End>215</End>
	<Normal>
	<Nx>0</Nx>
	<Ny>0</Ny>
	<Nz>0</Nz></Normal></Edge>
	<Edge>
	<Start>215</Start>
	<End>216</End>
	<Normal>
	<Nx>0</Nx>
	<Ny>0</Ny>
	<Nz>0</Nz></Normal></Edge>
	<Edge>
	<Start>216</Start>
	<End>217</End>
	<Normal>
	<Nx>0</Nx>
	<Ny>0</Ny>
	<Nz>0</Nz></Normal></Edge>
	<Edge>
	<Start>217</Start>
	<End>1</End>
	<Normal>
	<Nx>0</Nx>
	<Ny>0</Ny>
	<Nz>0</Nz></Normal></Edge></Region></Slice>
</Layer>