<?xml version="1.0"?><!--America Makes layer file created using MSXML 6.0--><Layer>
	<Thickness>0.05</Thickness>
	<VertexList>
	<Vertex>
	<X>1.816443</X>
	<Y>-20.007236</Y>
	<Co-ordinate_system>Cartesian</Co-ordinate_system></Vertex>
	<Vertex>
	<X>2.832256</X>
	<Y>-19.928605</Y></Vertex>
	<Vertex>
	<X>3.157571</X>
	<Y>-19.882059</Y></Vertex>
	<Vertex>
	<X>4.179510</X>
	<Y>-19.704104</Y></Vertex>
	<Vertex>
	<X>4.115856</X>
	<Y>-19.383880</Y></Vertex>
	<Vertex>
	<X>4.580519</X>
	<Y>-19.288192</Y></Vertex>
	<Vertex>
	<X>5.462923</X>
	<Y>-19.066855</Y></Vertex>
	<Vertex>
	<X>5.548256</X>
	<Y>-19.380973</Y></Vertex>
	<Vertex>
	<X>5.730046</X>
	<Y>-19.336022</Y></Vertex>
	<Vertex>
	<X>5.857800</X>
	<Y>-19.295321</Y></Vertex>
	<Vertex>
	<X>5.766804</X>
	<Y>-18.985535</Y></Vertex>
	<Vertex>
	<X>6.784468</X>
	<Y>-18.664495</Y></Vertex>
	<Vertex>
	<X>7.475061</X>
	<Y>-18.405704</Y></Vertex>
	<Vertex>
	<X>7.908871</X>
	<Y>-18.230644</Y></Vertex>
	<Vertex>
	<X>8.034882</X>
	<Y>-18.533030</Y></Vertex>
	<Vertex>
	<X>8.341100</X>
	<Y>-18.398232</Y></Vertex>
	<Vertex>
	<X>8.211214</X>
	<Y>-18.100288</Y></Vertex>
	<Vertex>
	<X>8.782580</X>
	<Y>-17.841699</Y></Vertex>
	<Vertex>
	<X>8.921834</X>
	<Y>-18.135601</Y></Vertex>
	<Vertex>
	<X>9.057555</X>
	<Y>-18.075570</Y></Vertex>
	<Vertex>
	<X>9.174404</X>
	<Y>-18.014053</Y></Vertex>
	<Vertex>
	<X>9.032201</X>
	<Y>-17.724175</Y></Vertex>
	<Vertex>
	<X>9.911222</X>
	<Y>-17.267868</Y></Vertex>
	<Vertex>
	<X>10.498763</X>
	<Y>-16.925085</Y></Vertex>
	<Vertex>
	<X>10.881614</X>
	<Y>-16.688692</Y></Vertex>
	<Vertex>
	<X>11.056338</X>
	<Y>-16.965798</Y></Vertex>
	<Vertex>
	<X>11.342140</X>
	<Y>-16.777945</Y></Vertex>
	<Vertex>
	<X>11.164005</X>
	<Y>-16.505557</Y></Vertex>
	<Vertex>
	<X>11.405427</X>
	<Y>-16.349458</Y></Vertex>
	<Vertex>
	<X>11.668045</X>
	<Y>-16.165347</Y></Vertex>
	<Vertex>
	<X>11.854512</X>
	<Y>-16.432348</Y></Vertex>
	<Vertex>
	<X>11.989935</X>
	<Y>-16.342834</Y></Vertex>
	<Vertex>
	<X>12.094385</X>
	<Y>-16.263050</Y></Vertex>
	<Vertex>
	<X>11.904494</X>
	<Y>-16.001917</Y></Vertex>
	<Vertex>
	<X>12.759465</X>
	<Y>-15.353620</Y></Vertex>
	<Vertex>
	<X>13.325995</X>
	<Y>-14.874494</Y></Vertex>
	<Vertex>
	<X>13.676556</X>
	<Y>-14.562644</Y></Vertex>
	<Vertex>
	<X>13.897072</X>
	<Y>-14.804900</Y></Vertex>
	<Vertex>
	<X>14.025307</X>
	<Y>-14.688584</Y></Vertex>
	<Vertex>
	<X>15.486203</X>
	<Y>-13.191091</Y></Vertex>
	<Vertex>
	<X>15.825960</X>
	<Y>-12.787362</Y></Vertex>
	<Vertex>
	<X>16.410196</X>
	<Y>-12.053759</Y></Vertex>
	<Vertex>
	<X>16.151200</X>
	<Y>-11.857327</Y></Vertex>
	<Vertex>
	<X>16.428332</X>
	<Y>-11.488832</Y></Vertex>
	<Vertex>
	<X>16.691832</X>
	<Y>-11.679272</Y></Vertex>
	<Vertex>
	<X>16.778608</X>
	<Y>-11.558273</Y></Vertex>
	<Vertex>
	<X>16.512193</X>
	<Y>-11.368672</Y></Vertex>
	<Vertex>
	<X>16.768856</X>
	<Y>-10.996977</Y></Vertex>
	<Vertex>
	<X>17.037892</X>
	<Y>-11.179418</Y></Vertex>
	<Vertex>
	<X>17.436076</X>
	<Y>-10.575847</Y></Vertex>
	<Vertex>
	<X>17.160669</X>
	<Y>-10.403063</Y></Vertex>
	<Vertex>
	<X>17.337360</X>
	<Y>-10.116089</Y></Vertex>
	<Vertex>
	<X>17.615636</X>
	<Y>-10.284206</Y></Vertex>
	<Vertex>
	<X>17.708052</X>
	<Y>-10.129693</Y></Vertex>
	<Vertex>
	<X>17.429803</X>
	<Y>-9.961653</Y></Vertex>
	<Vertex>
	<X>17.733750</X>
	<Y>-9.429480</Y></Vertex>
	<Vertex>
	<X>18.019608</X>
	<Y>-9.584451</Y></Vertex>
	<Vertex>
	<X>18.210768</X>
	<Y>-9.229260</Y></Vertex>
	<Vertex>
	<X>17.923264</X>
	<Y>-9.077606</Y></Vertex>
	<Vertex>
	<X>18.250236</X>
	<Y>-8.426742</Y></Vertex>
	<Vertex>
	<X>18.543404</X>
	<Y>-8.567264</Y></Vertex>
	<Vertex>
	<X>18.842760</X>
	<Y>-7.914022</Y></Vertex>
	<Vertex>
	<X>19.039088</X>
	<Y>-7.448889</Y></Vertex>
	<Vertex>
	<X>18.737919</X>
	<Y>-7.327092</Y></Vertex>
	<Vertex>
	<X>18.882016</X>
	<Y>-6.963117</Y></Vertex>
	<Vertex>
	<X>19.183191</X>
	<Y>-7.085603</Y></Vertex>
	<Vertex>
	<X>19.229764</X>
	<Y>-6.961837</Y></Vertex>
	<Vertex>
	<X>19.427804</X>
	<Y>-6.416499</Y></Vertex>
	<Vertex>
	<X>19.120532</X>
	<Y>-6.310264</Y></Vertex>
	<Vertex>
	<X>19.219840</X>
	<Y>-6.015634</Y></Vertex>
	<Vertex>
	<X>19.528728</X>
	<Y>-6.117080</Y></Vertex>
	<Vertex>
	<X>19.582936</X>
	<Y>-5.949555</Y></Vertex>
	<Vertex>
	<X>19.273087</X>
	<Y>-5.851163</Y></Vertex>
	<Vertex>
	<X>19.409464</X>
	<Y>-5.405533</Y></Vertex>
	<Vertex>
	<X>19.721436</X>
	<Y>-5.497056</Y></Vertex>
	<Vertex>
	<X>19.778112</X>
	<Y>-5.300193</Y></Vertex>
	<Vertex>
	<X>19.465235</X>
	<Y>-5.211819</Y></Vertex>
	<Vertex>
	<X>19.577788</X>
	<Y>-4.796297</Y></Vertex>
	<Vertex>
	<X>19.892496</X>
	<Y>-4.877914</Y></Vertex>
	<Vertex>
	<X>20.059080</X>
	<Y>-4.185746</Y></Vertex>
	<Vertex>
	<X>19.742131</X>
	<Y>-4.113659</Y></Vertex>
	<Vertex>
	<X>19.895079</X>
	<Y>-3.355855</Y></Vertex>
	<Vertex>
	<X>20.215764</X>
	<Y>-3.409915</Y></Vertex>
	<Vertex>
	<X>20.321108</X>
	<Y>-2.772899</Y></Vertex>
	<Vertex>
	<X>19.999839</X>
	<Y>-2.723162</Y></Vertex>
	<Vertex>
	<X>20.084086</X>
	<Y>-2.087923</Y></Vertex>
	<Vertex>
	<X>20.406684</X>
	<Y>-2.127869</Y></Vertex>
	<Vertex>
	<X>20.435504</X>
	<Y>-1.866123</Y></Vertex>
	<Vertex>
	<X>20.508756</X>
	<Y>-0.959497</Y></Vertex>
	<Vertex>
	<X>20.184188</X>
	<Y>-0.940575</Y></Vertex>
	<Vertex>
	<X>20.205192</X>
	<Y>-0.494558</Y></Vertex>
	<Vertex>
	<X>20.212572</X>
	<Y>-0.080451</Y></Vertex>
	<Vertex>
	<X>20.537600</X>
	<Y>-0.085389</Y></Vertex>
	<Vertex>
	<X>20.539552</X>
	<Y>0.456853</Y></Vertex>
	<Vertex>
	<X>20.214492</X>
	<Y>0.453115</Y></Vertex>
	<Vertex>
	<X>20.209372</X>
	<Y>0.813158</Y></Vertex>
	<Vertex>
	<X>20.191328</X>
	<Y>1.257249</Y></Vertex>
	<Vertex>
	<X>20.516012</X>
	<Y>1.274061</Y></Vertex>
	<Vertex>
	<X>20.473264</X>
	<Y>1.907542</Y></Vertex>
	<Vertex>
	<X>20.148912</X>
	<Y>1.885305</Y></Vertex>
	<Vertex>
	<X>20.085402</X>
	<Y>2.522950</Y></Vertex>
	<Vertex>
	<X>20.408572</X>
	<Y>2.557961</Y></Vertex>
	<Vertex>
	<X>20.315312</X>
	<Y>3.257921</Y></Vertex>
	<Vertex>
	<X>19.993835</X>
	<Y>3.209365</Y></Vertex>
	<Vertex>
	<X>19.933440</X>
	<Y>3.585013</Y></Vertex>
	<Vertex>
	<X>20.253932</X>
	<Y>3.639677</Y></Vertex>
	<Vertex>
	<X>20.113551</X>
	<Y>4.379699</Y></Vertex>
	<Vertex>
	<X>20.035048</X>
	<Y>4.738722</Y></Vertex>
	<Vertex>
	<X>19.894992</X>
	<Y>5.314377</Y></Vertex>
	<Vertex>
	<X>19.580585</X>
	<Y>5.232319</Y></Vertex>
	<Vertex>
	<X>19.419623</X>
	<Y>5.816978</Y></Vertex>
	<Vertex>
	<X>19.730596</X>
	<Y>5.912127</Y></Vertex>
	<Vertex>
	<X>19.642719</X>
	<Y>6.204921</Y></Vertex>
	<Vertex>
	<X>19.488364</X>
	<Y>6.684997</Y></Vertex>
	<Vertex>
	<X>19.180207</X>
	<Y>6.582219</Y></Vertex>
	<Vertex>
	<X>18.944712</X>
	<Y>7.244513</Y></Vertex>
	<Vertex>
	<X>19.248176</X>
	<Y>7.361321</Y></Vertex>
	<Vertex>
	<X>18.842764</X>
	<Y>8.360423</Y></Vertex>
	<Vertex>
	<X>17.907399</X>
	<Y>10.231777</Y></Vertex>
	<Vertex>
	<X>16.784580</X>
	<Y>11.997040</Y></Vertex>
	<Vertex>
	<X>16.331112</X>
	<Y>12.595344</Y></Vertex>
	<Vertex>
	<X>15.502596</X>
	<Y>13.613117</Y></Vertex>
	<Vertex>
	<X>15.257104</X>
	<Y>13.397879</Y></Vertex>
	<Vertex>
	<X>14.941903</X>
	<Y>13.752445</Y></Vertex>
	<Vertex>
	<X>14.309016</X>
	<Y>14.405965</Y></Vertex>
	<Vertex>
	<X>14.538388</X>
	<Y>14.636921</Y></Vertex>
	<Vertex>
	<X>14.408564</X>
	<Y>14.771880</Y></Vertex>
	<Vertex>
	<X>14.309440</X>
	<Y>14.862169</Y></Vertex>
	<Vertex>
	<X>14.086655</X>
	<Y>14.628469</Y></Vertex>
	<Vertex>
	<X>13.299792</X>
	<Y>15.349272</Y></Vertex>
	<Vertex>
	<X>12.730374</X>
	<Y>15.817952</Y></Vertex>
	<Vertex>
	<X>12.361861</X>
	<Y>16.106109</Y></Vertex>
	<Vertex>
	<X>12.560730</X>
	<Y>16.366433</Y></Vertex>
	<Vertex>
	<X>12.290884</X>
	<Y>16.564225</Y></Vertex>
	<Vertex>
	<X>12.097799</X>
	<Y>16.302765</Y></Vertex>
	<Vertex>
	<X>11.588174</X>
	<Y>16.668293</Y></Vertex>
	<Vertex>
	<X>11.773074</X>
	<Y>16.935837</Y></Vertex>
	<Vertex>
	<X>11.541524</X>
	<Y>17.093797</Y></Vertex>
	<Vertex>
	<X>11.362896</X>
	<Y>16.824834</Y></Vertex>
	<Vertex>
	<X>10.526899</X>
	<Y>17.358809</Y></Vertex>
	<Vertex>
	<X>9.936267</X>
	<Y>17.696245</Y></Vertex>
	<Vertex>
	<X>9.540122</X>
	<Y>17.909604</Y></Vertex>
	<Vertex>
	<X>9.692742</X>
	<Y>18.199473</Y></Vertex>
	<Vertex>
	<X>9.631960</X>
	<Y>18.233636</Y></Vertex>
	<Vertex>
	<X>9.387153</X>
	<Y>18.353061</Y></Vertex>
	<Vertex>
	<X>9.240328</X>
	<Y>18.062597</Y></Vertex>
	<Vertex>
	<X>8.984430</X>
	<Y>18.193624</Y></Vertex>
	<Vertex>
	<X>8.693676</X>
	<Y>18.329001</Y></Vertex>
	<Vertex>
	<X>8.831672</X>
	<Y>18.623989</Y></Vertex>
	<Vertex>
	<X>8.565120</X>
	<Y>18.747073</Y></Vertex>
	<Vertex>
	<X>8.433917</X>
	<Y>18.452060</Y></Vertex>
	<Vertex>
	<X>7.444989</X>
	<Y>18.868333</Y></Vertex>
	<Vertex>
	<X>6.746790</X>
	<Y>19.119400</Y></Vertex>
	<Vertex>
	<X>6.301440</X>
	<Y>19.267069</Y></Vertex>
	<Vertex>
	<X>6.400984</X>
	<Y>19.579173</Y></Vertex>
	<Vertex>
	<X>6.212554</X>
	<Y>19.636737</Y></Vertex>
	<Vertex>
	<X>4.890456</X>
	<Y>19.999932</Y></Vertex>
	<Vertex>
	<X>3.958433</X>
	<Y>20.182209</Y></Vertex>
	<Vertex>
	<X>2.761862</X>
	<Y>20.380025</Y></Vertex>
	<Vertex>
	<X>2.721243</X>
	<Y>20.057517</Y></Vertex>
	<Vertex>
	<X>2.263551</X>
	<Y>20.113277</Y></Vertex>
	<Vertex>
	<X>2.296730</X>
	<Y>20.436688</Y></Vertex>
	<Vertex>
	<X>2.148552</X>
	<Y>20.451337</Y></Vertex>
	<Vertex>
	<X>2.117560</X>
	<Y>20.125818</Y></Vertex>
	<Vertex>
	<X>1.667332</X>
	<Y>20.162249</Y></Vertex>
	<Vertex>
	<X>1.690812</X>
	<Y>20.486461</Y></Vertex>
	<Vertex>
	<X>0.969014</X>
	<Y>20.529509</Y></Vertex>
	<Vertex>
	<X>0.957079</X>
	<Y>20.204607</Y></Vertex>
	<Vertex>
	<X>0.620208</X>
	<Y>20.214141</Y></Vertex>
	<Vertex>
	<X>0.626664</X>
	<Y>20.539193</Y></Vertex>
	<Vertex>
	<X>0.446644</X>
	<Y>20.541973</Y></Vertex>
	<Vertex>
	<X>0.440242</X>
	<Y>20.216983</Y></Vertex>
	<Vertex>
	<X>-0.172606</X>
	<Y>20.214120</Y></Vertex>
	<Vertex>
	<X>-0.181327</X>
	<Y>20.539169</Y></Vertex>
	<Vertex>
	<X>-0.584513</X>
	<Y>20.527120</Y></Vertex>
	<Vertex>
	<X>-0.572095</X>
	<Y>20.202306</Y></Vertex>
	<Vertex>
	<X>-1.299245</X>
	<Y>20.160038</Y></Vertex>
	<Vertex>
	<X>-1.324136</X>
	<Y>20.484189</Y></Vertex>
	<Vertex>
	<X>-1.341022</X>
	<Y>20.482909</Y></Vertex>
	<Vertex>
	<X>-2.059497</X>
	<Y>20.413344</Y></Vertex>
	<Vertex>
	<X>-2.540516</X>
	<Y>20.354281</Y></Vertex>
	<Vertex>
	<X>-2.495412</X>
	<Y>20.032559</Y></Vertex>
	<Vertex>
	<X>-2.882675</X>
	<Y>19.975369</Y></Vertex>
	<Vertex>
	<X>-2.927184</X>
	<Y>20.297433</Y></Vertex>
	<Vertex>
	<X>-3.628952</X>
	<Y>20.174725</Y></Vertex>
	<Vertex>
	<X>-3.567319</X>
	<Y>19.855501</Y></Vertex>
	<Vertex>
	<X>-3.872129</X>
	<Y>19.794189</Y></Vertex>
	<Vertex>
	<X>-3.938719</X>
	<Y>20.112412</Y></Vertex>
	<Vertex>
	<X>-4.110903</X>
	<Y>20.075601</Y></Vertex>
	<Vertex>
	<X>-4.041190</X>
	<Y>19.758064</Y></Vertex>
	<Vertex>
	<X>-4.495304</X>
	<Y>19.653357</Y></Vertex>
	<Vertex>
	<X>-4.572028</X>
	<Y>19.969297</Y></Vertex>
	<Vertex>
	<X>-4.770857</X>
	<Y>19.919945</Y></Vertex>
	<Vertex>
	<X>-4.690953</X>
	<Y>19.604801</Y></Vertex>
	<Vertex>
	<X>-5.107078</X>
	<Y>19.494513</Y></Vertex>
	<Vertex>
	<X>-5.193750</X>
	<Y>19.807865</Y></Vertex>
	<Vertex>
	<X>-5.876478</X>
	<Y>19.606049</Y></Vertex>
	<Vertex>
	<X>-5.780437</X>
	<Y>19.295523</Y></Vertex>
	<Vertex>
	<X>-6.513188</X>
	<Y>19.049073</Y></Vertex>
	<Vertex>
	<X>-6.626708</X>
	<Y>19.353825</Y></Vertex>
	<Vertex>
	<X>-7.231053</X>
	<Y>19.126549</Y></Vertex>
	<Vertex>
	<X>-7.113498</X>
	<Y>18.823451</Y></Vertex>
	<Vertex>
	<X>-7.705751</X>
	<Y>18.578794</Y></Vertex>
	<Vertex>
	<X>-7.832453</X>
	<Y>18.878141</Y></Vertex>
	<Vertex>
	<X>-8.895330</X>
	<Y>18.382357</Y></Vertex>
	<Vertex>
	<X>-8.749434</X>
	<Y>18.091808</Y></Vertex>
	<Vertex>
	<X>-9.146199</X>
	<Y>17.886989</Y></Vertex>
	<Vertex>
	<X>-9.508513</X>
	<Y>17.686325</Y></Vertex>
	<Vertex>
	<X>-9.666752</X>
	<Y>17.970281</Y></Vertex>
	<Vertex>
	<X>-10.137227</X>
	<Y>17.700685</Y></Vertex>
	<Vertex>
	<X>-9.971461</X>
	<Y>17.421044</Y></Vertex>
	<Vertex>
	<X>-10.280804</X>
	<Y>17.236752</Y></Vertex>
	<Vertex>
	<X>-10.656374</X>
	<Y>16.999077</Y></Vertex>
	<Vertex>
	<X>-10.833278</X>
	<Y>17.271857</Y></Vertex>
	<Vertex>
	<X>-11.362939</X>
	<Y>16.916425</Y></Vertex>
	<Vertex>
	<X>-11.179081</X>
	<Y>16.648320</Y></Vertex>
	<Vertex>
	<X>-11.699544</X>
	<Y>16.274499</Y></Vertex>
	<Vertex>
	<X>-11.891448</X>
	<Y>16.536865</Y></Vertex>
	<Vertex>
	<X>-12.451000</X>
	<Y>16.106121</Y></Vertex>
	<Vertex>
	<X>-12.248213</X>
	<Y>15.851992</Y></Vertex>
	<Vertex>
	<X>-12.543333</X>
	<Y>15.611861</Y></Vertex>
	<Vertex>
	<X>-12.750919</X>
	<Y>15.862085</Y></Vertex>
	<Vertex>
	<X>-13.240149</X>
	<Y>15.442668</Y></Vertex>
	<Vertex>
	<X>-13.617044</X>
	<Y>15.100232</Y></Vertex>
	<Vertex>
	<X>-14.021782</X>
	<Y>14.713885</Y></Vertex>
	<Vertex>
	<X>-13.793511</X>
	<Y>14.482626</Y></Vertex>
	<Vertex>
	<X>-14.219367</X>
	<Y>14.050903</Y></Vertex>
	<Vertex>
	<X>-14.457249</X>
	<Y>14.272637</Y></Vertex>
	<Vertex>
	<X>-15.005461</X>
	<Y>13.676425</Y></Vertex>
	<Vertex>
	<X>-14.762392</X>
	<Y>13.460957</Y></Vertex>
	<Vertex>
	<X>-15.218189</X>
	<Y>12.925850</Y></Vertex>
	<Vertex>
	<X>-15.471078</X>
	<Y>13.130251</Y></Vertex>
	<Vertex>
	<X>-15.710114</X>
	<Y>12.833986</Y></Vertex>
	<Vertex>
	<X>-16.922319</X>
	<Y>11.128867</Y></Vertex>
	<Vertex>
	<X>-17.952778</X>
	<Y>9.308144</Y></Vertex>
	<Vertex>
	<X>-18.788569</X>
	<Y>7.390398</Y></Vertex>
	<Vertex>
	<X>-19.012506</X>
	<Y>6.760589</Y></Vertex>
	<Vertex>
	<X>-18.703357</X>
	<Y>6.655603</Y></Vertex>
	<Vertex>
	<X>-18.852820</X>
	<Y>6.205349</Y></Vertex>
	<Vertex>
	<X>-19.102338</X>
	<Y>5.330493</Y></Vertex>
	<Vertex>
	<X>-19.417040</X>
	<Y>5.413655</Y></Vertex>
	<Vertex>
	<X>-19.469008</X>
	<Y>5.233742</Y></Vertex>
	<Vertex>
	<X>-19.497636</X>
	<Y>5.102753</Y></Vertex>
	<Vertex>
	<X>-19.183853</X>
	<Y>5.026669</Y></Vertex>
	<Vertex>
	<X>-19.414657</X>
	<Y>3.984824</Y></Vertex>
	<Vertex>
	<X>-19.535835</X>
	<Y>3.257356</Y></Vertex>
	<Vertex>
	<X>-19.601132</X>
	<Y>2.794137</Y></Vertex>
	<Vertex>
	<X>-19.926011</X>
	<Y>2.836201</Y></Vertex>
	<Vertex>
	<X>-19.935441</X>
	<Y>2.777865</Y></Vertex>
	<Vertex>
	<X>-19.962382</X>
	<Y>2.503609</Y></Vertex>
	<Vertex>
	<X>-19.639413</X>
	<Y>2.467121</Y></Vertex>
	<Vertex>
	<X>-19.701150</X>
	<Y>1.843013</Y></Vertex>
	<Vertex>
	<X>-20.025303</X>
	<Y>1.869367</Y></Vertex>
	<Vertex>
	<X>-20.046325</X>
	<Y>1.589859</Y></Vertex>
	<Vertex>
	<X>-19.724081</X>
	<Y>1.569643</Y></Vertex>
	<Vertex>
	<X>-19.768519</X>
	<Y>0.578663</Y></Vertex>
	<Vertex>
	<X>-19.765432</X>
	<Y>-0.101558</Y></Vertex>
	<Vertex>
	<X>-19.752134</X>
	<Y>-0.551311</Y></Vertex>
	<Vertex>
	<X>-20.077260</X>
	<Y>-0.563997</Y></Vertex>
	<Vertex>
	<X>-20.075732</X>
	<Y>-0.694703</Y></Vertex>
	<Vertex>
	<X>-20.059693</X>
	<Y>-0.905509</Y></Vertex>
	<Vertex>
	<X>-19.734732</X>
	<Y>-0.887435</Y></Vertex>
	<Vertex>
	<X>-19.720257</X>
	<Y>-1.174565</Y></Vertex>
	<Vertex>
	<X>-19.692120</X>
	<Y>-1.494051</Y></Vertex>
	<Vertex>
	<X>-20.016584</X>
	<Y>-1.522037</Y></Vertex>
	<Vertex>
	<X>-20.006774</X>
	<Y>-1.684073</Y></Vertex>
	<Vertex>
	<X>-19.989902</X>
	<Y>-1.814421</Y></Vertex>
	<Vertex>
	<X>-19.668810</X>
	<Y>-1.780537</Y></Vertex>
	<Vertex>
	<X>-19.534853</X>
	<Y>-2.845112</Y></Vertex>
	<Vertex>
	<X>-19.403182</X>
	<Y>-3.575302</Y></Vertex>
	<Vertex>
	<X>-19.308393</X>
	<Y>-4.034821</Y></Vertex>
	<Vertex>
	<X>-19.628452</X>
	<Y>-4.104669</Y></Vertex>
	<Vertex>
	<X>-19.426802</X>
	<Y>-4.951717</Y></Vertex>
	<Vertex>
	<X>-18.790566</X>
	<Y>-6.944722</Y></Vertex>
	<Vertex>
	<X>-18.502454</X>
	<Y>-7.656666</Y></Vertex>
	<Vertex>
	<X>-18.202843</X>
	<Y>-7.530588</Y></Vertex>
	<Vertex>
	<X>-18.022282</X>
	<Y>-7.954840</Y></Vertex>
	<Vertex>
	<X>-18.318958</X>
	<Y>-8.087815</Y></Vertex>
	<Vertex>
	<X>-18.257559</X>
	<Y>-8.223465</Y></Vertex>
	<Vertex>
	<X>-17.960152</X>
	<Y>-8.087543</Y></Vertex>
	<Vertex>
	<X>-17.766585</X>
	<Y>-8.495667</Y></Vertex>
	<Vertex>
	<X>-18.059102</X>
	<Y>-8.637437</Y></Vertex>
	<Vertex>
	<X>-17.735485</X>
	<Y>-9.284059</Y></Vertex>
	<Vertex>
	<X>-17.448147</X>
	<Y>-9.131945</Y></Vertex>
	<Vertex>
	<X>-17.287964</X>
	<Y>-9.428450</Y></Vertex>
	<Vertex>
	<X>-17.572697</X>
	<Y>-9.585387</Y></Vertex>
	<Vertex>
	<X>-17.485093</X>
	<Y>-9.742675</Y></Vertex>
	<Vertex>
	<X>-17.200440</X>
	<Y>-9.585724</Y></Vertex>
	<Vertex>
	<X>-16.891554</X>
	<Y>-10.115047</Y></Vertex>
	<Vertex>
	<X>-17.168678</X>
	<Y>-10.285113</Y></Vertex>
	<Vertex>
	<X>-16.956654</X>
	<Y>-10.628258</Y></Vertex>
	<Vertex>
	<X>-16.681563</X>
	<Y>-10.455096</Y></Vertex>
	<Vertex>
	<X>-16.281384</X>
	<Y>-11.063697</Y></Vertex>
	<Vertex>
	<X>-16.549666</X>
	<Y>-11.247328</Y></Vertex>
	<Vertex>
	<X>-15.828967</X>
	<Y>-12.235791</Y></Vertex>
	<Vertex>
	<X>-15.572900</X>
	<Y>-12.035865</Y></Vertex>
	<Vertex>
	<X>-15.329740</X>
	<Y>-12.342649</Y></Vertex>
	<Vertex>
	<X>-15.586401</X>
	<Y>-12.542227</Y></Vertex>
	<Vertex>
	<X>-15.129249</X>
	<Y>-13.088624</Y></Vertex>
	<Vertex>
	<X>-14.883611</X>
	<Y>-12.875636</Y></Vertex>
	<Vertex>
	<X>-14.678106</X>
	<Y>-13.108951</Y></Vertex>
	<Vertex>
	<X>-14.920404</X>
	<Y>-13.325734</Y></Vertex>
	<Vertex>
	<X>-14.802428</X>
	<Y>-13.456443</Y></Vertex>
	<Vertex>
	<X>-14.562293</X>
	<Y>-13.237300</Y></Vertex>
	<Vertex>
	<X>-14.244555</X>
	<Y>-13.578222</Y></Vertex>
	<Vertex>
	<X>-14.479804</X>
	<Y>-13.802636</Y></Vertex>
	<Vertex>
	<X>-14.337653</X>
	<Y>-13.950154</Y></Vertex>
	<Vertex>
	<X>-14.104680</X>
	<Y>-13.723380</Y></Vertex>
	<Vertex>
	<X>-13.801103</X>
	<Y>-14.028612</Y></Vertex>
	<Vertex>
	<X>-14.029140</X>
	<Y>-14.260348</Y></Vertex>
	<Vertex>
	<X>-13.512998</X>
	<Y>-14.750699</Y></Vertex>
	<Vertex>
	<X>-13.292094</X>
	<Y>-14.512260</Y></Vertex>
	<Vertex>
	<X>-12.712290</X>
	<Y>-15.023618</Y></Vertex>
	<Vertex>
	<X>-12.919451</X>
	<Y>-15.274306</Y></Vertex>
	<Vertex>
	<X>-12.832652</X>
	<Y>-15.347511</Y></Vertex>
	<Vertex>
	<X>-12.420450</X>
	<Y>-15.684046</Y></Vertex>
	<Vertex>
	<X>-12.216742</X>
	<Y>-15.430691</Y></Vertex>
	<Vertex>
	<X>-11.708734</X>
	<Y>-15.821268</Y></Vertex>
	<Vertex>
	<X>-11.904626</X>
	<Y>-16.080670</Y></Vertex>
	<Vertex>
	<X>-11.547850</X>
	<Y>-16.338601</Y></Vertex>
	<Vertex>
	<X>-10.943823</X>
	<Y>-16.753253</Y></Vertex>
	<Vertex>
	<X>-10.765150</X>
	<Y>-16.481631</Y></Vertex>
	<Vertex>
	<X>-10.389392</X>
	<Y>-16.722832</Y></Vertex>
	<Vertex>
	<X>-10.034454</X>
	<Y>-16.936272</Y></Vertex>
	<Vertex>
	<X>-10.201244</X>
	<Y>-17.215289</Y></Vertex>
	<Vertex>
	<X>-9.732531</X>
	<Y>-17.487935</Y></Vertex>
	<Vertex>
	<X>-9.573241</X>
	<Y>-17.204556</Y></Vertex>
	<Vertex>
	<X>-9.258967</X>
	<Y>-17.380310</Y></Vertex>
	<Vertex>
	<X>-8.865350</X>
	<Y>-17.586727</Y></Vertex>
	<Vertex>
	<X>-9.013131</X>
	<Y>-17.876318</Y></Vertex>
	<Vertex>
	<X>-8.440487</X>
	<Y>-18.157303</Y></Vertex>
	<Vertex>
	<X>-8.300230</X>
	<Y>-17.864023</Y></Vertex>
	<Vertex>
	<X>-7.716261</X>
	<Y>-18.127849</Y></Vertex>
	<Vertex>
	<X>-7.847525</X>
	<Y>-18.425225</Y></Vertex>
	<Vertex>
	<X>-7.194709</X>
	<Y>-18.694437</Y></Vertex>
	<Vertex>
	<X>-7.076022</X>
	<Y>-18.391755</Y></Vertex>
	<Vertex>
	<X>-6.720503</X>
	<Y>-18.527273</Y></Vertex>
	<Vertex>
	<X>-6.833409</X>
	<Y>-18.832158</Y></Vertex>
	<Vertex>
	<X>-6.194311</X>
	<Y>-19.056414</Y></Vertex>
	<Vertex>
	<X>-5.756445</X>
	<Y>-19.196991</Y></Vertex>
	<Vertex>
	<X>-5.203607</X>
	<Y>-19.358657</Y></Vertex>
	<Vertex>
	<X>-5.117467</X>
	<Y>-19.045343</Y></Vertex>
	<Vertex>
	<X>-4.530656</X>
	<Y>-19.198280</Y></Vertex>
	<Vertex>
	<X>-4.603740</X>
	<Y>-19.515159</Y></Vertex>
	<Vertex>
	<X>-3.813302</X>
	<Y>-19.691819</Y></Vertex>
	<Vertex>
	<X>-3.748232</X>
	<Y>-19.373556</Y></Vertex>
	<Vertex>
	<X>-3.056922</X>
	<Y>-19.500759</Y></Vertex>
	<Vertex>
	<X>-3.107492</X>
	<Y>-19.821967</Y></Vertex>
	<Vertex>
	<X>-2.887033</X>
	<Y>-19.854306</Y></Vertex>
	<Vertex>
	<X>-1.345007</X>
	<Y>-20.036195</Y></Vertex>
	<Vertex>
	<X>0.746398</X>
	<Y>-20.090063</Y></Vertex></VertexList>
	<Slice>
	<Region>
	<Tag>main</Tag>
	<contourTraj>2</contourTraj>
	<hatchTraj>3</hatchTraj>
	<Type>Outer</Type>
	<Edge>
	<Start>1</Start>
	<End>2</End>
	<Normal>
	<Nx>0</Nx>
	<Ny>0</Ny>
	<Nz>0</Nz></Normal></Edge>
	<Edge>
	<Start>2</Start>
	<End>3</End>
	<Normal>
	<Nx>0</Nx>
	<Ny>0</Ny>
	<Nz>0</Nz></Normal></Edge>
	<Edge>
	<Start>3</Start>
	<End>4</End>
	<Normal>
	<Nx>0</Nx>
	<Ny>0</Ny>
	<Nz>0</Nz></Normal></Edge>
	<Edge>
	<Start>4</Start>
	<End>5</End>
	<Normal>
	<Nx>0</Nx>
	<Ny>0</Ny>
	<Nz>0</Nz></Normal></Edge>
	<Edge>
	<Start>5</Start>
	<End>6</End>
	<Normal>
	<Nx>0</Nx>
	<Ny>0</Ny>
	<Nz>0</Nz></Normal></Edge>
	<Edge>
	<Start>6</Start>
	<End>7</End>
	<Normal>
	<Nx>0</Nx>
	<Ny>0</Ny>
	<Nz>0</Nz></Normal></Edge>
	<Edge>
	<Start>7</Start>
	<End>8</End>
	<Normal>
	<Nx>0</Nx>
	<Ny>0</Ny>
	<Nz>0</Nz></Normal></Edge>
	<Edge>
	<Start>8</Start>
	<End>9</End>
	<Normal>
	<Nx>0</Nx>
	<Ny>0</Ny>
	<Nz>0</Nz></Normal></Edge>
	<Edge>
	<Start>9</Start>
	<End>10</End>
	<Normal>
	<Nx>0</Nx>
	<Ny>0</Ny>
	<Nz>0</Nz></Normal></Edge>
	<Edge>
	<Start>10</Start>
	<End>11</End>
	<Normal>
	<Nx>0</Nx>
	<Ny>0</Ny>
	<Nz>0</Nz></Normal></Edge>
	<Edge>
	<Start>11</Start>
	<End>12</End>
	<Normal>
	<Nx>0</Nx>
	<Ny>0</Ny>
	<Nz>0</Nz></Normal></Edge>
	<Edge>
	<Start>12</Start>
	<End>13</End>
	<Normal>
	<Nx>0</Nx>
	<Ny>0</Ny>
	<Nz>0</Nz></Normal></Edge>
	<Edge>
	<Start>13</Start>
	<End>14</End>
	<Normal>
	<Nx>0</Nx>
	<Ny>0</Ny>
	<Nz>0</Nz></Normal></Edge>
	<Edge>
	<Start>14</Start>
	<End>15</End>
	<Normal>
	<Nx>0</Nx>
	<Ny>0</Ny>
	<Nz>0</Nz></Normal></Edge>
	<Edge>
	<Start>15</Start>
	<End>16</End>
	<Normal>
	<Nx>0</Nx>
	<Ny>0</Ny>
	<Nz>0</Nz></Normal></Edge>
	<Edge>
	<Start>16</Start>
	<End>17</End>
	<Normal>
	<Nx>0</Nx>
	<Ny>0</Ny>
	<Nz>0</Nz></Normal></Edge>
	<Edge>
	<Start>17</Start>
	<End>18</End>
	<Normal>
	<Nx>0</Nx>
	<Ny>0</Ny>
	<Nz>0</Nz></Normal></Edge>
	<Edge>
	<Start>18</Start>
	<End>19</End>
	<Normal>
	<Nx>0</Nx>
	<Ny>0</Ny>
	<Nz>0</Nz></Normal></Edge>
	<Edge>
	<Start>19</Start>
	<End>20</End>
	<Normal>
	<Nx>0</Nx>
	<Ny>0</Ny>
	<Nz>0</Nz></Normal></Edge>
	<Edge>
	<Start>20</Start>
	<End>21</End>
	<Normal>
	<Nx>0</Nx>
	<Ny>0</Ny>
	<Nz>0</Nz></Normal></Edge>
	<Edge>
	<Start>21</Start>
	<End>22</End>
	<Normal>
	<Nx>0</Nx>
	<Ny>0</Ny>
	<Nz>0</Nz></Normal></Edge>
	<Edge>
	<Start>22</Start>
	<End>23</End>
	<Normal>
	<Nx>0</Nx>
	<Ny>0</Ny>
	<Nz>0</Nz></Normal></Edge>
	<Edge>
	<Start>23</Start>
	<End>24</End>
	<Normal>
	<Nx>0</Nx>
	<Ny>0</Ny>
	<Nz>0</Nz></Normal></Edge>
	<Edge>
	<Start>24</Start>
	<End>25</End>
	<Normal>
	<Nx>0</Nx>
	<Ny>0</Ny>
	<Nz>0</Nz></Normal></Edge>
	<Edge>
	<Start>25</Start>
	<End>26</End>
	<Normal>
	<Nx>0</Nx>
	<Ny>0</Ny>
	<Nz>0</Nz></Normal></Edge>
	<Edge>
	<Start>26</Start>
	<End>27</End>
	<Normal>
	<Nx>0</Nx>
	<Ny>0</Ny>
	<Nz>0</Nz></Normal></Edge>
	<Edge>
	<Start>27</Start>
	<End>28</End>
	<Normal>
	<Nx>0</Nx>
	<Ny>0</Ny>
	<Nz>0</Nz></Normal></Edge>
	<Edge>
	<Start>28</Start>
	<End>29</End>
	<Normal>
	<Nx>0</Nx>
	<Ny>0</Ny>
	<Nz>0</Nz></Normal></Edge>
	<Edge>
	<Start>29</Start>
	<End>30</End>
	<Normal>
	<Nx>0</Nx>
	<Ny>0</Ny>
	<Nz>0</Nz></Normal></Edge>
	<Edge>
	<Start>30</Start>
	<End>31</End>
	<Normal>
	<Nx>0</Nx>
	<Ny>0</Ny>
	<Nz>0</Nz></Normal></Edge>
	<Edge>
	<Start>31</Start>
	<End>32</End>
	<Normal>
	<Nx>0</Nx>
	<Ny>0</Ny>
	<Nz>0</Nz></Normal></Edge>
	<Edge>
	<Start>32</Start>
	<End>33</End>
	<Normal>
	<Nx>0</Nx>
	<Ny>0</Ny>
	<Nz>0</Nz></Normal></Edge>
	<Edge>
	<Start>33</Start>
	<End>34</End>
	<Normal>
	<Nx>0</Nx>
	<Ny>0</Ny>
	<Nz>0</Nz></Normal></Edge>
	<Edge>
	<Start>34</Start>
	<End>35</End>
	<Normal>
	<Nx>0</Nx>
	<Ny>0</Ny>
	<Nz>0</Nz></Normal></Edge>
	<Edge>
	<Start>35</Start>
	<End>36</End>
	<Normal>
	<Nx>0</Nx>
	<Ny>0</Ny>
	<Nz>0</Nz></Normal></Edge>
	<Edge>
	<Start>36</Start>
	<End>37</End>
	<Normal>
	<Nx>0</Nx>
	<Ny>0</Ny>
	<Nz>0</Nz></Normal></Edge>
	<Edge>
	<Start>37</Start>
	<End>38</End>
	<Normal>
	<Nx>0</Nx>
	<Ny>0</Ny>
	<Nz>0</Nz></Normal></Edge>
	<Edge>
	<Start>38</Start>
	<End>39</End>
	<Normal>
	<Nx>0</Nx>
	<Ny>0</Ny>
	<Nz>0</Nz></Normal></Edge>
	<Edge>
	<Start>39</Start>
	<End>40</End>
	<Normal>
	<Nx>0</Nx>
	<Ny>0</Ny>
	<Nz>0</Nz></Normal></Edge>
	<Edge>
	<Start>40</Start>
	<End>41</End>
	<Normal>
	<Nx>0</Nx>
	<Ny>0</Ny>
	<Nz>0</Nz></Normal></Edge>
	<Edge>
	<Start>41</Start>
	<End>42</End>
	<Normal>
	<Nx>0</Nx>
	<Ny>0</Ny>
	<Nz>0</Nz></Normal></Edge>
	<Edge>
	<Start>42</Start>
	<End>43</End>
	<Normal>
	<Nx>0</Nx>
	<Ny>0</Ny>
	<Nz>0</Nz></Normal></Edge>
	<Edge>
	<Start>43</Start>
	<End>44</End>
	<Normal>
	<Nx>0</Nx>
	<Ny>0</Ny>
	<Nz>0</Nz></Normal></Edge>
	<Edge>
	<Start>44</Start>
	<End>45</End>
	<Normal>
	<Nx>0</Nx>
	<Ny>0</Ny>
	<Nz>0</Nz></Normal></Edge>
	<Edge>
	<Start>45</Start>
	<End>46</End>
	<Normal>
	<Nx>0</Nx>
	<Ny>0</Ny>
	<Nz>0</Nz></Normal></Edge>
	<Edge>
	<Start>46</Start>
	<End>47</End>
	<Normal>
	<Nx>0</Nx>
	<Ny>0</Ny>
	<Nz>0</Nz></Normal></Edge>
	<Edge>
	<Start>47</Start>
	<End>48</End>
	<Normal>
	<Nx>0</Nx>
	<Ny>0</Ny>
	<Nz>0</Nz></Normal></Edge>
	<Edge>
	<Start>48</Start>
	<End>49</End>
	<Normal>
	<Nx>0</Nx>
	<Ny>0</Ny>
	<Nz>0</Nz></Normal></Edge>
	<Edge>
	<Start>49</Start>
	<End>50</End>
	<Normal>
	<Nx>0</Nx>
	<Ny>0</Ny>
	<Nz>0</Nz></Normal></Edge>
	<Edge>
	<Start>50</Start>
	<End>51</End>
	<Normal>
	<Nx>0</Nx>
	<Ny>0</Ny>
	<Nz>0</Nz></Normal></Edge>
	<Edge>
	<Start>51</Start>
	<End>52</End>
	<Normal>
	<Nx>0</Nx>
	<Ny>0</Ny>
	<Nz>0</Nz></Normal></Edge>
	<Edge>
	<Start>52</Start>
	<End>53</End>
	<Normal>
	<Nx>0</Nx>
	<Ny>0</Ny>
	<Nz>0</Nz></Normal></Edge>
	<Edge>
	<Start>53</Start>
	<End>54</End>
	<Normal>
	<Nx>0</Nx>
	<Ny>0</Ny>
	<Nz>0</Nz></Normal></Edge>
	<Edge>
	<Start>54</Start>
	<End>55</End>
	<Normal>
	<Nx>0</Nx>
	<Ny>0</Ny>
	<Nz>0</Nz></Normal></Edge>
	<Edge>
	<Start>55</Start>
	<End>56</End>
	<Normal>
	<Nx>0</Nx>
	<Ny>0</Ny>
	<Nz>0</Nz></Normal></Edge>
	<Edge>
	<Start>56</Start>
	<End>57</End>
	<Normal>
	<Nx>0</Nx>
	<Ny>0</Ny>
	<Nz>0</Nz></Normal></Edge>
	<Edge>
	<Start>57</Start>
	<End>58</End>
	<Normal>
	<Nx>0</Nx>
	<Ny>0</Ny>
	<Nz>0</Nz></Normal></Edge>
	<Edge>
	<Start>58</Start>
	<End>59</End>
	<Normal>
	<Nx>0</Nx>
	<Ny>0</Ny>
	<Nz>0</Nz></Normal></Edge>
	<Edge>
	<Start>59</Start>
	<End>60</End>
	<Normal>
	<Nx>0</Nx>
	<Ny>0</Ny>
	<Nz>0</Nz></Normal></Edge>
	<Edge>
	<Start>60</Start>
	<End>61</End>
	<Normal>
	<Nx>0</Nx>
	<Ny>0</Ny>
	<Nz>0</Nz></Normal></Edge>
	<Edge>
	<Start>61</Start>
	<End>62</End>
	<Normal>
	<Nx>0</Nx>
	<Ny>0</Ny>
	<Nz>0</Nz></Normal></Edge>
	<Edge>
	<Start>62</Start>
	<End>63</End>
	<Normal>
	<Nx>0</Nx>
	<Ny>0</Ny>
	<Nz>0</Nz></Normal></Edge>
	<Edge>
	<Start>63</Start>
	<End>64</End>
	<Normal>
	<Nx>0</Nx>
	<Ny>0</Ny>
	<Nz>0</Nz></Normal></Edge>
	<Edge>
	<Start>64</Start>
	<End>65</End>
	<Normal>
	<Nx>0</Nx>
	<Ny>0</Ny>
	<Nz>0</Nz></Normal></Edge>
	<Edge>
	<Start>65</Start>
	<End>66</End>
	<Normal>
	<Nx>0</Nx>
	<Ny>0</Ny>
	<Nz>0</Nz></Normal></Edge>
	<Edge>
	<Start>66</Start>
	<End>67</End>
	<Normal>
	<Nx>0</Nx>
	<Ny>0</Ny>
	<Nz>0</Nz></Normal></Edge>
	<Edge>
	<Start>67</Start>
	<End>68</End>
	<Normal>
	<Nx>0</Nx>
	<Ny>0</Ny>
	<Nz>0</Nz></Normal></Edge>
	<Edge>
	<Start>68</Start>
	<End>69</End>
	<Normal>
	<Nx>0</Nx>
	<Ny>0</Ny>
	<Nz>0</Nz></Normal></Edge>
	<Edge>
	<Start>69</Start>
	<End>70</End>
	<Normal>
	<Nx>0</Nx>
	<Ny>0</Ny>
	<Nz>0</Nz></Normal></Edge>
	<Edge>
	<Start>70</Start>
	<End>71</End>
	<Normal>
	<Nx>0</Nx>
	<Ny>0</Ny>
	<Nz>0</Nz></Normal></Edge>
	<Edge>
	<Start>71</Start>
	<End>72</End>
	<Normal>
	<Nx>0</Nx>
	<Ny>0</Ny>
	<Nz>0</Nz></Normal></Edge>
	<Edge>
	<Start>72</Start>
	<End>73</End>
	<Normal>
	<Nx>0</Nx>
	<Ny>0</Ny>
	<Nz>0</Nz></Normal></Edge>
	<Edge>
	<Start>73</Start>
	<End>74</End>
	<Normal>
	<Nx>0</Nx>
	<Ny>0</Ny>
	<Nz>0</Nz></Normal></Edge>
	<Edge>
	<Start>74</Start>
	<End>75</End>
	<Normal>
	<Nx>0</Nx>
	<Ny>0</Ny>
	<Nz>0</Nz></Normal></Edge>
	<Edge>
	<Start>75</Start>
	<End>76</End>
	<Normal>
	<Nx>0</Nx>
	<Ny>0</Ny>
	<Nz>0</Nz></Normal></Edge>
	<Edge>
	<Start>76</Start>
	<End>77</End>
	<Normal>
	<Nx>0</Nx>
	<Ny>0</Ny>
	<Nz>0</Nz></Normal></Edge>
	<Edge>
	<Start>77</Start>
	<End>78</End>
	<Normal>
	<Nx>0</Nx>
	<Ny>0</Ny>
	<Nz>0</Nz></Normal></Edge>
	<Edge>
	<Start>78</Start>
	<End>79</End>
	<Normal>
	<Nx>0</Nx>
	<Ny>0</Ny>
	<Nz>0</Nz></Normal></Edge>
	<Edge>
	<Start>79</Start>
	<End>80</End>
	<Normal>
	<Nx>0</Nx>
	<Ny>0</Ny>
	<Nz>0</Nz></Normal></Edge>
	<Edge>
	<Start>80</Start>
	<End>81</End>
	<Normal>
	<Nx>0</Nx>
	<Ny>0</Ny>
	<Nz>0</Nz></Normal></Edge>
	<Edge>
	<Start>81</Start>
	<End>82</End>
	<Normal>
	<Nx>0</Nx>
	<Ny>0</Ny>
	<Nz>0</Nz></Normal></Edge>
	<Edge>
	<Start>82</Start>
	<End>83</End>
	<Normal>
	<Nx>0</Nx>
	<Ny>0</Ny>
	<Nz>0</Nz></Normal></Edge>
	<Edge>
	<Start>83</Start>
	<End>84</End>
	<Normal>
	<Nx>0</Nx>
	<Ny>0</Ny>
	<Nz>0</Nz></Normal></Edge>
	<Edge>
	<Start>84</Start>
	<End>85</End>
	<Normal>
	<Nx>0</Nx>
	<Ny>0</Ny>
	<Nz>0</Nz></Normal></Edge>
	<Edge>
	<Start>85</Start>
	<End>86</End>
	<Normal>
	<Nx>0</Nx>
	<Ny>0</Ny>
	<Nz>0</Nz></Normal></Edge>
	<Edge>
	<Start>86</Start>
	<End>87</End>
	<Normal>
	<Nx>0</Nx>
	<Ny>0</Ny>
	<Nz>0</Nz></Normal></Edge>
	<Edge>
	<Start>87</Start>
	<End>88</End>
	<Normal>
	<Nx>0</Nx>
	<Ny>0</Ny>
	<Nz>0</Nz></Normal></Edge>
	<Edge>
	<Start>88</Start>
	<End>89</End>
	<Normal>
	<Nx>0</Nx>
	<Ny>0</Ny>
	<Nz>0</Nz></Normal></Edge>
	<Edge>
	<Start>89</Start>
	<End>90</End>
	<Normal>
	<Nx>0</Nx>
	<Ny>0</Ny>
	<Nz>0</Nz></Normal></Edge>
	<Edge>
	<Start>90</Start>
	<End>91</End>
	<Normal>
	<Nx>0</Nx>
	<Ny>0</Ny>
	<Nz>0</Nz></Normal></Edge>
	<Edge>
	<Start>91</Start>
	<End>92</End>
	<Normal>
	<Nx>0</Nx>
	<Ny>0</Ny>
	<Nz>0</Nz></Normal></Edge>
	<Edge>
	<Start>92</Start>
	<End>93</End>
	<Normal>
	<Nx>0</Nx>
	<Ny>0</Ny>
	<Nz>0</Nz></Normal></Edge>
	<Edge>
	<Start>93</Start>
	<End>94</End>
	<Normal>
	<Nx>0</Nx>
	<Ny>0</Ny>
	<Nz>0</Nz></Normal></Edge>
	<Edge>
	<Start>94</Start>
	<End>95</End>
	<Normal>
	<Nx>0</Nx>
	<Ny>0</Ny>
	<Nz>0</Nz></Normal></Edge>
	<Edge>
	<Start>95</Start>
	<End>96</End>
	<Normal>
	<Nx>0</Nx>
	<Ny>0</Ny>
	<Nz>0</Nz></Normal></Edge>
	<Edge>
	<Start>96</Start>
	<End>97</End>
	<Normal>
	<Nx>0</Nx>
	<Ny>0</Ny>
	<Nz>0</Nz></Normal></Edge>
	<Edge>
	<Start>97</Start>
	<End>98</End>
	<Normal>
	<Nx>0</Nx>
	<Ny>0</Ny>
	<Nz>0</Nz></Normal></Edge>
	<Edge>
	<Start>98</Start>
	<End>99</End>
	<Normal>
	<Nx>0</Nx>
	<Ny>0</Ny>
	<Nz>0</Nz></Normal></Edge>
	<Edge>
	<Start>99</Start>
	<End>100</End>
	<Normal>
	<Nx>0</Nx>
	<Ny>0</Ny>
	<Nz>0</Nz></Normal></Edge>
	<Edge>
	<Start>100</Start>
	<End>101</End>
	<Normal>
	<Nx>0</Nx>
	<Ny>0</Ny>
	<Nz>0</Nz></Normal></Edge>
	<Edge>
	<Start>101</Start>
	<End>102</End>
	<Normal>
	<Nx>0</Nx>
	<Ny>0</Ny>
	<Nz>0</Nz></Normal></Edge>
	<Edge>
	<Start>102</Start>
	<End>103</End>
	<Normal>
	<Nx>0</Nx>
	<Ny>0</Ny>
	<Nz>0</Nz></Normal></Edge>
	<Edge>
	<Start>103</Start>
	<End>104</End>
	<Normal>
	<Nx>0</Nx>
	<Ny>0</Ny>
	<Nz>0</Nz></Normal></Edge>
	<Edge>
	<Start>104</Start>
	<End>105</End>
	<Normal>
	<Nx>0</Nx>
	<Ny>0</Ny>
	<Nz>0</Nz></Normal></Edge>
	<Edge>
	<Start>105</Start>
	<End>106</End>
	<Normal>
	<Nx>0</Nx>
	<Ny>0</Ny>
	<Nz>0</Nz></Normal></Edge>
	<Edge>
	<Start>106</Start>
	<End>107</End>
	<Normal>
	<Nx>0</Nx>
	<Ny>0</Ny>
	<Nz>0</Nz></Normal></Edge>
	<Edge>
	<Start>107</Start>
	<End>108</End>
	<Normal>
	<Nx>0</Nx>
	<Ny>0</Ny>
	<Nz>0</Nz></Normal></Edge>
	<Edge>
	<Start>108</Start>
	<End>109</End>
	<Normal>
	<Nx>0</Nx>
	<Ny>0</Ny>
	<Nz>0</Nz></Normal></Edge>
	<Edge>
	<Start>109</Start>
	<End>110</End>
	<Normal>
	<Nx>0</Nx>
	<Ny>0</Ny>
	<Nz>0</Nz></Normal></Edge>
	<Edge>
	<Start>110</Start>
	<End>111</End>
	<Normal>
	<Nx>0</Nx>
	<Ny>0</Ny>
	<Nz>0</Nz></Normal></Edge>
	<Edge>
	<Start>111</Start>
	<End>112</End>
	<Normal>
	<Nx>0</Nx>
	<Ny>0</Ny>
	<Nz>0</Nz></Normal></Edge>
	<Edge>
	<Start>112</Start>
	<End>113</End>
	<Normal>
	<Nx>0</Nx>
	<Ny>0</Ny>
	<Nz>0</Nz></Normal></Edge>
	<Edge>
	<Start>113</Start>
	<End>114</End>
	<Normal>
	<Nx>0</Nx>
	<Ny>0</Ny>
	<Nz>0</Nz></Normal></Edge>
	<Edge>
	<Start>114</Start>
	<End>115</End>
	<Normal>
	<Nx>0</Nx>
	<Ny>0</Ny>
	<Nz>0</Nz></Normal></Edge>
	<Edge>
	<Start>115</Start>
	<End>116</End>
	<Normal>
	<Nx>0</Nx>
	<Ny>0</Ny>
	<Nz>0</Nz></Normal></Edge>
	<Edge>
	<Start>116</Start>
	<End>117</End>
	<Normal>
	<Nx>0</Nx>
	<Ny>0</Ny>
	<Nz>0</Nz></Normal></Edge>
	<Edge>
	<Start>117</Start>
	<End>118</End>
	<Normal>
	<Nx>0</Nx>
	<Ny>0</Ny>
	<Nz>0</Nz></Normal></Edge>
	<Edge>
	<Start>118</Start>
	<End>119</End>
	<Normal>
	<Nx>0</Nx>
	<Ny>0</Ny>
	<Nz>0</Nz></Normal></Edge>
	<Edge>
	<Start>119</Start>
	<End>120</End>
	<Normal>
	<Nx>0</Nx>
	<Ny>0</Ny>
	<Nz>0</Nz></Normal></Edge>
	<Edge>
	<Start>120</Start>
	<End>121</End>
	<Normal>
	<Nx>0</Nx>
	<Ny>0</Ny>
	<Nz>0</Nz></Normal></Edge>
	<Edge>
	<Start>121</Start>
	<End>122</End>
	<Normal>
	<Nx>0</Nx>
	<Ny>0</Ny>
	<Nz>0</Nz></Normal></Edge>
	<Edge>
	<Start>122</Start>
	<End>123</End>
	<Normal>
	<Nx>0</Nx>
	<Ny>0</Ny>
	<Nz>0</Nz></Normal></Edge>
	<Edge>
	<Start>123</Start>
	<End>124</End>
	<Normal>
	<Nx>0</Nx>
	<Ny>0</Ny>
	<Nz>0</Nz></Normal></Edge>
	<Edge>
	<Start>124</Start>
	<End>125</End>
	<Normal>
	<Nx>0</Nx>
	<Ny>0</Ny>
	<Nz>0</Nz></Normal></Edge>
	<Edge>
	<Start>125</Start>
	<End>126</End>
	<Normal>
	<Nx>0</Nx>
	<Ny>0</Ny>
	<Nz>0</Nz></Normal></Edge>
	<Edge>
	<Start>126</Start>
	<End>127</End>
	<Normal>
	<Nx>0</Nx>
	<Ny>0</Ny>
	<Nz>0</Nz></Normal></Edge>
	<Edge>
	<Start>127</Start>
	<End>128</End>
	<Normal>
	<Nx>0</Nx>
	<Ny>0</Ny>
	<Nz>0</Nz></Normal></Edge>
	<Edge>
	<Start>128</Start>
	<End>129</End>
	<Normal>
	<Nx>0</Nx>
	<Ny>0</Ny>
	<Nz>0</Nz></Normal></Edge>
	<Edge>
	<Start>129</Start>
	<End>130</End>
	<Normal>
	<Nx>0</Nx>
	<Ny>0</Ny>
	<Nz>0</Nz></Normal></Edge>
	<Edge>
	<Start>130</Start>
	<End>131</End>
	<Normal>
	<Nx>0</Nx>
	<Ny>0</Ny>
	<Nz>0</Nz></Normal></Edge>
	<Edge>
	<Start>131</Start>
	<End>132</End>
	<Normal>
	<Nx>0</Nx>
	<Ny>0</Ny>
	<Nz>0</Nz></Normal></Edge>
	<Edge>
	<Start>132</Start>
	<End>133</End>
	<Normal>
	<Nx>0</Nx>
	<Ny>0</Ny>
	<Nz>0</Nz></Normal></Edge>
	<Edge>
	<Start>133</Start>
	<End>134</End>
	<Normal>
	<Nx>0</Nx>
	<Ny>0</Ny>
	<Nz>0</Nz></Normal></Edge>
	<Edge>
	<Start>134</Start>
	<End>135</End>
	<Normal>
	<Nx>0</Nx>
	<Ny>0</Ny>
	<Nz>0</Nz></Normal></Edge>
	<Edge>
	<Start>135</Start>
	<End>136</End>
	<Normal>
	<Nx>0</Nx>
	<Ny>0</Ny>
	<Nz>0</Nz></Normal></Edge>
	<Edge>
	<Start>136</Start>
	<End>137</End>
	<Normal>
	<Nx>0</Nx>
	<Ny>0</Ny>
	<Nz>0</Nz></Normal></Edge>
	<Edge>
	<Start>137</Start>
	<End>138</End>
	<Normal>
	<Nx>0</Nx>
	<Ny>0</Ny>
	<Nz>0</Nz></Normal></Edge>
	<Edge>
	<Start>138</Start>
	<End>139</End>
	<Normal>
	<Nx>0</Nx>
	<Ny>0</Ny>
	<Nz>0</Nz></Normal></Edge>
	<Edge>
	<Start>139</Start>
	<End>140</End>
	<Normal>
	<Nx>0</Nx>
	<Ny>0</Ny>
	<Nz>0</Nz></Normal></Edge>
	<Edge>
	<Start>140</Start>
	<End>141</End>
	<Normal>
	<Nx>0</Nx>
	<Ny>0</Ny>
	<Nz>0</Nz></Normal></Edge>
	<Edge>
	<Start>141</Start>
	<End>142</End>
	<Normal>
	<Nx>0</Nx>
	<Ny>0</Ny>
	<Nz>0</Nz></Normal></Edge>
	<Edge>
	<Start>142</Start>
	<End>143</End>
	<Normal>
	<Nx>0</Nx>
	<Ny>0</Ny>
	<Nz>0</Nz></Normal></Edge>
	<Edge>
	<Start>143</Start>
	<End>144</End>
	<Normal>
	<Nx>0</Nx>
	<Ny>0</Ny>
	<Nz>0</Nz></Normal></Edge>
	<Edge>
	<Start>144</Start>
	<End>145</End>
	<Normal>
	<Nx>0</Nx>
	<Ny>0</Ny>
	<Nz>0</Nz></Normal></Edge>
	<Edge>
	<Start>145</Start>
	<End>146</End>
	<Normal>
	<Nx>0</Nx>
	<Ny>0</Ny>
	<Nz>0</Nz></Normal></Edge>
	<Edge>
	<Start>146</Start>
	<End>147</End>
	<Normal>
	<Nx>0</Nx>
	<Ny>0</Ny>
	<Nz>0</Nz></Normal></Edge>
	<Edge>
	<Start>147</Start>
	<End>148</End>
	<Normal>
	<Nx>0</Nx>
	<Ny>0</Ny>
	<Nz>0</Nz></Normal></Edge>
	<Edge>
	<Start>148</Start>
	<End>149</End>
	<Normal>
	<Nx>0</Nx>
	<Ny>0</Ny>
	<Nz>0</Nz></Normal></Edge>
	<Edge>
	<Start>149</Start>
	<End>150</End>
	<Normal>
	<Nx>0</Nx>
	<Ny>0</Ny>
	<Nz>0</Nz></Normal></Edge>
	<Edge>
	<Start>150</Start>
	<End>151</End>
	<Normal>
	<Nx>0</Nx>
	<Ny>0</Ny>
	<Nz>0</Nz></Normal></Edge>
	<Edge>
	<Start>151</Start>
	<End>152</End>
	<Normal>
	<Nx>0</Nx>
	<Ny>0</Ny>
	<Nz>0</Nz></Normal></Edge>
	<Edge>
	<Start>152</Start>
	<End>153</End>
	<Normal>
	<Nx>0</Nx>
	<Ny>0</Ny>
	<Nz>0</Nz></Normal></Edge>
	<Edge>
	<Start>153</Start>
	<End>154</End>
	<Normal>
	<Nx>0</Nx>
	<Ny>0</Ny>
	<Nz>0</Nz></Normal></Edge>
	<Edge>
	<Start>154</Start>
	<End>155</End>
	<Normal>
	<Nx>0</Nx>
	<Ny>0</Ny>
	<Nz>0</Nz></Normal></Edge>
	<Edge>
	<Start>155</Start>
	<End>156</End>
	<Normal>
	<Nx>0</Nx>
	<Ny>0</Ny>
	<Nz>0</Nz></Normal></Edge>
	<Edge>
	<Start>156</Start>
	<End>157</End>
	<Normal>
	<Nx>0</Nx>
	<Ny>0</Ny>
	<Nz>0</Nz></Normal></Edge>
	<Edge>
	<Start>157</Start>
	<End>158</End>
	<Normal>
	<Nx>0</Nx>
	<Ny>0</Ny>
	<Nz>0</Nz></Normal></Edge>
	<Edge>
	<Start>158</Start>
	<End>159</End>
	<Normal>
	<Nx>0</Nx>
	<Ny>0</Ny>
	<Nz>0</Nz></Normal></Edge>
	<Edge>
	<Start>159</Start>
	<End>160</End>
	<Normal>
	<Nx>0</Nx>
	<Ny>0</Ny>
	<Nz>0</Nz></Normal></Edge>
	<Edge>
	<Start>160</Start>
	<End>161</End>
	<Normal>
	<Nx>0</Nx>
	<Ny>0</Ny>
	<Nz>0</Nz></Normal></Edge>
	<Edge>
	<Start>161</Start>
	<End>162</End>
	<Normal>
	<Nx>0</Nx>
	<Ny>0</Ny>
	<Nz>0</Nz></Normal></Edge>
	<Edge>
	<Start>162</Start>
	<End>163</End>
	<Normal>
	<Nx>0</Nx>
	<Ny>0</Ny>
	<Nz>0</Nz></Normal></Edge>
	<Edge>
	<Start>163</Start>
	<End>164</End>
	<Normal>
	<Nx>0</Nx>
	<Ny>0</Ny>
	<Nz>0</Nz></Normal></Edge>
	<Edge>
	<Start>164</Start>
	<End>165</End>
	<Normal>
	<Nx>0</Nx>
	<Ny>0</Ny>
	<Nz>0</Nz></Normal></Edge>
	<Edge>
	<Start>165</Start>
	<End>166</End>
	<Normal>
	<Nx>0</Nx>
	<Ny>0</Ny>
	<Nz>0</Nz></Normal></Edge>
	<Edge>
	<Start>166</Start>
	<End>167</End>
	<Normal>
	<Nx>0</Nx>
	<Ny>0</Ny>
	<Nz>0</Nz></Normal></Edge>
	<Edge>
	<Start>167</Start>
	<End>168</End>
	<Normal>
	<Nx>0</Nx>
	<Ny>0</Ny>
	<Nz>0</Nz></Normal></Edge>
	<Edge>
	<Start>168</Start>
	<End>169</End>
	<Normal>
	<Nx>0</Nx>
	<Ny>0</Ny>
	<Nz>0</Nz></Normal></Edge>
	<Edge>
	<Start>169</Start>
	<End>170</End>
	<Normal>
	<Nx>0</Nx>
	<Ny>0</Ny>
	<Nz>0</Nz></Normal></Edge>
	<Edge>
	<Start>170</Start>
	<End>171</End>
	<Normal>
	<Nx>0</Nx>
	<Ny>0</Ny>
	<Nz>0</Nz></Normal></Edge>
	<Edge>
	<Start>171</Start>
	<End>172</End>
	<Normal>
	<Nx>0</Nx>
	<Ny>0</Ny>
	<Nz>0</Nz></Normal></Edge>
	<Edge>
	<Start>172</Start>
	<End>173</End>
	<Normal>
	<Nx>0</Nx>
	<Ny>0</Ny>
	<Nz>0</Nz></Normal></Edge>
	<Edge>
	<Start>173</Start>
	<End>174</End>
	<Normal>
	<Nx>0</Nx>
	<Ny>0</Ny>
	<Nz>0</Nz></Normal></Edge>
	<Edge>
	<Start>174</Start>
	<End>175</End>
	<Normal>
	<Nx>0</Nx>
	<Ny>0</Ny>
	<Nz>0</Nz></Normal></Edge>
	<Edge>
	<Start>175</Start>
	<End>176</End>
	<Normal>
	<Nx>0</Nx>
	<Ny>0</Ny>
	<Nz>0</Nz></Normal></Edge>
	<Edge>
	<Start>176</Start>
	<End>177</End>
	<Normal>
	<Nx>0</Nx>
	<Ny>0</Ny>
	<Nz>0</Nz></Normal></Edge>
	<Edge>
	<Start>177</Start>
	<End>178</End>
	<Normal>
	<Nx>0</Nx>
	<Ny>0</Ny>
	<Nz>0</Nz></Normal></Edge>
	<Edge>
	<Start>178</Start>
	<End>179</End>
	<Normal>
	<Nx>0</Nx>
	<Ny>0</Ny>
	<Nz>0</Nz></Normal></Edge>
	<Edge>
	<Start>179</Start>
	<End>180</End>
	<Normal>
	<Nx>0</Nx>
	<Ny>0</Ny>
	<Nz>0</Nz></Normal></Edge>
	<Edge>
	<Start>180</Start>
	<End>181</End>
	<Normal>
	<Nx>0</Nx>
	<Ny>0</Ny>
	<Nz>0</Nz></Normal></Edge>
	<Edge>
	<Start>181</Start>
	<End>182</End>
	<Normal>
	<Nx>0</Nx>
	<Ny>0</Ny>
	<Nz>0</Nz></Normal></Edge>
	<Edge>
	<Start>182</Start>
	<End>183</End>
	<Normal>
	<Nx>0</Nx>
	<Ny>0</Ny>
	<Nz>0</Nz></Normal></Edge>
	<Edge>
	<Start>183</Start>
	<End>184</End>
	<Normal>
	<Nx>0</Nx>
	<Ny>0</Ny>
	<Nz>0</Nz></Normal></Edge>
	<Edge>
	<Start>184</Start>
	<End>185</End>
	<Normal>
	<Nx>0</Nx>
	<Ny>0</Ny>
	<Nz>0</Nz></Normal></Edge>
	<Edge>
	<Start>185</Start>
	<End>186</End>
	<Normal>
	<Nx>0</Nx>
	<Ny>0</Ny>
	<Nz>0</Nz></Normal></Edge>
	<Edge>
	<Start>186</Start>
	<End>187</End>
	<Normal>
	<Nx>0</Nx>
	<Ny>0</Ny>
	<Nz>0</Nz></Normal></Edge>
	<Edge>
	<Start>187</Start>
	<End>188</End>
	<Normal>
	<Nx>0</Nx>
	<Ny>0</Ny>
	<Nz>0</Nz></Normal></Edge>
	<Edge>
	<Start>188</Start>
	<End>189</End>
	<Normal>
	<Nx>0</Nx>
	<Ny>0</Ny>
	<Nz>0</Nz></Normal></Edge>
	<Edge>
	<Start>189</Start>
	<End>190</End>
	<Normal>
	<Nx>0</Nx>
	<Ny>0</Ny>
	<Nz>0</Nz></Normal></Edge>
	<Edge>
	<Start>190</Start>
	<End>191</End>
	<Normal>
	<Nx>0</Nx>
	<Ny>0</Ny>
	<Nz>0</Nz></Normal></Edge>
	<Edge>
	<Start>191</Start>
	<End>192</End>
	<Normal>
	<Nx>0</Nx>
	<Ny>0</Ny>
	<Nz>0</Nz></Normal></Edge>
	<Edge>
	<Start>192</Start>
	<End>193</End>
	<Normal>
	<Nx>0</Nx>
	<Ny>0</Ny>
	<Nz>0</Nz></Normal></Edge>
	<Edge>
	<Start>193</Start>
	<End>194</End>
	<Normal>
	<Nx>0</Nx>
	<Ny>0</Ny>
	<Nz>0</Nz></Normal></Edge>
	<Edge>
	<Start>194</Start>
	<End>195</End>
	<Normal>
	<Nx>0</Nx>
	<Ny>0</Ny>
	<Nz>0</Nz></Normal></Edge>
	<Edge>
	<Start>195</Start>
	<End>196</End>
	<Normal>
	<Nx>0</Nx>
	<Ny>0</Ny>
	<Nz>0</Nz></Normal></Edge>
	<Edge>
	<Start>196</Start>
	<End>197</End>
	<Normal>
	<Nx>0</Nx>
	<Ny>0</Ny>
	<Nz>0</Nz></Normal></Edge>
	<Edge>
	<Start>197</Start>
	<End>198</End>
	<Normal>
	<Nx>0</Nx>
	<Ny>0</Ny>
	<Nz>0</Nz></Normal></Edge>
	<Edge>
	<Start>198</Start>
	<End>199</End>
	<Normal>
	<Nx>0</Nx>
	<Ny>0</Ny>
	<Nz>0</Nz></Normal></Edge>
	<Edge>
	<Start>199</Start>
	<End>200</End>
	<Normal>
	<Nx>0</Nx>
	<Ny>0</Ny>
	<Nz>0</Nz></Normal></Edge>
	<Edge>
	<Start>200</Start>
	<End>201</End>
	<Normal>
	<Nx>0</Nx>
	<Ny>0</Ny>
	<Nz>0</Nz></Normal></Edge>
	<Edge>
	<Start>201</Start>
	<End>202</End>
	<Normal>
	<Nx>0</Nx>
	<Ny>0</Ny>
	<Nz>0</Nz></Normal></Edge>
	<Edge>
	<Start>202</Start>
	<End>203</End>
	<Normal>
	<Nx>0</Nx>
	<Ny>0</Ny>
	<Nz>0</Nz></Normal></Edge>
	<Edge>
	<Start>203</Start>
	<End>204</End>
	<Normal>
	<Nx>0</Nx>
	<Ny>0</Ny>
	<Nz>0</Nz></Normal></Edge>
	<Edge>
	<Start>204</Start>
	<End>205</End>
	<Normal>
	<Nx>0</Nx>
	<Ny>0</Ny>
	<Nz>0</Nz></Normal></Edge>
	<Edge>
	<Start>205</Start>
	<End>206</End>
	<Normal>
	<Nx>0</Nx>
	<Ny>0</Ny>
	<Nz>0</Nz></Normal></Edge>
	<Edge>
	<Start>206</Start>
	<End>207</End>
	<Normal>
	<Nx>0</Nx>
	<Ny>0</Ny>
	<Nz>0</Nz></Normal></Edge>
	<Edge>
	<Start>207</Start>
	<End>208</End>
	<Normal>
	<Nx>0</Nx>
	<Ny>0</Ny>
	<Nz>0</Nz></Normal></Edge>
	<Edge>
	<Start>208</Start>
	<End>209</End>
	<Normal>
	<Nx>0</Nx>
	<Ny>0</Ny>
	<Nz>0</Nz></Normal></Edge>
	<Edge>
	<Start>209</Start>
	<End>210</End>
	<Normal>
	<Nx>0</Nx>
	<Ny>0</Ny>
	<Nz>0</Nz></Normal></Edge>
	<Edge>
	<Start>210</Start>
	<End>211</End>
	<Normal>
	<Nx>0</Nx>
	<Ny>0</Ny>
	<Nz>0</Nz></Normal></Edge>
	<Edge>
	<Start>211</Start>
	<End>212</End>
	<Normal>
	<Nx>0</Nx>
	<Ny>0</Ny>
	<Nz>0</Nz></Normal></Edge>
	<Edge>
	<Start>212</Start>
	<End>213</End>
	<Normal>
	<Nx>0</Nx>
	<Ny>0</Ny>
	<Nz>0</Nz></Normal></Edge>
	<Edge>
	<Start>213</Start>
	<End>214</End>
	<Normal>
	<Nx>0</Nx>
	<Ny>0</Ny>
	<Nz>0</Nz></Normal></Edge>
	<Edge>
	<Start>214</Start>
	<End>215</End>
	<Normal>
	<Nx>0</Nx>
	<Ny>0</Ny>
	<Nz>0</Nz></Normal></Edge>
	<Edge>
	<Start>215</Start>
	<End>216</End>
	<Normal>
	<Nx>0</Nx>
	<Ny>0</Ny>
	<Nz>0</Nz></Normal></Edge>
	<Edge>
	<Start>216</Start>
	<End>217</End>
	<Normal>
	<Nx>0</Nx>
	<Ny>0</Ny>
	<Nz>0</Nz></Normal></Edge>
	<Edge>
	<Start>217</Start>
	<End>218</End>
	<Normal>
	<Nx>0</Nx>
	<Ny>0</Ny>
	<Nz>0</Nz></Normal></Edge>
	<Edge>
	<Start>218</Start>
	<End>219</End>
	<Normal>
	<Nx>0</Nx>
	<Ny>0</Ny>
	<Nz>0</Nz></Normal></Edge>
	<Edge>
	<Start>219</Start>
	<End>220</End>
	<Normal>
	<Nx>0</Nx>
	<Ny>0</Ny>
	<Nz>0</Nz></Normal></Edge>
	<Edge>
	<Start>220</Start>
	<End>221</End>
	<Normal>
	<Nx>0</Nx>
	<Ny>0</Ny>
	<Nz>0</Nz></Normal></Edge>
	<Edge>
	<Start>221</Start>
	<End>222</End>
	<Normal>
	<Nx>0</Nx>
	<Ny>0</Ny>
	<Nz>0</Nz></Normal></Edge>
	<Edge>
	<Start>222</Start>
	<End>223</End>
	<Normal>
	<Nx>0</Nx>
	<Ny>0</Ny>
	<Nz>0</Nz></Normal></Edge>
	<Edge>
	<Start>223</Start>
	<End>224</End>
	<Normal>
	<Nx>0</Nx>
	<Ny>0</Ny>
	<Nz>0</Nz></Normal></Edge>
	<Edge>
	<Start>224</Start>
	<End>225</End>
	<Normal>
	<Nx>0</Nx>
	<Ny>0</Ny>
	<Nz>0</Nz></Normal></Edge>
	<Edge>
	<Start>225</Start>
	<End>226</End>
	<Normal>
	<Nx>0</Nx>
	<Ny>0</Ny>
	<Nz>0</Nz></Normal></Edge>
	<Edge>
	<Start>226</Start>
	<End>227</End>
	<Normal>
	<Nx>0</Nx>
	<Ny>0</Ny>
	<Nz>0</Nz></Normal></Edge>
	<Edge>
	<Start>227</Start>
	<End>228</End>
	<Normal>
	<Nx>0</Nx>
	<Ny>0</Ny>
	<Nz>0</Nz></Normal></Edge>
	<Edge>
	<Start>228</Start>
	<End>229</End>
	<Normal>
	<Nx>0</Nx>
	<Ny>0</Ny>
	<Nz>0</Nz></Normal></Edge>
	<Edge>
	<Start>229</Start>
	<End>230</End>
	<Normal>
	<Nx>0</Nx>
	<Ny>0</Ny>
	<Nz>0</Nz></Normal></Edge>
	<Edge>
	<Start>230</Start>
	<End>231</End>
	<Normal>
	<Nx>0</Nx>
	<Ny>0</Ny>
	<Nz>0</Nz></Normal></Edge>
	<Edge>
	<Start>231</Start>
	<End>232</End>
	<Normal>
	<Nx>0</Nx>
	<Ny>0</Ny>
	<Nz>0</Nz></Normal></Edge>
	<Edge>
	<Start>232</Start>
	<End>233</End>
	<Normal>
	<Nx>0</Nx>
	<Ny>0</Ny>
	<Nz>0</Nz></Normal></Edge>
	<Edge>
	<Start>233</Start>
	<End>234</End>
	<Normal>
	<Nx>0</Nx>
	<Ny>0</Ny>
	<Nz>0</Nz></Normal></Edge>
	<Edge>
	<Start>234</Start>
	<End>235</End>
	<Normal>
	<Nx>0</Nx>
	<Ny>0</Ny>
	<Nz>0</Nz></Normal></Edge>
	<Edge>
	<Start>235</Start>
	<End>236</End>
	<Normal>
	<Nx>0</Nx>
	<Ny>0</Ny>
	<Nz>0</Nz></Normal></Edge>
	<Edge>
	<Start>236</Start>
	<End>237</End>
	<Normal>
	<Nx>0</Nx>
	<Ny>0</Ny>
	<Nz>0</Nz></Normal></Edge>
	<Edge>
	<Start>237</Start>
	<End>238</End>
	<Normal>
	<Nx>0</Nx>
	<Ny>0</Ny>
	<Nz>0</Nz></Normal></Edge>
	<Edge>
	<Start>238</Start>
	<End>239</End>
	<Normal>
	<Nx>0</Nx>
	<Ny>0</Ny>
	<Nz>0</Nz></Normal></Edge>
	<Edge>
	<Start>239</Start>
	<End>240</End>
	<Normal>
	<Nx>0</Nx>
	<Ny>0</Ny>
	<Nz>0</Nz></Normal></Edge>
	<Edge>
	<Start>240</Start>
	<End>241</End>
	<Normal>
	<Nx>0</Nx>
	<Ny>0</Ny>
	<Nz>0</Nz></Normal></Edge>
	<Edge>
	<Start>241</Start>
	<End>242</End>
	<Normal>
	<Nx>0</Nx>
	<Ny>0</Ny>
	<Nz>0</Nz></Normal></Edge>
	<Edge>
	<Start>242</Start>
	<End>243</End>
	<Normal>
	<Nx>0</Nx>
	<Ny>0</Ny>
	<Nz>0</Nz></Normal></Edge>
	<Edge>
	<Start>243</Start>
	<End>244</End>
	<Normal>
	<Nx>0</Nx>
	<Ny>0</Ny>
	<Nz>0</Nz></Normal></Edge>
	<Edge>
	<Start>244</Start>
	<End>245</End>
	<Normal>
	<Nx>0</Nx>
	<Ny>0</Ny>
	<Nz>0</Nz></Normal></Edge>
	<Edge>
	<Start>245</Start>
	<End>246</End>
	<Normal>
	<Nx>0</Nx>
	<Ny>0</Ny>
	<Nz>0</Nz></Normal></Edge>
	<Edge>
	<Start>246</Start>
	<End>247</End>
	<Normal>
	<Nx>0</Nx>
	<Ny>0</Ny>
	<Nz>0</Nz></Normal></Edge>
	<Edge>
	<Start>247</Start>
	<End>248</End>
	<Normal>
	<Nx>0</Nx>
	<Ny>0</Ny>
	<Nz>0</Nz></Normal></Edge>
	<Edge>
	<Start>248</Start>
	<End>249</End>
	<Normal>
	<Nx>0</Nx>
	<Ny>0</Ny>
	<Nz>0</Nz></Normal></Edge>
	<Edge>
	<Start>249</Start>
	<End>250</End>
	<Normal>
	<Nx>0</Nx>
	<Ny>0</Ny>
	<Nz>0</Nz></Normal></Edge>
	<Edge>
	<Start>250</Start>
	<End>251</End>
	<Normal>
	<Nx>0</Nx>
	<Ny>0</Ny>
	<Nz>0</Nz></Normal></Edge>
	<Edge>
	<Start>251</Start>
	<End>252</End>
	<Normal>
	<Nx>0</Nx>
	<Ny>0</Ny>
	<Nz>0</Nz></Normal></Edge>
	<Edge>
	<Start>252</Start>
	<End>253</End>
	<Normal>
	<Nx>0</Nx>
	<Ny>0</Ny>
	<Nz>0</Nz></Normal></Edge>
	<Edge>
	<Start>253</Start>
	<End>254</End>
	<Normal>
	<Nx>0</Nx>
	<Ny>0</Ny>
	<Nz>0</Nz></Normal></Edge>
	<Edge>
	<Start>254</Start>
	<End>255</End>
	<Normal>
	<Nx>0</Nx>
	<Ny>0</Ny>
	<Nz>0</Nz></Normal></Edge>
	<Edge>
	<Start>255</Start>
	<End>256</End>
	<Normal>
	<Nx>0</Nx>
	<Ny>0</Ny>
	<Nz>0</Nz></Normal></Edge>
	<Edge>
	<Start>256</Start>
	<End>257</End>
	<Normal>
	<Nx>0</Nx>
	<Ny>0</Ny>
	<Nz>0</Nz></Normal></Edge>
	<Edge>
	<Start>257</Start>
	<End>258</End>
	<Normal>
	<Nx>0</Nx>
	<Ny>0</Ny>
	<Nz>0</Nz></Normal></Edge>
	<Edge>
	<Start>258</Start>
	<End>259</End>
	<Normal>
	<Nx>0</Nx>
	<Ny>0</Ny>
	<Nz>0</Nz></Normal></Edge>
	<Edge>
	<Start>259</Start>
	<End>260</End>
	<Normal>
	<Nx>0</Nx>
	<Ny>0</Ny>
	<Nz>0</Nz></Normal></Edge>
	<Edge>
	<Start>260</Start>
	<End>261</End>
	<Normal>
	<Nx>0</Nx>
	<Ny>0</Ny>
	<Nz>0</Nz></Normal></Edge>
	<Edge>
	<Start>261</Start>
	<End>262</End>
	<Normal>
	<Nx>0</Nx>
	<Ny>0</Ny>
	<Nz>0</Nz></Normal></Edge>
	<Edge>
	<Start>262</Start>
	<End>263</End>
	<Normal>
	<Nx>0</Nx>
	<Ny>0</Ny>
	<Nz>0</Nz></Normal></Edge>
	<Edge>
	<Start>263</Start>
	<End>264</End>
	<Normal>
	<Nx>0</Nx>
	<Ny>0</Ny>
	<Nz>0</Nz></Normal></Edge>
	<Edge>
	<Start>264</Start>
	<End>265</End>
	<Normal>
	<Nx>0</Nx>
	<Ny>0</Ny>
	<Nz>0</Nz></Normal></Edge>
	<Edge>
	<Start>265</Start>
	<End>266</End>
	<Normal>
	<Nx>0</Nx>
	<Ny>0</Ny>
	<Nz>0</Nz></Normal></Edge>
	<Edge>
	<Start>266</Start>
	<End>267</End>
	<Normal>
	<Nx>0</Nx>
	<Ny>0</Ny>
	<Nz>0</Nz></Normal></Edge>
	<Edge>
	<Start>267</Start>
	<End>268</End>
	<Normal>
	<Nx>0</Nx>
	<Ny>0</Ny>
	<Nz>0</Nz></Normal></Edge>
	<Edge>
	<Start>268</Start>
	<End>269</End>
	<Normal>
	<Nx>0</Nx>
	<Ny>0</Ny>
	<Nz>0</Nz></Normal></Edge>
	<Edge>
	<Start>269</Start>
	<End>270</End>
	<Normal>
	<Nx>0</Nx>
	<Ny>0</Ny>
	<Nz>0</Nz></Normal></Edge>
	<Edge>
	<Start>270</Start>
	<End>271</End>
	<Normal>
	<Nx>0</Nx>
	<Ny>0</Ny>
	<Nz>0</Nz></Normal></Edge>
	<Edge>
	<Start>271</Start>
	<End>272</End>
	<Normal>
	<Nx>0</Nx>
	<Ny>0</Ny>
	<Nz>0</Nz></Normal></Edge>
	<Edge>
	<Start>272</Start>
	<End>273</End>
	<Normal>
	<Nx>0</Nx>
	<Ny>0</Ny>
	<Nz>0</Nz></Normal></Edge>
	<Edge>
	<Start>273</Start>
	<End>274</End>
	<Normal>
	<Nx>0</Nx>
	<Ny>0</Ny>
	<Nz>0</Nz></Normal></Edge>
	<Edge>
	<Start>274</Start>
	<End>275</End>
	<Normal>
	<Nx>0</Nx>
	<Ny>0</Ny>
	<Nz>0</Nz></Normal></Edge>
	<Edge>
	<Start>275</Start>
	<End>276</End>
	<Normal>
	<Nx>0</Nx>
	<Ny>0</Ny>
	<Nz>0</Nz></Normal></Edge>
	<Edge>
	<Start>276</Start>
	<End>277</End>
	<Normal>
	<Nx>0</Nx>
	<Ny>0</Ny>
	<Nz>0</Nz></Normal></Edge>
	<Edge>
	<Start>277</Start>
	<End>278</End>
	<Normal>
	<Nx>0</Nx>
	<Ny>0</Ny>
	<Nz>0</Nz></Normal></Edge>
	<Edge>
	<Start>278</Start>
	<End>279</End>
	<Normal>
	<Nx>0</Nx>
	<Ny>0</Ny>
	<Nz>0</Nz></Normal></Edge>
	<Edge>
	<Start>279</Start>
	<End>280</End>
	<Normal>
	<Nx>0</Nx>
	<Ny>0</Ny>
	<Nz>0</Nz></Normal></Edge>
	<Edge>
	<Start>280</Start>
	<End>281</End>
	<Normal>
	<Nx>0</Nx>
	<Ny>0</Ny>
	<Nz>0</Nz></Normal></Edge>
	<Edge>
	<Start>281</Start>
	<End>282</End>
	<Normal>
	<Nx>0</Nx>
	<Ny>0</Ny>
	<Nz>0</Nz></Normal></Edge>
	<Edge>
	<Start>282</Start>
	<End>283</End>
	<Normal>
	<Nx>0</Nx>
	<Ny>0</Ny>
	<Nz>0</Nz></Normal></Edge>
	<Edge>
	<Start>283</Start>
	<End>284</End>
	<Normal>
	<Nx>0</Nx>
	<Ny>0</Ny>
	<Nz>0</Nz></Normal></Edge>
	<Edge>
	<Start>284</Start>
	<End>285</End>
	<Normal>
	<Nx>0</Nx>
	<Ny>0</Ny>
	<Nz>0</Nz></Normal></Edge>
	<Edge>
	<Start>285</Start>
	<End>286</End>
	<Normal>
	<Nx>0</Nx>
	<Ny>0</Ny>
	<Nz>0</Nz></Normal></Edge>
	<Edge>
	<Start>286</Start>
	<End>287</End>
	<Normal>
	<Nx>0</Nx>
	<Ny>0</Ny>
	<Nz>0</Nz></Normal></Edge>
	<Edge>
	<Start>287</Start>
	<End>288</End>
	<Normal>
	<Nx>0</Nx>
	<Ny>0</Ny>
	<Nz>0</Nz></Normal></Edge>
	<Edge>
	<Start>288</Start>
	<End>289</End>
	<Normal>
	<Nx>0</Nx>
	<Ny>0</Ny>
	<Nz>0</Nz></Normal></Edge>
	<Edge>
	<Start>289</Start>
	<End>290</End>
	<Normal>
	<Nx>0</Nx>
	<Ny>0</Ny>
	<Nz>0</Nz></Normal></Edge>
	<Edge>
	<Start>290</Start>
	<End>291</End>
	<Normal>
	<Nx>0</Nx>
	<Ny>0</Ny>
	<Nz>0</Nz></Normal></Edge>
	<Edge>
	<Start>291</Start>
	<End>292</End>
	<Normal>
	<Nx>0</Nx>
	<Ny>0</Ny>
	<Nz>0</Nz></Normal></Edge>
	<Edge>
	<Start>292</Start>
	<End>293</End>
	<Normal>
	<Nx>0</Nx>
	<Ny>0</Ny>
	<Nz>0</Nz></Normal></Edge>
	<Edge>
	<Start>293</Start>
	<End>294</End>
	<Normal>
	<Nx>0</Nx>
	<Ny>0</Ny>
	<Nz>0</Nz></Normal></Edge>
	<Edge>
	<Start>294</Start>
	<End>295</End>
	<Normal>
	<Nx>0</Nx>
	<Ny>0</Ny>
	<Nz>0</Nz></Normal></Edge>
	<Edge>
	<Start>295</Start>
	<End>296</End>
	<Normal>
	<Nx>0</Nx>
	<Ny>0</Ny>
	<Nz>0</Nz></Normal></Edge>
	<Edge>
	<Start>296</Start>
	<End>297</End>
	<Normal>
	<Nx>0</Nx>
	<Ny>0</Ny>
	<Nz>0</Nz></Normal></Edge>
	<Edge>
	<Start>297</Start>
	<End>298</End>
	<Normal>
	<Nx>0</Nx>
	<Ny>0</Ny>
	<Nz>0</Nz></Normal></Edge>
	<Edge>
	<Start>298</Start>
	<End>299</End>
	<Normal>
	<Nx>0</Nx>
	<Ny>0</Ny>
	<Nz>0</Nz></Normal></Edge>
	<Edge>
	<Start>299</Start>
	<End>300</End>
	<Normal>
	<Nx>0</Nx>
	<Ny>0</Ny>
	<Nz>0</Nz></Normal></Edge>
	<Edge>
	<Start>300</Start>
	<End>301</End>
	<Normal>
	<Nx>0</Nx>
	<Ny>0</Ny>
	<Nz>0</Nz></Normal></Edge>
	<Edge>
	<Start>301</Start>
	<End>302</End>
	<Normal>
	<Nx>0</Nx>
	<Ny>0</Ny>
	<Nz>0</Nz></Normal></Edge>
	<Edge>
	<Start>302</Start>
	<End>303</End>
	<Normal>
	<Nx>0</Nx>
	<Ny>0</Ny>
	<Nz>0</Nz></Normal></Edge>
	<Edge>
	<Start>303</Start>
	<End>304</End>
	<Normal>
	<Nx>0</Nx>
	<Ny>0</Ny>
	<Nz>0</Nz></Normal></Edge>
	<Edge>
	<Start>304</Start>
	<End>305</End>
	<Normal>
	<Nx>0</Nx>
	<Ny>0</Ny>
	<Nz>0</Nz></Normal></Edge>
	<Edge>
	<Start>305</Start>
	<End>306</End>
	<Normal>
	<Nx>0</Nx>
	<Ny>0</Ny>
	<Nz>0</Nz></Normal></Edge>
	<Edge>
	<Start>306</Start>
	<End>307</End>
	<Normal>
	<Nx>0</Nx>
	<Ny>0</Ny>
	<Nz>0</Nz></Normal></Edge>
	<Edge>
	<Start>307</Start>
	<End>308</End>
	<Normal>
	<Nx>0</Nx>
	<Ny>0</Ny>
	<Nz>0</Nz></Normal></Edge>
	<Edge>
	<Start>308</Start>
	<End>309</End>
	<Normal>
	<Nx>0</Nx>
	<Ny>0</Ny>
	<Nz>0</Nz></Normal></Edge>
	<Edge>
	<Start>309</Start>
	<End>310</End>
	<Normal>
	<Nx>0</Nx>
	<Ny>0</Ny>
	<Nz>0</Nz></Normal></Edge>
	<Edge>
	<Start>310</Start>
	<End>311</End>
	<Normal>
	<Nx>0</Nx>
	<Ny>0</Ny>
	<Nz>0</Nz></Normal></Edge>
	<Edge>
	<Start>311</Start>
	<End>312</End>
	<Normal>
	<Nx>0</Nx>
	<Ny>0</Ny>
	<Nz>0</Nz></Normal></Edge>
	<Edge>
	<Start>312</Start>
	<End>313</End>
	<Normal>
	<Nx>0</Nx>
	<Ny>0</Ny>
	<Nz>0</Nz></Normal></Edge>
	<Edge>
	<Start>313</Start>
	<End>314</End>
	<Normal>
	<Nx>0</Nx>
	<Ny>0</Ny>
	<Nz>0</Nz></Normal></Edge>
	<Edge>
	<Start>314</Start>
	<End>315</End>
	<Normal>
	<Nx>0</Nx>
	<Ny>0</Ny>
	<Nz>0</Nz></Normal></Edge>
	<Edge>
	<Start>315</Start>
	<End>316</End>
	<Normal>
	<Nx>0</Nx>
	<Ny>0</Ny>
	<Nz>0</Nz></Normal></Edge>
	<Edge>
	<Start>316</Start>
	<End>317</End>
	<Normal>
	<Nx>0</Nx>
	<Ny>0</Ny>
	<Nz>0</Nz></Normal></Edge>
	<Edge>
	<Start>317</Start>
	<End>318</End>
	<Normal>
	<Nx>0</Nx>
	<Ny>0</Ny>
	<Nz>0</Nz></Normal></Edge>
	<Edge>
	<Start>318</Start>
	<End>319</End>
	<Normal>
	<Nx>0</Nx>
	<Ny>0</Ny>
	<Nz>0</Nz></Normal></Edge>
	<Edge>
	<Start>319</Start>
	<End>320</End>
	<Normal>
	<Nx>0</Nx>
	<Ny>0</Ny>
	<Nz>0</Nz></Normal></Edge>
	<Edge>
	<Start>320</Start>
	<End>321</End>
	<Normal>
	<Nx>0</Nx>
	<Ny>0</Ny>
	<Nz>0</Nz></Normal></Edge>
	<Edge>
	<Start>321</Start>
	<End>322</End>
	<Normal>
	<Nx>0</Nx>
	<Ny>0</Ny>
	<Nz>0</Nz></Normal></Edge>
	<Edge>
	<Start>322</Start>
	<End>323</End>
	<Normal>
	<Nx>0</Nx>
	<Ny>0</Ny>
	<Nz>0</Nz></Normal></Edge>
	<Edge>
	<Start>323</Start>
	<End>324</End>
	<Normal>
	<Nx>0</Nx>
	<Ny>0</Ny>
	<Nz>0</Nz></Normal></Edge>
	<Edge>
	<Start>324</Start>
	<End>325</End>
	<Normal>
	<Nx>0</Nx>
	<Ny>0</Ny>
	<Nz>0</Nz></Normal></Edge>
	<Edge>
	<Start>325</Start>
	<End>326</End>
	<Normal>
	<Nx>0</Nx>
	<Ny>0</Ny>
	<Nz>0</Nz></Normal></Edge>
	<Edge>
	<Start>326</Start>
	<End>327</End>
	<Normal>
	<Nx>0</Nx>
	<Ny>0</Ny>
	<Nz>0</Nz></Normal></Edge>
	<Edge>
	<Start>327</Start>
	<End>328</End>
	<Normal>
	<Nx>0</Nx>
	<Ny>0</Ny>
	<Nz>0</Nz></Normal></Edge>
	<Edge>
	<Start>328</Start>
	<End>329</End>
	<Normal>
	<Nx>0</Nx>
	<Ny>0</Ny>
	<Nz>0</Nz></Normal></Edge>
	<Edge>
	<Start>329</Start>
	<End>330</End>
	<Normal>
	<Nx>0</Nx>
	<Ny>0</Ny>
	<Nz>0</Nz></Normal></Edge>
	<Edge>
	<Start>330</Start>
	<End>331</End>
	<Normal>
	<Nx>0</Nx>
	<Ny>0</Ny>
	<Nz>0</Nz></Normal></Edge>
	<Edge>
	<Start>331</Start>
	<End>332</End>
	<Normal>
	<Nx>0</Nx>
	<Ny>0</Ny>
	<Nz>0</Nz></Normal></Edge>
	<Edge>
	<Start>332</Start>
	<End>333</End>
	<Normal>
	<Nx>0</Nx>
	<Ny>0</Ny>
	<Nz>0</Nz></Normal></Edge>
	<Edge>
	<Start>333</Start>
	<End>334</End>
	<Normal>
	<Nx>0</Nx>
	<Ny>0</Ny>
	<Nz>0</Nz></Normal></Edge>
	<Edge>
	<Start>334</Start>
	<End>335</End>
	<Normal>
	<Nx>0</Nx>
	<Ny>0</Ny>
	<Nz>0</Nz></Normal></Edge>
	<Edge>
	<Start>335</Start>
	<End>336</End>
	<Normal>
	<Nx>0</Nx>
	<Ny>0</Ny>
	<Nz>0</Nz></Normal></Edge>
	<Edge>
	<Start>336</Start>
	<End>337</End>
	<Normal>
	<Nx>0</Nx>
	<Ny>0</Ny>
	<Nz>0</Nz></Normal></Edge>
	<Edge>
	<Start>337</Start>
	<End>338</End>
	<Normal>
	<Nx>0</Nx>
	<Ny>0</Ny>
	<Nz>0</Nz></Normal></Edge>
	<Edge>
	<Start>338</Start>
	<End>339</End>
	<Normal>
	<Nx>0</Nx>
	<Ny>0</Ny>
	<Nz>0</Nz></Normal></Edge>
	<Edge>
	<Start>339</Start>
	<End>340</End>
	<Normal>
	<Nx>0</Nx>
	<Ny>0</Ny>
	<Nz>0</Nz></Normal></Edge>
	<Edge>
	<Start>340</Start>
	<End>341</End>
	<Normal>
	<Nx>0</Nx>
	<Ny>0</Ny>
	<Nz>0</Nz></Normal></Edge>
	<Edge>
	<Start>341</Start>
	<End>342</End>
	<Normal>
	<Nx>0</Nx>
	<Ny>0</Ny>
	<Nz>0</Nz></Normal></Edge>
	<Edge>
	<Start>342</Start>
	<End>343</End>
	<Normal>
	<Nx>0</Nx>
	<Ny>0</Ny>
	<Nz>0</Nz></Normal></Edge>
	<Edge>
	<Start>343</Start>
	<End>344</End>
	<Normal>
	<Nx>0</Nx>
	<Ny>0</Ny>
	<Nz>0</Nz></Normal></Edge>
	<Edge>
	<Start>344</Start>
	<End>345</End>
	<Normal>
	<Nx>0</Nx>
	<Ny>0</Ny>
	<Nz>0</Nz></Normal></Edge>
	<Edge>
	<Start>345</Start>
	<End>346</End>
	<Normal>
	<Nx>0</Nx>
	<Ny>0</Ny>
	<Nz>0</Nz></Normal></Edge>
	<Edge>
	<Start>346</Start>
	<End>347</End>
	<Normal>
	<Nx>0</Nx>
	<Ny>0</Ny>
	<Nz>0</Nz></Normal></Edge>
	<Edge>
	<Start>347</Start>
	<End>348</End>
	<Normal>
	<Nx>0</Nx>
	<Ny>0</Ny>
	<Nz>0</Nz></Normal></Edge>
	<Edge>
	<Start>348</Start>
	<End>349</End>
	<Normal>
	<Nx>0</Nx>
	<Ny>0</Ny>
	<Nz>0</Nz></Normal></Edge>
	<Edge>
	<Start>349</Start>
	<End>350</End>
	<Normal>
	<Nx>0</Nx>
	<Ny>0</Ny>
	<Nz>0</Nz></Normal></Edge>
	<Edge>
	<Start>350</Start>
	<End>351</End>
	<Normal>
	<Nx>0</Nx>
	<Ny>0</Ny>
	<Nz>0</Nz></Normal></Edge>
	<Edge>
	<Start>351</Start>
	<End>1</End>
	<Normal>
	<Nx>0</Nx>
	<Ny>0</Ny>
	<Nz>0</Nz></Normal></Edge></Region></Slice>
</Layer>