<?xml version="1.0"?><!--America Makes layer file created using MSXML 6.0--><Layer>
	<Thickness>0.05</Thickness>
	<VertexList>
	<Vertex>
	<X>2.458010</X>
	<Y>-19.957574</Y>
	<Co-ordinate_system>Cartesian</Co-ordinate_system></Vertex>
	<Vertex>
	<X>2.832255</X>
	<Y>-19.928606</Y></Vertex>
	<Vertex>
	<X>3.435430</X>
	<Y>-19.839730</Y></Vertex>
	<Vertex>
	<X>3.384172</X>
	<Y>-19.519481</Y></Vertex>
	<Vertex>
	<X>4.581069</X>
	<Y>-19.290767</Y></Vertex>
	<Vertex>
	<X>5.491029</X>
	<Y>-19.064683</Y></Vertex>
	<Vertex>
	<X>5.576686</X>
	<Y>-19.378308</Y></Vertex>
	<Vertex>
	<X>6.490530</X>
	<Y>-19.104356</Y></Vertex>
	<Vertex>
	<X>6.539242</X>
	<Y>-19.088730</Y></Vertex>
	<Vertex>
	<X>6.437393</X>
	<Y>-18.780543</Y></Vertex>
	<Vertex>
	<X>6.840427</X>
	<Y>-18.643525</Y></Vertex>
	<Vertex>
	<X>8.552100</X>
	<Y>-17.952791</Y></Vertex>
	<Vertex>
	<X>8.687732</X>
	<Y>-18.248809</Y></Vertex>
	<Vertex>
	<X>8.992341</X>
	<Y>-18.106352</Y></Vertex>
	<Vertex>
	<X>9.809392</X>
	<Y>-17.691822</Y></Vertex>
	<Vertex>
	<X>9.655369</X>
	<Y>-17.406109</Y></Vertex>
	<Vertex>
	<X>9.958831</X>
	<Y>-17.240093</Y></Vertex>
	<Vertex>
	<X>11.469434</X>
	<Y>-16.307362</Y></Vertex>
	<Vertex>
	<X>11.652577</X>
	<Y>-16.576584</Y></Vertex>
	<Vertex>
	<X>12.271924</X>
	<Y>-16.138385</Y></Vertex>
	<Vertex>
	<X>12.666640</X>
	<Y>-15.839298</Y></Vertex>
	<Vertex>
	<X>12.467845</X>
	<Y>-15.582706</Y></Vertex>
	<Vertex>
	<X>12.805371</X>
	<Y>-15.314796</Y></Vertex>
	<Vertex>
	<X>14.188576</X>
	<Y>-14.084335</Y></Vertex>
	<Vertex>
	<X>14.416008</X>
	<Y>-14.317356</Y></Vertex>
	<Vertex>
	<X>14.850267</X>
	<Y>-13.842864</Y></Vertex>
	<Vertex>
	<X>15.486204</X>
	<Y>-13.191090</Y></Vertex>
	<Vertex>
	<X>16.077008</X>
	<Y>-12.485855</Y></Vertex>
	<Vertex>
	<X>15.823815</X>
	<Y>-12.281901</Y></Vertex>
	<Vertex>
	<X>16.108196</X>
	<Y>-11.919877</Y></Vertex>
	<Vertex>
	<X>16.366484</X>
	<Y>-12.117325</Y></Vertex>
	<Vertex>
	<X>16.784579</X>
	<Y>-11.550637</Y></Vertex>
	<Vertex>
	<X>17.085824</X>
	<Y>-11.114646</Y></Vertex>
	<Vertex>
	<X>16.816020</X>
	<Y>-10.933240</Y></Vertex>
	<Vertex>
	<X>17.055193</X>
	<Y>-10.565348</Y></Vertex>
	<Vertex>
	<X>17.329984</X>
	<Y>-10.741469</Y></Vertex>
	<Vertex>
	<X>17.436076</X>
	<Y>-10.575848</Y></Vertex>
	<Vertex>
	<X>17.160667</X>
	<Y>-10.403063</Y></Vertex>
	<Vertex>
	<X>17.337360</X>
	<Y>-10.116087</Y></Vertex>
	<Vertex>
	<X>17.615636</X>
	<Y>-10.284206</Y></Vertex>
	<Vertex>
	<X>17.973432</X>
	<Y>-9.667791</Y></Vertex>
	<Vertex>
	<X>17.689428</X>
	<Y>-9.509536</Y></Vertex>
	<Vertex>
	<X>17.904938</X>
	<Y>-9.112369</Y></Vertex>
	<Vertex>
	<X>18.192416</X>
	<Y>-9.264150</Y></Vertex>
	<Vertex>
	<X>18.478288</X>
	<Y>-8.701723</Y></Vertex>
	<Vertex>
	<X>18.186208</X>
	<Y>-8.558925</Y></Vertex>
	<Vertex>
	<X>18.338350</X>
	<Y>-8.240656</Y></Vertex>
	<Vertex>
	<X>18.632900</X>
	<Y>-8.378281</Y></Vertex>
	<Vertex>
	<X>18.913644</X>
	<Y>-7.749775</Y></Vertex>
	<Vertex>
	<X>18.615216</X>
	<Y>-7.621581</Y></Vertex>
	<Vertex>
	<X>18.823404</X>
	<Y>-7.113507</Y></Vertex>
	<Vertex>
	<X>19.000986</X>
	<Y>-6.646109</Y></Vertex>
	<Vertex>
	<X>19.306008</X>
	<Y>-6.758610</Y></Vertex>
	<Vertex>
	<X>19.427804</X>
	<Y>-6.416499</Y></Vertex>
	<Vertex>
	<X>19.120533</X>
	<Y>-6.310265</Y></Vertex>
	<Vertex>
	<X>19.219840</X>
	<Y>-6.015635</Y></Vertex>
	<Vertex>
	<X>19.528728</X>
	<Y>-6.117079</Y></Vertex>
	<Vertex>
	<X>19.778112</X>
	<Y>-5.300192</Y></Vertex>
	<Vertex>
	<X>19.465236</X>
	<Y>-5.211818</Y></Vertex>
	<Vertex>
	<X>19.577789</X>
	<Y>-4.796298</Y></Vertex>
	<Vertex>
	<X>19.892496</X>
	<Y>-4.877914</Y></Vertex>
	<Vertex>
	<X>20.037327</X>
	<Y>-4.282568</Y></Vertex>
	<Vertex>
	<X>19.720764</X>
	<Y>-4.208270</Y></Vertex>
	<Vertex>
	<X>19.817167</X>
	<Y>-3.760702</Y></Vertex>
	<Vertex>
	<X>19.904942</X>
	<Y>-3.301099</Y></Vertex>
	<Vertex>
	<X>20.225512</X>
	<Y>-3.355765</Y></Vertex>
	<Vertex>
	<X>20.291184</X>
	<Y>-2.967145</Y></Vertex>
	<Vertex>
	<X>19.970024</X>
	<Y>-2.916634</Y></Vertex>
	<Vertex>
	<X>20.086299</X>
	<Y>-2.068776</Y></Vertex>
	<Vertex>
	<X>20.409311</X>
	<Y>-2.105527</Y></Vertex>
	<Vertex>
	<X>20.415116</X>
	<Y>-2.054757</Y></Vertex>
	<Vertex>
	<X>20.092043</X>
	<Y>-2.018314</Y></Vertex>
	<Vertex>
	<X>20.119931</X>
	<Y>-1.755524</Y></Vertex>
	<Vertex>
	<X>20.443456</X>
	<Y>-1.787701</Y></Vertex>
	<Vertex>
	<X>20.508756</X>
	<Y>-0.959497</Y></Vertex>
	<Vertex>
	<X>20.184188</X>
	<Y>-0.940575</Y></Vertex>
	<Vertex>
	<X>20.205299</X>
	<Y>-0.491634</Y></Vertex>
	<Vertex>
	<X>20.530216</X>
	<Y>-0.503256</Y></Vertex>
	<Vertex>
	<X>20.543204</X>
	<Y>0.223199</Y></Vertex>
	<Vertex>
	<X>20.534504</X>
	<Y>0.817689</Y></Vertex>
	<Vertex>
	<X>20.209523</X>
	<Y>0.808179</Y></Vertex>
	<Vertex>
	<X>20.191327</X>
	<Y>1.257248</Y></Vertex>
	<Vertex>
	<X>20.516012</X>
	<Y>1.274060</Y></Vertex>
	<Vertex>
	<X>20.488400</X>
	<Y>1.714543</Y></Vertex>
	<Vertex>
	<X>20.164198</X>
	<Y>1.690144</Y></Vertex>
	<Vertex>
	<X>20.083179</X>
	<Y>2.542096</Y></Vertex>
	<Vertex>
	<X>20.406019</X>
	<Y>2.580315</Y></Vertex>
	<Vertex>
	<X>20.400036</X>
	<Y>2.631059</Y></Vertex>
	<Vertex>
	<X>20.077207</X>
	<Y>2.592532</Y></Vertex>
	<Vertex>
	<X>20.044160</X>
	<Y>2.854720</Y></Vertex>
	<Vertex>
	<X>20.366452</X>
	<Y>2.897510</Y></Vertex>
	<Vertex>
	<X>20.315312</X>
	<Y>3.257921</Y></Vertex>
	<Vertex>
	<X>19.993836</X>
	<Y>3.209365</Y></Vertex>
	<Vertex>
	<X>19.934968</X>
	<Y>3.576019</Y></Vertex>
	<Vertex>
	<X>20.255487</X>
	<Y>3.630537</Y></Vertex>
	<Vertex>
	<X>20.146695</X>
	<Y>4.213809</Y></Vertex>
	<Vertex>
	<X>19.827924</X>
	<Y>4.149959</Y></Vertex>
	<Vertex>
	<X>19.759756</X>
	<Y>4.467256</Y></Vertex>
	<Vertex>
	<X>19.746396</X>
	<Y>4.535989</Y></Vertex>
	<Vertex>
	<X>20.063848</X>
	<Y>4.606115</Y></Vertex>
	<Vertex>
	<X>19.934000</X>
	<Y>5.161259</Y></Vertex>
	<Vertex>
	<X>19.618991</X>
	<Y>5.080876</Y></Vertex>
	<Vertex>
	<X>19.490032</X>
	<Y>5.569594</Y></Vertex>
	<Vertex>
	<X>19.366883</X>
	<Y>5.995519</Y></Vertex>
	<Vertex>
	<X>19.678520</X>
	<Y>6.087661</Y></Vertex>
	<Vertex>
	<X>19.543812</X>
	<Y>6.515727</Y></Vertex>
	<Vertex>
	<X>19.236127</X>
	<Y>6.411221</Y></Vertex>
	<Vertex>
	<X>19.073925</X>
	<Y>6.889931</Y></Vertex>
	<Vertex>
	<X>18.911372</X>
	<Y>7.332960</Y></Vertex>
	<Vertex>
	<X>19.215156</X>
	<Y>7.448655</Y></Vertex>
	<Vertex>
	<X>18.842763</X>
	<Y>8.360423</Y></Vertex>
	<Vertex>
	<X>17.907400</X>
	<Y>10.231776</Y></Vertex>
	<Vertex>
	<X>16.784580</X>
	<Y>11.997040</Y></Vertex>
	<Vertex>
	<X>15.992091</X>
	<Y>13.036541</Y></Vertex>
	<Vertex>
	<X>15.739700</X>
	<Y>12.832816</Y></Vertex>
	<Vertex>
	<X>14.943859</X>
	<Y>13.754205</Y></Vertex>
	<Vertex>
	<X>14.293084</X>
	<Y>14.429220</Y></Vertex>
	<Vertex>
	<X>14.521864</X>
	<Y>14.660213</Y></Vertex>
	<Vertex>
	<X>14.161592</X>
	<Y>15.008196</Y></Vertex>
	<Vertex>
	<X>13.789803</X>
	<Y>15.349021</Y></Vertex>
	<Vertex>
	<X>13.573084</X>
	<Y>15.107376</Y></Vertex>
	<Vertex>
	<X>13.253652</X>
	<Y>15.387248</Y></Vertex>
	<Vertex>
	<X>11.799622</X>
	<Y>16.524236</Y></Vertex>
	<Vertex>
	<X>11.988166</X>
	<Y>16.789708</Y></Vertex>
	<Vertex>
	<X>10.944969</X>
	<Y>17.482593</Y></Vertex>
	<Vertex>
	<X>10.774543</X>
	<Y>17.206354</Y></Vertex>
	<Vertex>
	<X>10.479040</X>
	<Y>17.386152</Y></Vertex>
	<Vertex>
	<X>8.915972</X>
	<Y>18.228005</Y></Vertex>
	<Vertex>
	<X>9.057552</X>
	<Y>18.521225</Y></Vertex>
	<Vertex>
	<X>8.664411</X>
	<Y>18.706081</Y></Vertex>
	<Vertex>
	<X>7.912011</X>
	<Y>19.030789</Y></Vertex>
	<Vertex>
	<X>7.790114</X>
	<Y>18.729960</Y></Vertex>
	<Vertex>
	<X>7.388413</X>
	<Y>18.888677</Y></Vertex>
	<Vertex>
	<X>5.631204</X>
	<Y>19.471336</Y></Vertex>
	<Vertex>
	<X>5.719288</X>
	<Y>19.784805</Y></Vertex>
	<Vertex>
	<X>5.461401</X>
	<Y>19.843089</Y></Vertex>
	<Vertex>
	<X>4.890456</X>
	<Y>19.999933</Y></Vertex>
	<Vertex>
	<X>3.302664</X>
	<Y>20.307525</Y></Vertex>
	<Vertex>
	<X>3.252628</X>
	<Y>19.986284</Y></Vertex>
	<Vertex>
	<X>2.796918</X>
	<Y>20.051545</Y></Vertex>
	<Vertex>
	<X>2.838766</X>
	<Y>20.373957</Y></Vertex>
	<Vertex>
	<X>1.610754</X>
	<Y>20.495585</Y></Vertex>
	<Vertex>
	<X>1.588553</X>
	<Y>20.171225</Y></Vertex>
	<Vertex>
	<X>1.150361</X>
	<Y>20.194407</Y></Vertex>
	<Vertex>
	<X>1.165490</X>
	<Y>20.520445</Y></Vertex>
	<Vertex>
	<X>0.969014</X>
	<Y>20.529509</Y></Vertex>
	<Vertex>
	<X>0.957080</X>
	<Y>20.204610</Y></Vertex>
	<Vertex>
	<X>0.620206</X>
	<Y>20.214141</Y></Vertex>
	<Vertex>
	<X>0.626664</X>
	<Y>20.539193</Y></Vertex>
	<Vertex>
	<X>-0.086064</X>
	<Y>20.540849</Y></Vertex>
	<Vertex>
	<X>-0.081114</X>
	<Y>20.215765</Y></Vertex>
	<Vertex>
	<X>-0.532828</X>
	<Y>20.203820</Y></Vertex>
	<Vertex>
	<X>-0.545118</X>
	<Y>20.528668</Y></Vertex>
	<Vertex>
	<X>-1.175132</X>
	<Y>20.495033</Y></Vertex>
	<Vertex>
	<X>-1.152758</X>
	<Y>20.170685</Y></Vertex>
	<Vertex>
	<X>-1.504456</X>
	<Y>20.143302</Y></Vertex>
	<Vertex>
	<X>-1.532548</X>
	<Y>20.467209</Y></Vertex>
	<Vertex>
	<X>-2.217222</X>
	<Y>20.396089</Y></Vertex>
	<Vertex>
	<X>-2.179041</X>
	<Y>20.073660</Y></Vertex>
	<Vertex>
	<X>-2.723124</X>
	<Y>19.999797</Y></Vertex>
	<Vertex>
	<X>-3.216697</X>
	<Y>19.919897</Y></Vertex>
	<Vertex>
	<X>-3.271778</X>
	<Y>20.240301</Y></Vertex>
	<Vertex>
	<X>-3.628952</X>
	<Y>20.174725</Y></Vertex>
	<Vertex>
	<X>-3.567319</X>
	<Y>19.855501</Y></Vertex>
	<Vertex>
	<X>-3.872129</X>
	<Y>19.794189</Y></Vertex>
	<Vertex>
	<X>-3.938719</X>
	<Y>20.112412</Y></Vertex>
	<Vertex>
	<X>-4.770857</X>
	<Y>19.919945</Y></Vertex>
	<Vertex>
	<X>-4.690952</X>
	<Y>19.604801</Y></Vertex>
	<Vertex>
	<X>-5.107078</X>
	<Y>19.494511</Y></Vertex>
	<Vertex>
	<X>-5.193750</X>
	<Y>19.807865</Y></Vertex>
	<Vertex>
	<X>-5.781752</X>
	<Y>19.635621</Y></Vertex>
	<Vertex>
	<X>-5.687815</X>
	<Y>19.324317</Y></Vertex>
	<Vertex>
	<X>-6.112129</X>
	<Y>19.187877</Y></Vertex>
	<Vertex>
	<X>-6.565537</X>
	<Y>19.030241</Y></Vertex>
	<Vertex>
	<X>-6.678483</X>
	<Y>19.335197</Y></Vertex>
	<Vertex>
	<X>-7.047870</X>
	<Y>19.197757</Y></Vertex>
	<Vertex>
	<X>-6.931033</X>
	<Y>18.894363</Y></Vertex>
	<Vertex>
	<X>-7.723439</X>
	<Y>18.571137</Y></Vertex>
	<Vertex>
	<X>-7.853121</X>
	<Y>18.869253</Y></Vertex>
	<Vertex>
	<X>-7.899985</X>
	<Y>18.848889</Y></Vertex>
	<Vertex>
	<X>-7.770015</X>
	<Y>18.550877</Y></Vertex>
	<Vertex>
	<X>-8.011539</X>
	<Y>18.443636</Y></Vertex>
	<Vertex>
	<X>-8.145436</X>
	<Y>18.739905</Y></Vertex>
	<Vertex>
	<X>-8.895329</X>
	<Y>18.382357</Y></Vertex>
	<Vertex>
	<X>-8.749433</X>
	<Y>18.091809</Y></Vertex>
	<Vertex>
	<X>-9.148784</X>
	<Y>17.885620</Y></Vertex>
	<Vertex>
	<X>-9.301176</X>
	<Y>18.172817</Y></Vertex>
	<Vertex>
	<X>-9.589973</X>
	<Y>18.014796</Y></Vertex>
	<Vertex>
	<X>-10.447293</X>
	<Y>17.516061</Y></Vertex>
	<Vertex>
	<X>-10.276566</X>
	<Y>17.239373</Y></Vertex>
	<Vertex>
	<X>-10.656376</X>
	<Y>16.999077</Y></Vertex>
	<Vertex>
	<X>-10.833278</X>
	<Y>17.271857</Y></Vertex>
	<Vertex>
	<X>-11.200939</X>
	<Y>17.027705</Y></Vertex>
	<Vertex>
	<X>-11.017714</X>
	<Y>16.759143</Y></Vertex>
	<Vertex>
	<X>-11.715011</X>
	<Y>16.262996</Y></Vertex>
	<Vertex>
	<X>-11.909529</X>
	<Y>16.523477</Y></Vertex>
	<Vertex>
	<X>-11.950484</X>
	<Y>16.492921</Y></Vertex>
	<Vertex>
	<X>-11.755706</X>
	<Y>16.232605</Y></Vertex>
	<Vertex>
	<X>-11.966243</X>
	<Y>16.072896</Y></Vertex>
	<Vertex>
	<X>-12.164444</X>
	<Y>16.330609</Y></Vertex>
	<Vertex>
	<X>-12.451000</X>
	<Y>16.106121</Y></Vertex>
	<Vertex>
	<X>-12.248214</X>
	<Y>15.851993</Y></Vertex>
	<Vertex>
	<X>-12.536310</X>
	<Y>15.617680</Y></Vertex>
	<Vertex>
	<X>-12.743782</X>
	<Y>15.868001</Y></Vertex>
	<Vertex>
	<X>-12.793556</X>
	<Y>15.826421</Y></Vertex>
	<Vertex>
	<X>-13.194515</X>
	<Y>15.482149</Y></Vertex>
	<Vertex>
	<X>-12.979832</X>
	<Y>15.238008</Y></Vertex>
	<Vertex>
	<X>-13.220534</X>
	<Y>15.020325</Y></Vertex>
	<Vertex>
	<X>-13.273382</X>
	<Y>14.974393</Y></Vertex>
	<Vertex>
	<X>-13.492837</X>
	<Y>15.214249</Y></Vertex>
	<Vertex>
	<X>-13.908680</X>
	<Y>14.824225</Y></Vertex>
	<Vertex>
	<X>-13.681564</X>
	<Y>14.591612</Y></Vertex>
	<Vertex>
	<X>-14.040327</X>
	<Y>14.235573</Y></Vertex>
	<Vertex>
	<X>-14.347620</X>
	<Y>13.915963</Y></Vertex>
	<Vertex>
	<X>-14.583230</X>
	<Y>14.139773</Y></Vertex>
	<Vertex>
	<X>-14.886591</X>
	<Y>13.809077</Y></Vertex>
	<Vertex>
	<X>-14.642245</X>
	<Y>13.594865</Y></Vertex>
	<Vertex>
	<X>-14.975730</X>
	<Y>13.215030</Y></Vertex>
	<Vertex>
	<X>-15.278110</X>
	<Y>12.852745</Y></Vertex>
	<Vertex>
	<X>-15.530204</X>
	<Y>13.057985</Y></Vertex>
	<Vertex>
	<X>-15.710113</X>
	<Y>12.833987</Y></Vertex>
	<Vertex>
	<X>-16.922320</X>
	<Y>11.128866</Y></Vertex>
	<Vertex>
	<X>-17.952777</X>
	<Y>9.308145</Y></Vertex>
	<Vertex>
	<X>-18.648824</X>
	<Y>7.708702</Y></Vertex>
	<Vertex>
	<X>-18.757921</X>
	<Y>7.472793</Y></Vertex>
	<Vertex>
	<X>-18.454950</X>
	<Y>7.357058</Y></Vertex>
	<Vertex>
	<X>-18.855325</X>
	<Y>6.206159</Y></Vertex>
	<Vertex>
	<X>-19.114511</X>
	<Y>5.305069</Y></Vertex>
	<Vertex>
	<X>-19.428946</X>
	<Y>5.387697</Y></Vertex>
	<Vertex>
	<X>-19.659443</X>
	<Y>4.409311</Y></Vertex>
	<Vertex>
	<X>-19.341620</X>
	<Y>4.343423</Y></Vertex>
	<Vertex>
	<X>-19.424475</X>
	<Y>3.925876</Y></Vertex>
	<Vertex>
	<X>-19.682121</X>
	<Y>2.098157</Y></Vertex>
	<Vertex>
	<X>-20.006296</X>
	<Y>2.128707</Y></Vertex>
	<Vertex>
	<X>-20.060109</X>
	<Y>1.431923</Y></Vertex>
	<Vertex>
	<X>-20.084760</X>
	<Y>0.878829</Y></Vertex>
	<Vertex>
	<X>-19.760314</X>
	<Y>0.869356</Y></Vertex>
	<Vertex>
	<X>-19.768270</X>
	<Y>0.523543</Y></Vertex>
	<Vertex>
	<X>-19.715834</X>
	<Y>-1.250019</Y></Vertex>
	<Vertex>
	<X>-20.040729</X>
	<Y>-1.275051</Y></Vertex>
	<Vertex>
	<X>-20.027666</X>
	<Y>-1.447997</Y></Vertex>
	<Vertex>
	<X>-19.914753</X>
	<Y>-2.478713</Y></Vertex>
	<Vertex>
	<X>-19.909051</X>
	<Y>-2.521885</Y></Vertex>
	<Vertex>
	<X>-19.587583</X>
	<Y>-2.477041</Y></Vertex>
	<Vertex>
	<X>-19.524183</X>
	<Y>-2.904280</Y></Vertex>
	<Vertex>
	<X>-19.150175</X>
	<Y>-4.717400</Y></Vertex>
	<Vertex>
	<X>-19.465693</X>
	<Y>-4.797850</Y></Vertex>
	<Vertex>
	<X>-19.426803</X>
	<Y>-4.951716</Y></Vertex>
	<Vertex>
	<X>-18.790566</X>
	<Y>-6.944722</Y></Vertex>
	<Vertex>
	<X>-18.710067</X>
	<Y>-7.152069</Y></Vertex>
	<Vertex>
	<X>-18.406843</X>
	<Y>-7.034778</Y></Vertex>
	<Vertex>
	<X>-18.235508</X>
	<Y>-7.462067</Y></Vertex>
	<Vertex>
	<X>-18.535649</X>
	<Y>-7.587030</Y></Vertex>
	<Vertex>
	<X>-18.026973</X>
	<Y>-8.711335</Y></Vertex>
	<Vertex>
	<X>-17.734969</X>
	<Y>-8.568382</Y></Vertex>
	<Vertex>
	<X>-17.536297</X>
	<Y>-8.958801</Y></Vertex>
	<Vertex>
	<X>-17.825871</X>
	<Y>-9.109370</Y></Vertex>
	<Vertex>
	<X>-17.735486</X>
	<Y>-9.284059</Y></Vertex>
	<Vertex>
	<X>-17.448146</X>
	<Y>-9.131944</Y></Vertex>
	<Vertex>
	<X>-17.287964</X>
	<Y>-9.428451</Y></Vertex>
	<Vertex>
	<X>-17.572697</X>
	<Y>-9.585387</Y></Vertex>
	<Vertex>
	<X>-17.217766</X>
	<Y>-10.203453</Y></Vertex>
	<Vertex>
	<X>-16.938710</X>
	<Y>-10.036627</Y></Vertex>
	<Vertex>
	<X>-16.702510</X>
	<Y>-10.421847</Y></Vertex>
	<Vertex>
	<X>-16.977692</X>
	<Y>-10.594917</Y></Vertex>
	<Vertex>
	<X>-16.633554</X>
	<Y>-11.123705</Y></Vertex>
	<Vertex>
	<X>-16.363844</X>
	<Y>-10.942154</Y></Vertex>
	<Vertex>
	<X>-16.164285</X>
	<Y>-11.233045</Y></Vertex>
	<Vertex>
	<X>-16.430749</X>
	<Y>-11.419325</Y></Vertex>
	<Vertex>
	<X>-16.026820</X>
	<Y>-11.976711</Y></Vertex>
	<Vertex>
	<X>-15.766641</X>
	<Y>-11.782400</Y></Vertex>
	<Vertex>
	<X>-15.430675</X>
	<Y>-12.216692</Y></Vertex>
	<Vertex>
	<X>-15.114688</X>
	<Y>-12.604184</Y></Vertex>
	<Vertex>
	<X>-15.364626</X>
	<Y>-12.812088</Y></Vertex>
	<Vertex>
	<X>-15.129249</X>
	<Y>-13.088624</Y></Vertex>
	<Vertex>
	<X>-14.883610</X>
	<Y>-12.875635</Y></Vertex>
	<Vertex>
	<X>-14.678106</X>
	<Y>-13.108951</Y></Vertex>
	<Vertex>
	<X>-14.920404</X>
	<Y>-13.325734</Y></Vertex>
	<Vertex>
	<X>-14.337653</X>
	<Y>-13.950153</Y></Vertex>
	<Vertex>
	<X>-14.104679</X>
	<Y>-13.723379</Y></Vertex>
	<Vertex>
	<X>-13.801103</X>
	<Y>-14.028611</Y></Vertex>
	<Vertex>
	<X>-14.029140</X>
	<Y>-14.260348</Y></Vertex>
	<Vertex>
	<X>-13.585973</X>
	<Y>-14.683451</Y></Vertex>
	<Vertex>
	<X>-13.363345</X>
	<Y>-14.446449</Y></Vertex>
	<Vertex>
	<X>-13.033024</X>
	<Y>-14.745693</Y></Vertex>
	<Vertex>
	<X>-12.669805</X>
	<Y>-15.059538</Y></Vertex>
	<Vertex>
	<X>-12.877430</X>
	<Y>-15.309829</Y></Vertex>
	<Vertex>
	<X>-12.573712</X>
	<Y>-15.561010</Y></Vertex>
	<Vertex>
	<X>-12.369387</X>
	<Y>-15.308131</Y></Vertex>
	<Vertex>
	<X>-11.693261</X>
	<Y>-15.832760</Y></Vertex>
	<Vertex>
	<X>-11.886593</X>
	<Y>-16.094123</Y></Vertex>
	<Vertex>
	<X>-11.845527</X>
	<Y>-16.124529</Y></Vertex>
	<Vertex>
	<X>-11.652427</X>
	<Y>-15.862965</Y></Vertex>
	<Vertex>
	<X>-11.438792</X>
	<Y>-16.018511</Y></Vertex>
	<Vertex>
	<X>-11.628418</X>
	<Y>-16.282603</Y></Vertex>
	<Vertex>
	<X>-10.943823</X>
	<Y>-16.753253</Y></Vertex>
	<Vertex>
	<X>-10.765150</X>
	<Y>-16.481632</Y></Vertex>
	<Vertex>
	<X>-10.386912</X>
	<Y>-16.724388</Y></Vertex>
	<Vertex>
	<X>-10.559434</X>
	<Y>-16.999958</Y></Vertex>
	<Vertex>
	<X>-9.417607</X>
	<Y>-17.664148</Y></Vertex>
	<Vertex>
	<X>-9.263354</X>
	<Y>-17.377950</Y></Vertex>
	<Vertex>
	<X>-8.865351</X>
	<Y>-17.586728</Y></Vertex>
	<Vertex>
	<X>-9.013131</X>
	<Y>-17.876318</Y></Vertex>
	<Vertex>
	<X>-8.617857</X>
	<Y>-18.072645</Y></Vertex>
	<Vertex>
	<X>-8.476890</X>
	<Y>-17.779686</Y></Vertex>
	<Vertex>
	<X>-7.698566</X>
	<Y>-18.135489</Y></Vertex>
	<Vertex>
	<X>-7.826889</X>
	<Y>-18.434189</Y></Vertex>
	<Vertex>
	<X>-7.779949</X>
	<Y>-18.454379</Y></Vertex>
	<Vertex>
	<X>-7.651900</X>
	<Y>-18.155539</Y></Vertex>
	<Vertex>
	<X>-7.408316</X>
	<Y>-18.258011</Y></Vertex>
	<Vertex>
	<X>-7.532404</X>
	<Y>-18.558519</Y></Vertex>
	<Vertex>
	<X>-7.194709</X>
	<Y>-18.694437</Y></Vertex>
	<Vertex>
	<X>-7.076022</X>
	<Y>-18.391755</Y></Vertex>
	<Vertex>
	<X>-6.729057</X>
	<Y>-18.524101</Y></Vertex>
	<Vertex>
	<X>-6.842101</X>
	<Y>-18.828936</Y></Vertex>
	<Vertex>
	<X>-6.282579</X>
	<Y>-19.026356</Y></Vertex>
	<Vertex>
	<X>-6.178486</X>
	<Y>-18.718364</Y></Vertex>
	<Vertex>
	<X>-5.869618</X>
	<Y>-18.817976</Y></Vertex>
	<Vertex>
	<X>-5.803413</X>
	<Y>-18.840775</Y></Vertex>
	<Vertex>
	<X>-5.901407</X>
	<Y>-19.150760</Y></Vertex>
	<Vertex>
	<X>-5.455938</X>
	<Y>-19.287007</Y></Vertex>
	<Vertex>
	<X>-5.355716</X>
	<Y>-19.315879</Y></Vertex>
	<Vertex>
	<X>-5.267823</X>
	<Y>-19.002883</Y></Vertex>
	<Vertex>
	<X>-4.780103</X>
	<Y>-19.135562</Y></Vertex>
	<Vertex>
	<X>-4.349664</X>
	<Y>-19.241873</Y></Vertex>
	<Vertex>
	<X>-4.425687</X>
	<Y>-19.557830</Y></Vertex>
	<Vertex>
	<X>-3.987616</X>
	<Y>-19.655202</Y></Vertex>
	<Vertex>
	<X>-3.924277</X>
	<Y>-19.336486</Y></Vertex>
	<Vertex>
	<X>-3.428587</X>
	<Y>-19.435373</Y></Vertex>
	<Vertex>
	<X>-2.963646</X>
	<Y>-19.516061</Y></Vertex>
	<Vertex>
	<X>-3.015346</X>
	<Y>-19.837041</Y></Vertex>
	<Vertex>
	<X>-1.345006</X>
	<Y>-20.036195</Y></Vertex>
	<Vertex>
	<X>0.746398</X>
	<Y>-20.090063</Y></Vertex></VertexList>
	<Slice>
	<Region>
	<Tag>main</Tag>
	<contourTraj>2</contourTraj>
	<hatchTraj>3</hatchTraj>
	<Type>Outer</Type>
	<Edge>
	<Start>1</Start>
	<End>2</End>
	<Normal>
	<Nx>0</Nx>
	<Ny>0</Ny>
	<Nz>0</Nz></Normal></Edge>
	<Edge>
	<Start>2</Start>
	<End>3</End>
	<Normal>
	<Nx>0</Nx>
	<Ny>0</Ny>
	<Nz>0</Nz></Normal></Edge>
	<Edge>
	<Start>3</Start>
	<End>4</End>
	<Normal>
	<Nx>0</Nx>
	<Ny>0</Ny>
	<Nz>0</Nz></Normal></Edge>
	<Edge>
	<Start>4</Start>
	<End>5</End>
	<Normal>
	<Nx>0</Nx>
	<Ny>0</Ny>
	<Nz>0</Nz></Normal></Edge>
	<Edge>
	<Start>5</Start>
	<End>6</End>
	<Normal>
	<Nx>0</Nx>
	<Ny>0</Ny>
	<Nz>0</Nz></Normal></Edge>
	<Edge>
	<Start>6</Start>
	<End>7</End>
	<Normal>
	<Nx>0</Nx>
	<Ny>0</Ny>
	<Nz>0</Nz></Normal></Edge>
	<Edge>
	<Start>7</Start>
	<End>8</End>
	<Normal>
	<Nx>0</Nx>
	<Ny>0</Ny>
	<Nz>0</Nz></Normal></Edge>
	<Edge>
	<Start>8</Start>
	<End>9</End>
	<Normal>
	<Nx>0</Nx>
	<Ny>0</Ny>
	<Nz>0</Nz></Normal></Edge>
	<Edge>
	<Start>9</Start>
	<End>10</End>
	<Normal>
	<Nx>0</Nx>
	<Ny>0</Ny>
	<Nz>0</Nz></Normal></Edge>
	<Edge>
	<Start>10</Start>
	<End>11</End>
	<Normal>
	<Nx>0</Nx>
	<Ny>0</Ny>
	<Nz>0</Nz></Normal></Edge>
	<Edge>
	<Start>11</Start>
	<End>12</End>
	<Normal>
	<Nx>0</Nx>
	<Ny>0</Ny>
	<Nz>0</Nz></Normal></Edge>
	<Edge>
	<Start>12</Start>
	<End>13</End>
	<Normal>
	<Nx>0</Nx>
	<Ny>0</Ny>
	<Nz>0</Nz></Normal></Edge>
	<Edge>
	<Start>13</Start>
	<End>14</End>
	<Normal>
	<Nx>0</Nx>
	<Ny>0</Ny>
	<Nz>0</Nz></Normal></Edge>
	<Edge>
	<Start>14</Start>
	<End>15</End>
	<Normal>
	<Nx>0</Nx>
	<Ny>0</Ny>
	<Nz>0</Nz></Normal></Edge>
	<Edge>
	<Start>15</Start>
	<End>16</End>
	<Normal>
	<Nx>0</Nx>
	<Ny>0</Ny>
	<Nz>0</Nz></Normal></Edge>
	<Edge>
	<Start>16</Start>
	<End>17</End>
	<Normal>
	<Nx>0</Nx>
	<Ny>0</Ny>
	<Nz>0</Nz></Normal></Edge>
	<Edge>
	<Start>17</Start>
	<End>18</End>
	<Normal>
	<Nx>0</Nx>
	<Ny>0</Ny>
	<Nz>0</Nz></Normal></Edge>
	<Edge>
	<Start>18</Start>
	<End>19</End>
	<Normal>
	<Nx>0</Nx>
	<Ny>0</Ny>
	<Nz>0</Nz></Normal></Edge>
	<Edge>
	<Start>19</Start>
	<End>20</End>
	<Normal>
	<Nx>0</Nx>
	<Ny>0</Ny>
	<Nz>0</Nz></Normal></Edge>
	<Edge>
	<Start>20</Start>
	<End>21</End>
	<Normal>
	<Nx>0</Nx>
	<Ny>0</Ny>
	<Nz>0</Nz></Normal></Edge>
	<Edge>
	<Start>21</Start>
	<End>22</End>
	<Normal>
	<Nx>0</Nx>
	<Ny>0</Ny>
	<Nz>0</Nz></Normal></Edge>
	<Edge>
	<Start>22</Start>
	<End>23</End>
	<Normal>
	<Nx>0</Nx>
	<Ny>0</Ny>
	<Nz>0</Nz></Normal></Edge>
	<Edge>
	<Start>23</Start>
	<End>24</End>
	<Normal>
	<Nx>0</Nx>
	<Ny>0</Ny>
	<Nz>0</Nz></Normal></Edge>
	<Edge>
	<Start>24</Start>
	<End>25</End>
	<Normal>
	<Nx>0</Nx>
	<Ny>0</Ny>
	<Nz>0</Nz></Normal></Edge>
	<Edge>
	<Start>25</Start>
	<End>26</End>
	<Normal>
	<Nx>0</Nx>
	<Ny>0</Ny>
	<Nz>0</Nz></Normal></Edge>
	<Edge>
	<Start>26</Start>
	<End>27</End>
	<Normal>
	<Nx>0</Nx>
	<Ny>0</Ny>
	<Nz>0</Nz></Normal></Edge>
	<Edge>
	<Start>27</Start>
	<End>28</End>
	<Normal>
	<Nx>0</Nx>
	<Ny>0</Ny>
	<Nz>0</Nz></Normal></Edge>
	<Edge>
	<Start>28</Start>
	<End>29</End>
	<Normal>
	<Nx>0</Nx>
	<Ny>0</Ny>
	<Nz>0</Nz></Normal></Edge>
	<Edge>
	<Start>29</Start>
	<End>30</End>
	<Normal>
	<Nx>0</Nx>
	<Ny>0</Ny>
	<Nz>0</Nz></Normal></Edge>
	<Edge>
	<Start>30</Start>
	<End>31</End>
	<Normal>
	<Nx>0</Nx>
	<Ny>0</Ny>
	<Nz>0</Nz></Normal></Edge>
	<Edge>
	<Start>31</Start>
	<End>32</End>
	<Normal>
	<Nx>0</Nx>
	<Ny>0</Ny>
	<Nz>0</Nz></Normal></Edge>
	<Edge>
	<Start>32</Start>
	<End>33</End>
	<Normal>
	<Nx>0</Nx>
	<Ny>0</Ny>
	<Nz>0</Nz></Normal></Edge>
	<Edge>
	<Start>33</Start>
	<End>34</End>
	<Normal>
	<Nx>0</Nx>
	<Ny>0</Ny>
	<Nz>0</Nz></Normal></Edge>
	<Edge>
	<Start>34</Start>
	<End>35</End>
	<Normal>
	<Nx>0</Nx>
	<Ny>0</Ny>
	<Nz>0</Nz></Normal></Edge>
	<Edge>
	<Start>35</Start>
	<End>36</End>
	<Normal>
	<Nx>0</Nx>
	<Ny>0</Ny>
	<Nz>0</Nz></Normal></Edge>
	<Edge>
	<Start>36</Start>
	<End>37</End>
	<Normal>
	<Nx>0</Nx>
	<Ny>0</Ny>
	<Nz>0</Nz></Normal></Edge>
	<Edge>
	<Start>37</Start>
	<End>38</End>
	<Normal>
	<Nx>0</Nx>
	<Ny>0</Ny>
	<Nz>0</Nz></Normal></Edge>
	<Edge>
	<Start>38</Start>
	<End>39</End>
	<Normal>
	<Nx>0</Nx>
	<Ny>0</Ny>
	<Nz>0</Nz></Normal></Edge>
	<Edge>
	<Start>39</Start>
	<End>40</End>
	<Normal>
	<Nx>0</Nx>
	<Ny>0</Ny>
	<Nz>0</Nz></Normal></Edge>
	<Edge>
	<Start>40</Start>
	<End>41</End>
	<Normal>
	<Nx>0</Nx>
	<Ny>0</Ny>
	<Nz>0</Nz></Normal></Edge>
	<Edge>
	<Start>41</Start>
	<End>42</End>
	<Normal>
	<Nx>0</Nx>
	<Ny>0</Ny>
	<Nz>0</Nz></Normal></Edge>
	<Edge>
	<Start>42</Start>
	<End>43</End>
	<Normal>
	<Nx>0</Nx>
	<Ny>0</Ny>
	<Nz>0</Nz></Normal></Edge>
	<Edge>
	<Start>43</Start>
	<End>44</End>
	<Normal>
	<Nx>0</Nx>
	<Ny>0</Ny>
	<Nz>0</Nz></Normal></Edge>
	<Edge>
	<Start>44</Start>
	<End>45</End>
	<Normal>
	<Nx>0</Nx>
	<Ny>0</Ny>
	<Nz>0</Nz></Normal></Edge>
	<Edge>
	<Start>45</Start>
	<End>46</End>
	<Normal>
	<Nx>0</Nx>
	<Ny>0</Ny>
	<Nz>0</Nz></Normal></Edge>
	<Edge>
	<Start>46</Start>
	<End>47</End>
	<Normal>
	<Nx>0</Nx>
	<Ny>0</Ny>
	<Nz>0</Nz></Normal></Edge>
	<Edge>
	<Start>47</Start>
	<End>48</End>
	<Normal>
	<Nx>0</Nx>
	<Ny>0</Ny>
	<Nz>0</Nz></Normal></Edge>
	<Edge>
	<Start>48</Start>
	<End>49</End>
	<Normal>
	<Nx>0</Nx>
	<Ny>0</Ny>
	<Nz>0</Nz></Normal></Edge>
	<Edge>
	<Start>49</Start>
	<End>50</End>
	<Normal>
	<Nx>0</Nx>
	<Ny>0</Ny>
	<Nz>0</Nz></Normal></Edge>
	<Edge>
	<Start>50</Start>
	<End>51</End>
	<Normal>
	<Nx>0</Nx>
	<Ny>0</Ny>
	<Nz>0</Nz></Normal></Edge>
	<Edge>
	<Start>51</Start>
	<End>52</End>
	<Normal>
	<Nx>0</Nx>
	<Ny>0</Ny>
	<Nz>0</Nz></Normal></Edge>
	<Edge>
	<Start>52</Start>
	<End>53</End>
	<Normal>
	<Nx>0</Nx>
	<Ny>0</Ny>
	<Nz>0</Nz></Normal></Edge>
	<Edge>
	<Start>53</Start>
	<End>54</End>
	<Normal>
	<Nx>0</Nx>
	<Ny>0</Ny>
	<Nz>0</Nz></Normal></Edge>
	<Edge>
	<Start>54</Start>
	<End>55</End>
	<Normal>
	<Nx>0</Nx>
	<Ny>0</Ny>
	<Nz>0</Nz></Normal></Edge>
	<Edge>
	<Start>55</Start>
	<End>56</End>
	<Normal>
	<Nx>0</Nx>
	<Ny>0</Ny>
	<Nz>0</Nz></Normal></Edge>
	<Edge>
	<Start>56</Start>
	<End>57</End>
	<Normal>
	<Nx>0</Nx>
	<Ny>0</Ny>
	<Nz>0</Nz></Normal></Edge>
	<Edge>
	<Start>57</Start>
	<End>58</End>
	<Normal>
	<Nx>0</Nx>
	<Ny>0</Ny>
	<Nz>0</Nz></Normal></Edge>
	<Edge>
	<Start>58</Start>
	<End>59</End>
	<Normal>
	<Nx>0</Nx>
	<Ny>0</Ny>
	<Nz>0</Nz></Normal></Edge>
	<Edge>
	<Start>59</Start>
	<End>60</End>
	<Normal>
	<Nx>0</Nx>
	<Ny>0</Ny>
	<Nz>0</Nz></Normal></Edge>
	<Edge>
	<Start>60</Start>
	<End>61</End>
	<Normal>
	<Nx>0</Nx>
	<Ny>0</Ny>
	<Nz>0</Nz></Normal></Edge>
	<Edge>
	<Start>61</Start>
	<End>62</End>
	<Normal>
	<Nx>0</Nx>
	<Ny>0</Ny>
	<Nz>0</Nz></Normal></Edge>
	<Edge>
	<Start>62</Start>
	<End>63</End>
	<Normal>
	<Nx>0</Nx>
	<Ny>0</Ny>
	<Nz>0</Nz></Normal></Edge>
	<Edge>
	<Start>63</Start>
	<End>64</End>
	<Normal>
	<Nx>0</Nx>
	<Ny>0</Ny>
	<Nz>0</Nz></Normal></Edge>
	<Edge>
	<Start>64</Start>
	<End>65</End>
	<Normal>
	<Nx>0</Nx>
	<Ny>0</Ny>
	<Nz>0</Nz></Normal></Edge>
	<Edge>
	<Start>65</Start>
	<End>66</End>
	<Normal>
	<Nx>0</Nx>
	<Ny>0</Ny>
	<Nz>0</Nz></Normal></Edge>
	<Edge>
	<Start>66</Start>
	<End>67</End>
	<Normal>
	<Nx>0</Nx>
	<Ny>0</Ny>
	<Nz>0</Nz></Normal></Edge>
	<Edge>
	<Start>67</Start>
	<End>68</End>
	<Normal>
	<Nx>0</Nx>
	<Ny>0</Ny>
	<Nz>0</Nz></Normal></Edge>
	<Edge>
	<Start>68</Start>
	<End>69</End>
	<Normal>
	<Nx>0</Nx>
	<Ny>0</Ny>
	<Nz>0</Nz></Normal></Edge>
	<Edge>
	<Start>69</Start>
	<End>70</End>
	<Normal>
	<Nx>0</Nx>
	<Ny>0</Ny>
	<Nz>0</Nz></Normal></Edge>
	<Edge>
	<Start>70</Start>
	<End>71</End>
	<Normal>
	<Nx>0</Nx>
	<Ny>0</Ny>
	<Nz>0</Nz></Normal></Edge>
	<Edge>
	<Start>71</Start>
	<End>72</End>
	<Normal>
	<Nx>0</Nx>
	<Ny>0</Ny>
	<Nz>0</Nz></Normal></Edge>
	<Edge>
	<Start>72</Start>
	<End>73</End>
	<Normal>
	<Nx>0</Nx>
	<Ny>0</Ny>
	<Nz>0</Nz></Normal></Edge>
	<Edge>
	<Start>73</Start>
	<End>74</End>
	<Normal>
	<Nx>0</Nx>
	<Ny>0</Ny>
	<Nz>0</Nz></Normal></Edge>
	<Edge>
	<Start>74</Start>
	<End>75</End>
	<Normal>
	<Nx>0</Nx>
	<Ny>0</Ny>
	<Nz>0</Nz></Normal></Edge>
	<Edge>
	<Start>75</Start>
	<End>76</End>
	<Normal>
	<Nx>0</Nx>
	<Ny>0</Ny>
	<Nz>0</Nz></Normal></Edge>
	<Edge>
	<Start>76</Start>
	<End>77</End>
	<Normal>
	<Nx>0</Nx>
	<Ny>0</Ny>
	<Nz>0</Nz></Normal></Edge>
	<Edge>
	<Start>77</Start>
	<End>78</End>
	<Normal>
	<Nx>0</Nx>
	<Ny>0</Ny>
	<Nz>0</Nz></Normal></Edge>
	<Edge>
	<Start>78</Start>
	<End>79</End>
	<Normal>
	<Nx>0</Nx>
	<Ny>0</Ny>
	<Nz>0</Nz></Normal></Edge>
	<Edge>
	<Start>79</Start>
	<End>80</End>
	<Normal>
	<Nx>0</Nx>
	<Ny>0</Ny>
	<Nz>0</Nz></Normal></Edge>
	<Edge>
	<Start>80</Start>
	<End>81</End>
	<Normal>
	<Nx>0</Nx>
	<Ny>0</Ny>
	<Nz>0</Nz></Normal></Edge>
	<Edge>
	<Start>81</Start>
	<End>82</End>
	<Normal>
	<Nx>0</Nx>
	<Ny>0</Ny>
	<Nz>0</Nz></Normal></Edge>
	<Edge>
	<Start>82</Start>
	<End>83</End>
	<Normal>
	<Nx>0</Nx>
	<Ny>0</Ny>
	<Nz>0</Nz></Normal></Edge>
	<Edge>
	<Start>83</Start>
	<End>84</End>
	<Normal>
	<Nx>0</Nx>
	<Ny>0</Ny>
	<Nz>0</Nz></Normal></Edge>
	<Edge>
	<Start>84</Start>
	<End>85</End>
	<Normal>
	<Nx>0</Nx>
	<Ny>0</Ny>
	<Nz>0</Nz></Normal></Edge>
	<Edge>
	<Start>85</Start>
	<End>86</End>
	<Normal>
	<Nx>0</Nx>
	<Ny>0</Ny>
	<Nz>0</Nz></Normal></Edge>
	<Edge>
	<Start>86</Start>
	<End>87</End>
	<Normal>
	<Nx>0</Nx>
	<Ny>0</Ny>
	<Nz>0</Nz></Normal></Edge>
	<Edge>
	<Start>87</Start>
	<End>88</End>
	<Normal>
	<Nx>0</Nx>
	<Ny>0</Ny>
	<Nz>0</Nz></Normal></Edge>
	<Edge>
	<Start>88</Start>
	<End>89</End>
	<Normal>
	<Nx>0</Nx>
	<Ny>0</Ny>
	<Nz>0</Nz></Normal></Edge>
	<Edge>
	<Start>89</Start>
	<End>90</End>
	<Normal>
	<Nx>0</Nx>
	<Ny>0</Ny>
	<Nz>0</Nz></Normal></Edge>
	<Edge>
	<Start>90</Start>
	<End>91</End>
	<Normal>
	<Nx>0</Nx>
	<Ny>0</Ny>
	<Nz>0</Nz></Normal></Edge>
	<Edge>
	<Start>91</Start>
	<End>92</End>
	<Normal>
	<Nx>0</Nx>
	<Ny>0</Ny>
	<Nz>0</Nz></Normal></Edge>
	<Edge>
	<Start>92</Start>
	<End>93</End>
	<Normal>
	<Nx>0</Nx>
	<Ny>0</Ny>
	<Nz>0</Nz></Normal></Edge>
	<Edge>
	<Start>93</Start>
	<End>94</End>
	<Normal>
	<Nx>0</Nx>
	<Ny>0</Ny>
	<Nz>0</Nz></Normal></Edge>
	<Edge>
	<Start>94</Start>
	<End>95</End>
	<Normal>
	<Nx>0</Nx>
	<Ny>0</Ny>
	<Nz>0</Nz></Normal></Edge>
	<Edge>
	<Start>95</Start>
	<End>96</End>
	<Normal>
	<Nx>0</Nx>
	<Ny>0</Ny>
	<Nz>0</Nz></Normal></Edge>
	<Edge>
	<Start>96</Start>
	<End>97</End>
	<Normal>
	<Nx>0</Nx>
	<Ny>0</Ny>
	<Nz>0</Nz></Normal></Edge>
	<Edge>
	<Start>97</Start>
	<End>98</End>
	<Normal>
	<Nx>0</Nx>
	<Ny>0</Ny>
	<Nz>0</Nz></Normal></Edge>
	<Edge>
	<Start>98</Start>
	<End>99</End>
	<Normal>
	<Nx>0</Nx>
	<Ny>0</Ny>
	<Nz>0</Nz></Normal></Edge>
	<Edge>
	<Start>99</Start>
	<End>100</End>
	<Normal>
	<Nx>0</Nx>
	<Ny>0</Ny>
	<Nz>0</Nz></Normal></Edge>
	<Edge>
	<Start>100</Start>
	<End>101</End>
	<Normal>
	<Nx>0</Nx>
	<Ny>0</Ny>
	<Nz>0</Nz></Normal></Edge>
	<Edge>
	<Start>101</Start>
	<End>102</End>
	<Normal>
	<Nx>0</Nx>
	<Ny>0</Ny>
	<Nz>0</Nz></Normal></Edge>
	<Edge>
	<Start>102</Start>
	<End>103</End>
	<Normal>
	<Nx>0</Nx>
	<Ny>0</Ny>
	<Nz>0</Nz></Normal></Edge>
	<Edge>
	<Start>103</Start>
	<End>104</End>
	<Normal>
	<Nx>0</Nx>
	<Ny>0</Ny>
	<Nz>0</Nz></Normal></Edge>
	<Edge>
	<Start>104</Start>
	<End>105</End>
	<Normal>
	<Nx>0</Nx>
	<Ny>0</Ny>
	<Nz>0</Nz></Normal></Edge>
	<Edge>
	<Start>105</Start>
	<End>106</End>
	<Normal>
	<Nx>0</Nx>
	<Ny>0</Ny>
	<Nz>0</Nz></Normal></Edge>
	<Edge>
	<Start>106</Start>
	<End>107</End>
	<Normal>
	<Nx>0</Nx>
	<Ny>0</Ny>
	<Nz>0</Nz></Normal></Edge>
	<Edge>
	<Start>107</Start>
	<End>108</End>
	<Normal>
	<Nx>0</Nx>
	<Ny>0</Ny>
	<Nz>0</Nz></Normal></Edge>
	<Edge>
	<Start>108</Start>
	<End>109</End>
	<Normal>
	<Nx>0</Nx>
	<Ny>0</Ny>
	<Nz>0</Nz></Normal></Edge>
	<Edge>
	<Start>109</Start>
	<End>110</End>
	<Normal>
	<Nx>0</Nx>
	<Ny>0</Ny>
	<Nz>0</Nz></Normal></Edge>
	<Edge>
	<Start>110</Start>
	<End>111</End>
	<Normal>
	<Nx>0</Nx>
	<Ny>0</Ny>
	<Nz>0</Nz></Normal></Edge>
	<Edge>
	<Start>111</Start>
	<End>112</End>
	<Normal>
	<Nx>0</Nx>
	<Ny>0</Ny>
	<Nz>0</Nz></Normal></Edge>
	<Edge>
	<Start>112</Start>
	<End>113</End>
	<Normal>
	<Nx>0</Nx>
	<Ny>0</Ny>
	<Nz>0</Nz></Normal></Edge>
	<Edge>
	<Start>113</Start>
	<End>114</End>
	<Normal>
	<Nx>0</Nx>
	<Ny>0</Ny>
	<Nz>0</Nz></Normal></Edge>
	<Edge>
	<Start>114</Start>
	<End>115</End>
	<Normal>
	<Nx>0</Nx>
	<Ny>0</Ny>
	<Nz>0</Nz></Normal></Edge>
	<Edge>
	<Start>115</Start>
	<End>116</End>
	<Normal>
	<Nx>0</Nx>
	<Ny>0</Ny>
	<Nz>0</Nz></Normal></Edge>
	<Edge>
	<Start>116</Start>
	<End>117</End>
	<Normal>
	<Nx>0</Nx>
	<Ny>0</Ny>
	<Nz>0</Nz></Normal></Edge>
	<Edge>
	<Start>117</Start>
	<End>118</End>
	<Normal>
	<Nx>0</Nx>
	<Ny>0</Ny>
	<Nz>0</Nz></Normal></Edge>
	<Edge>
	<Start>118</Start>
	<End>119</End>
	<Normal>
	<Nx>0</Nx>
	<Ny>0</Ny>
	<Nz>0</Nz></Normal></Edge>
	<Edge>
	<Start>119</Start>
	<End>120</End>
	<Normal>
	<Nx>0</Nx>
	<Ny>0</Ny>
	<Nz>0</Nz></Normal></Edge>
	<Edge>
	<Start>120</Start>
	<End>121</End>
	<Normal>
	<Nx>0</Nx>
	<Ny>0</Ny>
	<Nz>0</Nz></Normal></Edge>
	<Edge>
	<Start>121</Start>
	<End>122</End>
	<Normal>
	<Nx>0</Nx>
	<Ny>0</Ny>
	<Nz>0</Nz></Normal></Edge>
	<Edge>
	<Start>122</Start>
	<End>123</End>
	<Normal>
	<Nx>0</Nx>
	<Ny>0</Ny>
	<Nz>0</Nz></Normal></Edge>
	<Edge>
	<Start>123</Start>
	<End>124</End>
	<Normal>
	<Nx>0</Nx>
	<Ny>0</Ny>
	<Nz>0</Nz></Normal></Edge>
	<Edge>
	<Start>124</Start>
	<End>125</End>
	<Normal>
	<Nx>0</Nx>
	<Ny>0</Ny>
	<Nz>0</Nz></Normal></Edge>
	<Edge>
	<Start>125</Start>
	<End>126</End>
	<Normal>
	<Nx>0</Nx>
	<Ny>0</Ny>
	<Nz>0</Nz></Normal></Edge>
	<Edge>
	<Start>126</Start>
	<End>127</End>
	<Normal>
	<Nx>0</Nx>
	<Ny>0</Ny>
	<Nz>0</Nz></Normal></Edge>
	<Edge>
	<Start>127</Start>
	<End>128</End>
	<Normal>
	<Nx>0</Nx>
	<Ny>0</Ny>
	<Nz>0</Nz></Normal></Edge>
	<Edge>
	<Start>128</Start>
	<End>129</End>
	<Normal>
	<Nx>0</Nx>
	<Ny>0</Ny>
	<Nz>0</Nz></Normal></Edge>
	<Edge>
	<Start>129</Start>
	<End>130</End>
	<Normal>
	<Nx>0</Nx>
	<Ny>0</Ny>
	<Nz>0</Nz></Normal></Edge>
	<Edge>
	<Start>130</Start>
	<End>131</End>
	<Normal>
	<Nx>0</Nx>
	<Ny>0</Ny>
	<Nz>0</Nz></Normal></Edge>
	<Edge>
	<Start>131</Start>
	<End>132</End>
	<Normal>
	<Nx>0</Nx>
	<Ny>0</Ny>
	<Nz>0</Nz></Normal></Edge>
	<Edge>
	<Start>132</Start>
	<End>133</End>
	<Normal>
	<Nx>0</Nx>
	<Ny>0</Ny>
	<Nz>0</Nz></Normal></Edge>
	<Edge>
	<Start>133</Start>
	<End>134</End>
	<Normal>
	<Nx>0</Nx>
	<Ny>0</Ny>
	<Nz>0</Nz></Normal></Edge>
	<Edge>
	<Start>134</Start>
	<End>135</End>
	<Normal>
	<Nx>0</Nx>
	<Ny>0</Ny>
	<Nz>0</Nz></Normal></Edge>
	<Edge>
	<Start>135</Start>
	<End>136</End>
	<Normal>
	<Nx>0</Nx>
	<Ny>0</Ny>
	<Nz>0</Nz></Normal></Edge>
	<Edge>
	<Start>136</Start>
	<End>137</End>
	<Normal>
	<Nx>0</Nx>
	<Ny>0</Ny>
	<Nz>0</Nz></Normal></Edge>
	<Edge>
	<Start>137</Start>
	<End>138</End>
	<Normal>
	<Nx>0</Nx>
	<Ny>0</Ny>
	<Nz>0</Nz></Normal></Edge>
	<Edge>
	<Start>138</Start>
	<End>139</End>
	<Normal>
	<Nx>0</Nx>
	<Ny>0</Ny>
	<Nz>0</Nz></Normal></Edge>
	<Edge>
	<Start>139</Start>
	<End>140</End>
	<Normal>
	<Nx>0</Nx>
	<Ny>0</Ny>
	<Nz>0</Nz></Normal></Edge>
	<Edge>
	<Start>140</Start>
	<End>141</End>
	<Normal>
	<Nx>0</Nx>
	<Ny>0</Ny>
	<Nz>0</Nz></Normal></Edge>
	<Edge>
	<Start>141</Start>
	<End>142</End>
	<Normal>
	<Nx>0</Nx>
	<Ny>0</Ny>
	<Nz>0</Nz></Normal></Edge>
	<Edge>
	<Start>142</Start>
	<End>143</End>
	<Normal>
	<Nx>0</Nx>
	<Ny>0</Ny>
	<Nz>0</Nz></Normal></Edge>
	<Edge>
	<Start>143</Start>
	<End>144</End>
	<Normal>
	<Nx>0</Nx>
	<Ny>0</Ny>
	<Nz>0</Nz></Normal></Edge>
	<Edge>
	<Start>144</Start>
	<End>145</End>
	<Normal>
	<Nx>0</Nx>
	<Ny>0</Ny>
	<Nz>0</Nz></Normal></Edge>
	<Edge>
	<Start>145</Start>
	<End>146</End>
	<Normal>
	<Nx>0</Nx>
	<Ny>0</Ny>
	<Nz>0</Nz></Normal></Edge>
	<Edge>
	<Start>146</Start>
	<End>147</End>
	<Normal>
	<Nx>0</Nx>
	<Ny>0</Ny>
	<Nz>0</Nz></Normal></Edge>
	<Edge>
	<Start>147</Start>
	<End>148</End>
	<Normal>
	<Nx>0</Nx>
	<Ny>0</Ny>
	<Nz>0</Nz></Normal></Edge>
	<Edge>
	<Start>148</Start>
	<End>149</End>
	<Normal>
	<Nx>0</Nx>
	<Ny>0</Ny>
	<Nz>0</Nz></Normal></Edge>
	<Edge>
	<Start>149</Start>
	<End>150</End>
	<Normal>
	<Nx>0</Nx>
	<Ny>0</Ny>
	<Nz>0</Nz></Normal></Edge>
	<Edge>
	<Start>150</Start>
	<End>151</End>
	<Normal>
	<Nx>0</Nx>
	<Ny>0</Ny>
	<Nz>0</Nz></Normal></Edge>
	<Edge>
	<Start>151</Start>
	<End>152</End>
	<Normal>
	<Nx>0</Nx>
	<Ny>0</Ny>
	<Nz>0</Nz></Normal></Edge>
	<Edge>
	<Start>152</Start>
	<End>153</End>
	<Normal>
	<Nx>0</Nx>
	<Ny>0</Ny>
	<Nz>0</Nz></Normal></Edge>
	<Edge>
	<Start>153</Start>
	<End>154</End>
	<Normal>
	<Nx>0</Nx>
	<Ny>0</Ny>
	<Nz>0</Nz></Normal></Edge>
	<Edge>
	<Start>154</Start>
	<End>155</End>
	<Normal>
	<Nx>0</Nx>
	<Ny>0</Ny>
	<Nz>0</Nz></Normal></Edge>
	<Edge>
	<Start>155</Start>
	<End>156</End>
	<Normal>
	<Nx>0</Nx>
	<Ny>0</Ny>
	<Nz>0</Nz></Normal></Edge>
	<Edge>
	<Start>156</Start>
	<End>157</End>
	<Normal>
	<Nx>0</Nx>
	<Ny>0</Ny>
	<Nz>0</Nz></Normal></Edge>
	<Edge>
	<Start>157</Start>
	<End>158</End>
	<Normal>
	<Nx>0</Nx>
	<Ny>0</Ny>
	<Nz>0</Nz></Normal></Edge>
	<Edge>
	<Start>158</Start>
	<End>159</End>
	<Normal>
	<Nx>0</Nx>
	<Ny>0</Ny>
	<Nz>0</Nz></Normal></Edge>
	<Edge>
	<Start>159</Start>
	<End>160</End>
	<Normal>
	<Nx>0</Nx>
	<Ny>0</Ny>
	<Nz>0</Nz></Normal></Edge>
	<Edge>
	<Start>160</Start>
	<End>161</End>
	<Normal>
	<Nx>0</Nx>
	<Ny>0</Ny>
	<Nz>0</Nz></Normal></Edge>
	<Edge>
	<Start>161</Start>
	<End>162</End>
	<Normal>
	<Nx>0</Nx>
	<Ny>0</Ny>
	<Nz>0</Nz></Normal></Edge>
	<Edge>
	<Start>162</Start>
	<End>163</End>
	<Normal>
	<Nx>0</Nx>
	<Ny>0</Ny>
	<Nz>0</Nz></Normal></Edge>
	<Edge>
	<Start>163</Start>
	<End>164</End>
	<Normal>
	<Nx>0</Nx>
	<Ny>0</Ny>
	<Nz>0</Nz></Normal></Edge>
	<Edge>
	<Start>164</Start>
	<End>165</End>
	<Normal>
	<Nx>0</Nx>
	<Ny>0</Ny>
	<Nz>0</Nz></Normal></Edge>
	<Edge>
	<Start>165</Start>
	<End>166</End>
	<Normal>
	<Nx>0</Nx>
	<Ny>0</Ny>
	<Nz>0</Nz></Normal></Edge>
	<Edge>
	<Start>166</Start>
	<End>167</End>
	<Normal>
	<Nx>0</Nx>
	<Ny>0</Ny>
	<Nz>0</Nz></Normal></Edge>
	<Edge>
	<Start>167</Start>
	<End>168</End>
	<Normal>
	<Nx>0</Nx>
	<Ny>0</Ny>
	<Nz>0</Nz></Normal></Edge>
	<Edge>
	<Start>168</Start>
	<End>169</End>
	<Normal>
	<Nx>0</Nx>
	<Ny>0</Ny>
	<Nz>0</Nz></Normal></Edge>
	<Edge>
	<Start>169</Start>
	<End>170</End>
	<Normal>
	<Nx>0</Nx>
	<Ny>0</Ny>
	<Nz>0</Nz></Normal></Edge>
	<Edge>
	<Start>170</Start>
	<End>171</End>
	<Normal>
	<Nx>0</Nx>
	<Ny>0</Ny>
	<Nz>0</Nz></Normal></Edge>
	<Edge>
	<Start>171</Start>
	<End>172</End>
	<Normal>
	<Nx>0</Nx>
	<Ny>0</Ny>
	<Nz>0</Nz></Normal></Edge>
	<Edge>
	<Start>172</Start>
	<End>173</End>
	<Normal>
	<Nx>0</Nx>
	<Ny>0</Ny>
	<Nz>0</Nz></Normal></Edge>
	<Edge>
	<Start>173</Start>
	<End>174</End>
	<Normal>
	<Nx>0</Nx>
	<Ny>0</Ny>
	<Nz>0</Nz></Normal></Edge>
	<Edge>
	<Start>174</Start>
	<End>175</End>
	<Normal>
	<Nx>0</Nx>
	<Ny>0</Ny>
	<Nz>0</Nz></Normal></Edge>
	<Edge>
	<Start>175</Start>
	<End>176</End>
	<Normal>
	<Nx>0</Nx>
	<Ny>0</Ny>
	<Nz>0</Nz></Normal></Edge>
	<Edge>
	<Start>176</Start>
	<End>177</End>
	<Normal>
	<Nx>0</Nx>
	<Ny>0</Ny>
	<Nz>0</Nz></Normal></Edge>
	<Edge>
	<Start>177</Start>
	<End>178</End>
	<Normal>
	<Nx>0</Nx>
	<Ny>0</Ny>
	<Nz>0</Nz></Normal></Edge>
	<Edge>
	<Start>178</Start>
	<End>179</End>
	<Normal>
	<Nx>0</Nx>
	<Ny>0</Ny>
	<Nz>0</Nz></Normal></Edge>
	<Edge>
	<Start>179</Start>
	<End>180</End>
	<Normal>
	<Nx>0</Nx>
	<Ny>0</Ny>
	<Nz>0</Nz></Normal></Edge>
	<Edge>
	<Start>180</Start>
	<End>181</End>
	<Normal>
	<Nx>0</Nx>
	<Ny>0</Ny>
	<Nz>0</Nz></Normal></Edge>
	<Edge>
	<Start>181</Start>
	<End>182</End>
	<Normal>
	<Nx>0</Nx>
	<Ny>0</Ny>
	<Nz>0</Nz></Normal></Edge>
	<Edge>
	<Start>182</Start>
	<End>183</End>
	<Normal>
	<Nx>0</Nx>
	<Ny>0</Ny>
	<Nz>0</Nz></Normal></Edge>
	<Edge>
	<Start>183</Start>
	<End>184</End>
	<Normal>
	<Nx>0</Nx>
	<Ny>0</Ny>
	<Nz>0</Nz></Normal></Edge>
	<Edge>
	<Start>184</Start>
	<End>185</End>
	<Normal>
	<Nx>0</Nx>
	<Ny>0</Ny>
	<Nz>0</Nz></Normal></Edge>
	<Edge>
	<Start>185</Start>
	<End>186</End>
	<Normal>
	<Nx>0</Nx>
	<Ny>0</Ny>
	<Nz>0</Nz></Normal></Edge>
	<Edge>
	<Start>186</Start>
	<End>187</End>
	<Normal>
	<Nx>0</Nx>
	<Ny>0</Ny>
	<Nz>0</Nz></Normal></Edge>
	<Edge>
	<Start>187</Start>
	<End>188</End>
	<Normal>
	<Nx>0</Nx>
	<Ny>0</Ny>
	<Nz>0</Nz></Normal></Edge>
	<Edge>
	<Start>188</Start>
	<End>189</End>
	<Normal>
	<Nx>0</Nx>
	<Ny>0</Ny>
	<Nz>0</Nz></Normal></Edge>
	<Edge>
	<Start>189</Start>
	<End>190</End>
	<Normal>
	<Nx>0</Nx>
	<Ny>0</Ny>
	<Nz>0</Nz></Normal></Edge>
	<Edge>
	<Start>190</Start>
	<End>191</End>
	<Normal>
	<Nx>0</Nx>
	<Ny>0</Ny>
	<Nz>0</Nz></Normal></Edge>
	<Edge>
	<Start>191</Start>
	<End>192</End>
	<Normal>
	<Nx>0</Nx>
	<Ny>0</Ny>
	<Nz>0</Nz></Normal></Edge>
	<Edge>
	<Start>192</Start>
	<End>193</End>
	<Normal>
	<Nx>0</Nx>
	<Ny>0</Ny>
	<Nz>0</Nz></Normal></Edge>
	<Edge>
	<Start>193</Start>
	<End>194</End>
	<Normal>
	<Nx>0</Nx>
	<Ny>0</Ny>
	<Nz>0</Nz></Normal></Edge>
	<Edge>
	<Start>194</Start>
	<End>195</End>
	<Normal>
	<Nx>0</Nx>
	<Ny>0</Ny>
	<Nz>0</Nz></Normal></Edge>
	<Edge>
	<Start>195</Start>
	<End>196</End>
	<Normal>
	<Nx>0</Nx>
	<Ny>0</Ny>
	<Nz>0</Nz></Normal></Edge>
	<Edge>
	<Start>196</Start>
	<End>197</End>
	<Normal>
	<Nx>0</Nx>
	<Ny>0</Ny>
	<Nz>0</Nz></Normal></Edge>
	<Edge>
	<Start>197</Start>
	<End>198</End>
	<Normal>
	<Nx>0</Nx>
	<Ny>0</Ny>
	<Nz>0</Nz></Normal></Edge>
	<Edge>
	<Start>198</Start>
	<End>199</End>
	<Normal>
	<Nx>0</Nx>
	<Ny>0</Ny>
	<Nz>0</Nz></Normal></Edge>
	<Edge>
	<Start>199</Start>
	<End>200</End>
	<Normal>
	<Nx>0</Nx>
	<Ny>0</Ny>
	<Nz>0</Nz></Normal></Edge>
	<Edge>
	<Start>200</Start>
	<End>201</End>
	<Normal>
	<Nx>0</Nx>
	<Ny>0</Ny>
	<Nz>0</Nz></Normal></Edge>
	<Edge>
	<Start>201</Start>
	<End>202</End>
	<Normal>
	<Nx>0</Nx>
	<Ny>0</Ny>
	<Nz>0</Nz></Normal></Edge>
	<Edge>
	<Start>202</Start>
	<End>203</End>
	<Normal>
	<Nx>0</Nx>
	<Ny>0</Ny>
	<Nz>0</Nz></Normal></Edge>
	<Edge>
	<Start>203</Start>
	<End>204</End>
	<Normal>
	<Nx>0</Nx>
	<Ny>0</Ny>
	<Nz>0</Nz></Normal></Edge>
	<Edge>
	<Start>204</Start>
	<End>205</End>
	<Normal>
	<Nx>0</Nx>
	<Ny>0</Ny>
	<Nz>0</Nz></Normal></Edge>
	<Edge>
	<Start>205</Start>
	<End>206</End>
	<Normal>
	<Nx>0</Nx>
	<Ny>0</Ny>
	<Nz>0</Nz></Normal></Edge>
	<Edge>
	<Start>206</Start>
	<End>207</End>
	<Normal>
	<Nx>0</Nx>
	<Ny>0</Ny>
	<Nz>0</Nz></Normal></Edge>
	<Edge>
	<Start>207</Start>
	<End>208</End>
	<Normal>
	<Nx>0</Nx>
	<Ny>0</Ny>
	<Nz>0</Nz></Normal></Edge>
	<Edge>
	<Start>208</Start>
	<End>209</End>
	<Normal>
	<Nx>0</Nx>
	<Ny>0</Ny>
	<Nz>0</Nz></Normal></Edge>
	<Edge>
	<Start>209</Start>
	<End>210</End>
	<Normal>
	<Nx>0</Nx>
	<Ny>0</Ny>
	<Nz>0</Nz></Normal></Edge>
	<Edge>
	<Start>210</Start>
	<End>211</End>
	<Normal>
	<Nx>0</Nx>
	<Ny>0</Ny>
	<Nz>0</Nz></Normal></Edge>
	<Edge>
	<Start>211</Start>
	<End>212</End>
	<Normal>
	<Nx>0</Nx>
	<Ny>0</Ny>
	<Nz>0</Nz></Normal></Edge>
	<Edge>
	<Start>212</Start>
	<End>213</End>
	<Normal>
	<Nx>0</Nx>
	<Ny>0</Ny>
	<Nz>0</Nz></Normal></Edge>
	<Edge>
	<Start>213</Start>
	<End>214</End>
	<Normal>
	<Nx>0</Nx>
	<Ny>0</Ny>
	<Nz>0</Nz></Normal></Edge>
	<Edge>
	<Start>214</Start>
	<End>215</End>
	<Normal>
	<Nx>0</Nx>
	<Ny>0</Ny>
	<Nz>0</Nz></Normal></Edge>
	<Edge>
	<Start>215</Start>
	<End>216</End>
	<Normal>
	<Nx>0</Nx>
	<Ny>0</Ny>
	<Nz>0</Nz></Normal></Edge>
	<Edge>
	<Start>216</Start>
	<End>217</End>
	<Normal>
	<Nx>0</Nx>
	<Ny>0</Ny>
	<Nz>0</Nz></Normal></Edge>
	<Edge>
	<Start>217</Start>
	<End>218</End>
	<Normal>
	<Nx>0</Nx>
	<Ny>0</Ny>
	<Nz>0</Nz></Normal></Edge>
	<Edge>
	<Start>218</Start>
	<End>219</End>
	<Normal>
	<Nx>0</Nx>
	<Ny>0</Ny>
	<Nz>0</Nz></Normal></Edge>
	<Edge>
	<Start>219</Start>
	<End>220</End>
	<Normal>
	<Nx>0</Nx>
	<Ny>0</Ny>
	<Nz>0</Nz></Normal></Edge>
	<Edge>
	<Start>220</Start>
	<End>221</End>
	<Normal>
	<Nx>0</Nx>
	<Ny>0</Ny>
	<Nz>0</Nz></Normal></Edge>
	<Edge>
	<Start>221</Start>
	<End>222</End>
	<Normal>
	<Nx>0</Nx>
	<Ny>0</Ny>
	<Nz>0</Nz></Normal></Edge>
	<Edge>
	<Start>222</Start>
	<End>223</End>
	<Normal>
	<Nx>0</Nx>
	<Ny>0</Ny>
	<Nz>0</Nz></Normal></Edge>
	<Edge>
	<Start>223</Start>
	<End>224</End>
	<Normal>
	<Nx>0</Nx>
	<Ny>0</Ny>
	<Nz>0</Nz></Normal></Edge>
	<Edge>
	<Start>224</Start>
	<End>225</End>
	<Normal>
	<Nx>0</Nx>
	<Ny>0</Ny>
	<Nz>0</Nz></Normal></Edge>
	<Edge>
	<Start>225</Start>
	<End>226</End>
	<Normal>
	<Nx>0</Nx>
	<Ny>0</Ny>
	<Nz>0</Nz></Normal></Edge>
	<Edge>
	<Start>226</Start>
	<End>227</End>
	<Normal>
	<Nx>0</Nx>
	<Ny>0</Ny>
	<Nz>0</Nz></Normal></Edge>
	<Edge>
	<Start>227</Start>
	<End>228</End>
	<Normal>
	<Nx>0</Nx>
	<Ny>0</Ny>
	<Nz>0</Nz></Normal></Edge>
	<Edge>
	<Start>228</Start>
	<End>229</End>
	<Normal>
	<Nx>0</Nx>
	<Ny>0</Ny>
	<Nz>0</Nz></Normal></Edge>
	<Edge>
	<Start>229</Start>
	<End>230</End>
	<Normal>
	<Nx>0</Nx>
	<Ny>0</Ny>
	<Nz>0</Nz></Normal></Edge>
	<Edge>
	<Start>230</Start>
	<End>231</End>
	<Normal>
	<Nx>0</Nx>
	<Ny>0</Ny>
	<Nz>0</Nz></Normal></Edge>
	<Edge>
	<Start>231</Start>
	<End>232</End>
	<Normal>
	<Nx>0</Nx>
	<Ny>0</Ny>
	<Nz>0</Nz></Normal></Edge>
	<Edge>
	<Start>232</Start>
	<End>233</End>
	<Normal>
	<Nx>0</Nx>
	<Ny>0</Ny>
	<Nz>0</Nz></Normal></Edge>
	<Edge>
	<Start>233</Start>
	<End>234</End>
	<Normal>
	<Nx>0</Nx>
	<Ny>0</Ny>
	<Nz>0</Nz></Normal></Edge>
	<Edge>
	<Start>234</Start>
	<End>235</End>
	<Normal>
	<Nx>0</Nx>
	<Ny>0</Ny>
	<Nz>0</Nz></Normal></Edge>
	<Edge>
	<Start>235</Start>
	<End>236</End>
	<Normal>
	<Nx>0</Nx>
	<Ny>0</Ny>
	<Nz>0</Nz></Normal></Edge>
	<Edge>
	<Start>236</Start>
	<End>237</End>
	<Normal>
	<Nx>0</Nx>
	<Ny>0</Ny>
	<Nz>0</Nz></Normal></Edge>
	<Edge>
	<Start>237</Start>
	<End>238</End>
	<Normal>
	<Nx>0</Nx>
	<Ny>0</Ny>
	<Nz>0</Nz></Normal></Edge>
	<Edge>
	<Start>238</Start>
	<End>239</End>
	<Normal>
	<Nx>0</Nx>
	<Ny>0</Ny>
	<Nz>0</Nz></Normal></Edge>
	<Edge>
	<Start>239</Start>
	<End>240</End>
	<Normal>
	<Nx>0</Nx>
	<Ny>0</Ny>
	<Nz>0</Nz></Normal></Edge>
	<Edge>
	<Start>240</Start>
	<End>241</End>
	<Normal>
	<Nx>0</Nx>
	<Ny>0</Ny>
	<Nz>0</Nz></Normal></Edge>
	<Edge>
	<Start>241</Start>
	<End>242</End>
	<Normal>
	<Nx>0</Nx>
	<Ny>0</Ny>
	<Nz>0</Nz></Normal></Edge>
	<Edge>
	<Start>242</Start>
	<End>243</End>
	<Normal>
	<Nx>0</Nx>
	<Ny>0</Ny>
	<Nz>0</Nz></Normal></Edge>
	<Edge>
	<Start>243</Start>
	<End>244</End>
	<Normal>
	<Nx>0</Nx>
	<Ny>0</Ny>
	<Nz>0</Nz></Normal></Edge>
	<Edge>
	<Start>244</Start>
	<End>245</End>
	<Normal>
	<Nx>0</Nx>
	<Ny>0</Ny>
	<Nz>0</Nz></Normal></Edge>
	<Edge>
	<Start>245</Start>
	<End>246</End>
	<Normal>
	<Nx>0</Nx>
	<Ny>0</Ny>
	<Nz>0</Nz></Normal></Edge>
	<Edge>
	<Start>246</Start>
	<End>247</End>
	<Normal>
	<Nx>0</Nx>
	<Ny>0</Ny>
	<Nz>0</Nz></Normal></Edge>
	<Edge>
	<Start>247</Start>
	<End>248</End>
	<Normal>
	<Nx>0</Nx>
	<Ny>0</Ny>
	<Nz>0</Nz></Normal></Edge>
	<Edge>
	<Start>248</Start>
	<End>249</End>
	<Normal>
	<Nx>0</Nx>
	<Ny>0</Ny>
	<Nz>0</Nz></Normal></Edge>
	<Edge>
	<Start>249</Start>
	<End>250</End>
	<Normal>
	<Nx>0</Nx>
	<Ny>0</Ny>
	<Nz>0</Nz></Normal></Edge>
	<Edge>
	<Start>250</Start>
	<End>251</End>
	<Normal>
	<Nx>0</Nx>
	<Ny>0</Ny>
	<Nz>0</Nz></Normal></Edge>
	<Edge>
	<Start>251</Start>
	<End>252</End>
	<Normal>
	<Nx>0</Nx>
	<Ny>0</Ny>
	<Nz>0</Nz></Normal></Edge>
	<Edge>
	<Start>252</Start>
	<End>253</End>
	<Normal>
	<Nx>0</Nx>
	<Ny>0</Ny>
	<Nz>0</Nz></Normal></Edge>
	<Edge>
	<Start>253</Start>
	<End>254</End>
	<Normal>
	<Nx>0</Nx>
	<Ny>0</Ny>
	<Nz>0</Nz></Normal></Edge>
	<Edge>
	<Start>254</Start>
	<End>255</End>
	<Normal>
	<Nx>0</Nx>
	<Ny>0</Ny>
	<Nz>0</Nz></Normal></Edge>
	<Edge>
	<Start>255</Start>
	<End>256</End>
	<Normal>
	<Nx>0</Nx>
	<Ny>0</Ny>
	<Nz>0</Nz></Normal></Edge>
	<Edge>
	<Start>256</Start>
	<End>257</End>
	<Normal>
	<Nx>0</Nx>
	<Ny>0</Ny>
	<Nz>0</Nz></Normal></Edge>
	<Edge>
	<Start>257</Start>
	<End>258</End>
	<Normal>
	<Nx>0</Nx>
	<Ny>0</Ny>
	<Nz>0</Nz></Normal></Edge>
	<Edge>
	<Start>258</Start>
	<End>259</End>
	<Normal>
	<Nx>0</Nx>
	<Ny>0</Ny>
	<Nz>0</Nz></Normal></Edge>
	<Edge>
	<Start>259</Start>
	<End>260</End>
	<Normal>
	<Nx>0</Nx>
	<Ny>0</Ny>
	<Nz>0</Nz></Normal></Edge>
	<Edge>
	<Start>260</Start>
	<End>261</End>
	<Normal>
	<Nx>0</Nx>
	<Ny>0</Ny>
	<Nz>0</Nz></Normal></Edge>
	<Edge>
	<Start>261</Start>
	<End>262</End>
	<Normal>
	<Nx>0</Nx>
	<Ny>0</Ny>
	<Nz>0</Nz></Normal></Edge>
	<Edge>
	<Start>262</Start>
	<End>263</End>
	<Normal>
	<Nx>0</Nx>
	<Ny>0</Ny>
	<Nz>0</Nz></Normal></Edge>
	<Edge>
	<Start>263</Start>
	<End>264</End>
	<Normal>
	<Nx>0</Nx>
	<Ny>0</Ny>
	<Nz>0</Nz></Normal></Edge>
	<Edge>
	<Start>264</Start>
	<End>265</End>
	<Normal>
	<Nx>0</Nx>
	<Ny>0</Ny>
	<Nz>0</Nz></Normal></Edge>
	<Edge>
	<Start>265</Start>
	<End>266</End>
	<Normal>
	<Nx>0</Nx>
	<Ny>0</Ny>
	<Nz>0</Nz></Normal></Edge>
	<Edge>
	<Start>266</Start>
	<End>267</End>
	<Normal>
	<Nx>0</Nx>
	<Ny>0</Ny>
	<Nz>0</Nz></Normal></Edge>
	<Edge>
	<Start>267</Start>
	<End>268</End>
	<Normal>
	<Nx>0</Nx>
	<Ny>0</Ny>
	<Nz>0</Nz></Normal></Edge>
	<Edge>
	<Start>268</Start>
	<End>269</End>
	<Normal>
	<Nx>0</Nx>
	<Ny>0</Ny>
	<Nz>0</Nz></Normal></Edge>
	<Edge>
	<Start>269</Start>
	<End>270</End>
	<Normal>
	<Nx>0</Nx>
	<Ny>0</Ny>
	<Nz>0</Nz></Normal></Edge>
	<Edge>
	<Start>270</Start>
	<End>271</End>
	<Normal>
	<Nx>0</Nx>
	<Ny>0</Ny>
	<Nz>0</Nz></Normal></Edge>
	<Edge>
	<Start>271</Start>
	<End>272</End>
	<Normal>
	<Nx>0</Nx>
	<Ny>0</Ny>
	<Nz>0</Nz></Normal></Edge>
	<Edge>
	<Start>272</Start>
	<End>273</End>
	<Normal>
	<Nx>0</Nx>
	<Ny>0</Ny>
	<Nz>0</Nz></Normal></Edge>
	<Edge>
	<Start>273</Start>
	<End>274</End>
	<Normal>
	<Nx>0</Nx>
	<Ny>0</Ny>
	<Nz>0</Nz></Normal></Edge>
	<Edge>
	<Start>274</Start>
	<End>275</End>
	<Normal>
	<Nx>0</Nx>
	<Ny>0</Ny>
	<Nz>0</Nz></Normal></Edge>
	<Edge>
	<Start>275</Start>
	<End>276</End>
	<Normal>
	<Nx>0</Nx>
	<Ny>0</Ny>
	<Nz>0</Nz></Normal></Edge>
	<Edge>
	<Start>276</Start>
	<End>277</End>
	<Normal>
	<Nx>0</Nx>
	<Ny>0</Ny>
	<Nz>0</Nz></Normal></Edge>
	<Edge>
	<Start>277</Start>
	<End>278</End>
	<Normal>
	<Nx>0</Nx>
	<Ny>0</Ny>
	<Nz>0</Nz></Normal></Edge>
	<Edge>
	<Start>278</Start>
	<End>279</End>
	<Normal>
	<Nx>0</Nx>
	<Ny>0</Ny>
	<Nz>0</Nz></Normal></Edge>
	<Edge>
	<Start>279</Start>
	<End>280</End>
	<Normal>
	<Nx>0</Nx>
	<Ny>0</Ny>
	<Nz>0</Nz></Normal></Edge>
	<Edge>
	<Start>280</Start>
	<End>281</End>
	<Normal>
	<Nx>0</Nx>
	<Ny>0</Ny>
	<Nz>0</Nz></Normal></Edge>
	<Edge>
	<Start>281</Start>
	<End>282</End>
	<Normal>
	<Nx>0</Nx>
	<Ny>0</Ny>
	<Nz>0</Nz></Normal></Edge>
	<Edge>
	<Start>282</Start>
	<End>283</End>
	<Normal>
	<Nx>0</Nx>
	<Ny>0</Ny>
	<Nz>0</Nz></Normal></Edge>
	<Edge>
	<Start>283</Start>
	<End>284</End>
	<Normal>
	<Nx>0</Nx>
	<Ny>0</Ny>
	<Nz>0</Nz></Normal></Edge>
	<Edge>
	<Start>284</Start>
	<End>285</End>
	<Normal>
	<Nx>0</Nx>
	<Ny>0</Ny>
	<Nz>0</Nz></Normal></Edge>
	<Edge>
	<Start>285</Start>
	<End>286</End>
	<Normal>
	<Nx>0</Nx>
	<Ny>0</Ny>
	<Nz>0</Nz></Normal></Edge>
	<Edge>
	<Start>286</Start>
	<End>287</End>
	<Normal>
	<Nx>0</Nx>
	<Ny>0</Ny>
	<Nz>0</Nz></Normal></Edge>
	<Edge>
	<Start>287</Start>
	<End>288</End>
	<Normal>
	<Nx>0</Nx>
	<Ny>0</Ny>
	<Nz>0</Nz></Normal></Edge>
	<Edge>
	<Start>288</Start>
	<End>289</End>
	<Normal>
	<Nx>0</Nx>
	<Ny>0</Ny>
	<Nz>0</Nz></Normal></Edge>
	<Edge>
	<Start>289</Start>
	<End>290</End>
	<Normal>
	<Nx>0</Nx>
	<Ny>0</Ny>
	<Nz>0</Nz></Normal></Edge>
	<Edge>
	<Start>290</Start>
	<End>291</End>
	<Normal>
	<Nx>0</Nx>
	<Ny>0</Ny>
	<Nz>0</Nz></Normal></Edge>
	<Edge>
	<Start>291</Start>
	<End>292</End>
	<Normal>
	<Nx>0</Nx>
	<Ny>0</Ny>
	<Nz>0</Nz></Normal></Edge>
	<Edge>
	<Start>292</Start>
	<End>293</End>
	<Normal>
	<Nx>0</Nx>
	<Ny>0</Ny>
	<Nz>0</Nz></Normal></Edge>
	<Edge>
	<Start>293</Start>
	<End>294</End>
	<Normal>
	<Nx>0</Nx>
	<Ny>0</Ny>
	<Nz>0</Nz></Normal></Edge>
	<Edge>
	<Start>294</Start>
	<End>295</End>
	<Normal>
	<Nx>0</Nx>
	<Ny>0</Ny>
	<Nz>0</Nz></Normal></Edge>
	<Edge>
	<Start>295</Start>
	<End>296</End>
	<Normal>
	<Nx>0</Nx>
	<Ny>0</Ny>
	<Nz>0</Nz></Normal></Edge>
	<Edge>
	<Start>296</Start>
	<End>297</End>
	<Normal>
	<Nx>0</Nx>
	<Ny>0</Ny>
	<Nz>0</Nz></Normal></Edge>
	<Edge>
	<Start>297</Start>
	<End>298</End>
	<Normal>
	<Nx>0</Nx>
	<Ny>0</Ny>
	<Nz>0</Nz></Normal></Edge>
	<Edge>
	<Start>298</Start>
	<End>299</End>
	<Normal>
	<Nx>0</Nx>
	<Ny>0</Ny>
	<Nz>0</Nz></Normal></Edge>
	<Edge>
	<Start>299</Start>
	<End>300</End>
	<Normal>
	<Nx>0</Nx>
	<Ny>0</Ny>
	<Nz>0</Nz></Normal></Edge>
	<Edge>
	<Start>300</Start>
	<End>301</End>
	<Normal>
	<Nx>0</Nx>
	<Ny>0</Ny>
	<Nz>0</Nz></Normal></Edge>
	<Edge>
	<Start>301</Start>
	<End>302</End>
	<Normal>
	<Nx>0</Nx>
	<Ny>0</Ny>
	<Nz>0</Nz></Normal></Edge>
	<Edge>
	<Start>302</Start>
	<End>303</End>
	<Normal>
	<Nx>0</Nx>
	<Ny>0</Ny>
	<Nz>0</Nz></Normal></Edge>
	<Edge>
	<Start>303</Start>
	<End>304</End>
	<Normal>
	<Nx>0</Nx>
	<Ny>0</Ny>
	<Nz>0</Nz></Normal></Edge>
	<Edge>
	<Start>304</Start>
	<End>305</End>
	<Normal>
	<Nx>0</Nx>
	<Ny>0</Ny>
	<Nz>0</Nz></Normal></Edge>
	<Edge>
	<Start>305</Start>
	<End>306</End>
	<Normal>
	<Nx>0</Nx>
	<Ny>0</Ny>
	<Nz>0</Nz></Normal></Edge>
	<Edge>
	<Start>306</Start>
	<End>307</End>
	<Normal>
	<Nx>0</Nx>
	<Ny>0</Ny>
	<Nz>0</Nz></Normal></Edge>
	<Edge>
	<Start>307</Start>
	<End>308</End>
	<Normal>
	<Nx>0</Nx>
	<Ny>0</Ny>
	<Nz>0</Nz></Normal></Edge>
	<Edge>
	<Start>308</Start>
	<End>309</End>
	<Normal>
	<Nx>0</Nx>
	<Ny>0</Ny>
	<Nz>0</Nz></Normal></Edge>
	<Edge>
	<Start>309</Start>
	<End>310</End>
	<Normal>
	<Nx>0</Nx>
	<Ny>0</Ny>
	<Nz>0</Nz></Normal></Edge>
	<Edge>
	<Start>310</Start>
	<End>311</End>
	<Normal>
	<Nx>0</Nx>
	<Ny>0</Ny>
	<Nz>0</Nz></Normal></Edge>
	<Edge>
	<Start>311</Start>
	<End>312</End>
	<Normal>
	<Nx>0</Nx>
	<Ny>0</Ny>
	<Nz>0</Nz></Normal></Edge>
	<Edge>
	<Start>312</Start>
	<End>313</End>
	<Normal>
	<Nx>0</Nx>
	<Ny>0</Ny>
	<Nz>0</Nz></Normal></Edge>
	<Edge>
	<Start>313</Start>
	<End>314</End>
	<Normal>
	<Nx>0</Nx>
	<Ny>0</Ny>
	<Nz>0</Nz></Normal></Edge>
	<Edge>
	<Start>314</Start>
	<End>315</End>
	<Normal>
	<Nx>0</Nx>
	<Ny>0</Ny>
	<Nz>0</Nz></Normal></Edge>
	<Edge>
	<Start>315</Start>
	<End>316</End>
	<Normal>
	<Nx>0</Nx>
	<Ny>0</Ny>
	<Nz>0</Nz></Normal></Edge>
	<Edge>
	<Start>316</Start>
	<End>317</End>
	<Normal>
	<Nx>0</Nx>
	<Ny>0</Ny>
	<Nz>0</Nz></Normal></Edge>
	<Edge>
	<Start>317</Start>
	<End>318</End>
	<Normal>
	<Nx>0</Nx>
	<Ny>0</Ny>
	<Nz>0</Nz></Normal></Edge>
	<Edge>
	<Start>318</Start>
	<End>319</End>
	<Normal>
	<Nx>0</Nx>
	<Ny>0</Ny>
	<Nz>0</Nz></Normal></Edge>
	<Edge>
	<Start>319</Start>
	<End>320</End>
	<Normal>
	<Nx>0</Nx>
	<Ny>0</Ny>
	<Nz>0</Nz></Normal></Edge>
	<Edge>
	<Start>320</Start>
	<End>321</End>
	<Normal>
	<Nx>0</Nx>
	<Ny>0</Ny>
	<Nz>0</Nz></Normal></Edge>
	<Edge>
	<Start>321</Start>
	<End>322</End>
	<Normal>
	<Nx>0</Nx>
	<Ny>0</Ny>
	<Nz>0</Nz></Normal></Edge>
	<Edge>
	<Start>322</Start>
	<End>323</End>
	<Normal>
	<Nx>0</Nx>
	<Ny>0</Ny>
	<Nz>0</Nz></Normal></Edge>
	<Edge>
	<Start>323</Start>
	<End>324</End>
	<Normal>
	<Nx>0</Nx>
	<Ny>0</Ny>
	<Nz>0</Nz></Normal></Edge>
	<Edge>
	<Start>324</Start>
	<End>325</End>
	<Normal>
	<Nx>0</Nx>
	<Ny>0</Ny>
	<Nz>0</Nz></Normal></Edge>
	<Edge>
	<Start>325</Start>
	<End>326</End>
	<Normal>
	<Nx>0</Nx>
	<Ny>0</Ny>
	<Nz>0</Nz></Normal></Edge>
	<Edge>
	<Start>326</Start>
	<End>327</End>
	<Normal>
	<Nx>0</Nx>
	<Ny>0</Ny>
	<Nz>0</Nz></Normal></Edge>
	<Edge>
	<Start>327</Start>
	<End>328</End>
	<Normal>
	<Nx>0</Nx>
	<Ny>0</Ny>
	<Nz>0</Nz></Normal></Edge>
	<Edge>
	<Start>328</Start>
	<End>329</End>
	<Normal>
	<Nx>0</Nx>
	<Ny>0</Ny>
	<Nz>0</Nz></Normal></Edge>
	<Edge>
	<Start>329</Start>
	<End>330</End>
	<Normal>
	<Nx>0</Nx>
	<Ny>0</Ny>
	<Nz>0</Nz></Normal></Edge>
	<Edge>
	<Start>330</Start>
	<End>331</End>
	<Normal>
	<Nx>0</Nx>
	<Ny>0</Ny>
	<Nz>0</Nz></Normal></Edge>
	<Edge>
	<Start>331</Start>
	<End>332</End>
	<Normal>
	<Nx>0</Nx>
	<Ny>0</Ny>
	<Nz>0</Nz></Normal></Edge>
	<Edge>
	<Start>332</Start>
	<End>333</End>
	<Normal>
	<Nx>0</Nx>
	<Ny>0</Ny>
	<Nz>0</Nz></Normal></Edge>
	<Edge>
	<Start>333</Start>
	<End>1</End>
	<Normal>
	<Nx>0</Nx>
	<Ny>0</Ny>
	<Nz>0</Nz></Normal></Edge></Region></Slice>
</Layer>