<?xml version="1.0"?><!--America Makes layer file created using MSXML 6.0--><Layer>
	<Thickness>0.05</Thickness>
	<VertexList>
	<Vertex>
	<X>1.345962</X>
	<Y>-20.043653</Y>
	<Co-ordinate_system>Cartesian</Co-ordinate_system></Vertex>
	<Vertex>
	<X>2.832256</X>
	<Y>-19.928605</Y></Vertex>
	<Vertex>
	<X>3.837003</X>
	<Y>-19.759305</Y></Vertex>
	<Vertex>
	<X>4.543271</X>
	<Y>-19.630599</Y></Vertex>
	<Vertex>
	<X>4.722407</X>
	<Y>-19.590854</Y></Vertex>
	<Vertex>
	<X>4.650101</X>
	<Y>-19.272252</Y></Vertex>
	<Vertex>
	<X>4.968006</X>
	<Y>-19.198004</Y></Vertex>
	<Vertex>
	<X>5.043150</X>
	<Y>-19.513433</Y></Vertex>
	<Vertex>
	<X>5.354816</X>
	<Y>-19.435257</Y></Vertex>
	<Vertex>
	<X>5.271880</X>
	<Y>-19.117647</Y></Vertex>
	<Vertex>
	<X>6.426680</X>
	<Y>-18.779160</Y></Vertex>
	<Vertex>
	<X>6.784468</X>
	<Y>-18.664495</Y></Vertex>
	<Vertex>
	<X>7.432820</X>
	<Y>-18.423768</Y></Vertex>
	<Vertex>
	<X>7.548856</X>
	<Y>-18.723962</Y></Vertex>
	<Vertex>
	<X>8.004992</X>
	<Y>-18.547224</Y></Vertex>
	<Vertex>
	<X>7.880486</X>
	<Y>-18.246908</Y></Vertex>
	<Vertex>
	<X>8.315608</X>
	<Y>-18.056077</Y></Vertex>
	<Vertex>
	<X>8.447200</X>
	<Y>-18.353316</Y></Vertex>
	<Vertex>
	<X>8.703518</X>
	<Y>-18.239536</Y></Vertex>
	<Vertex>
	<X>8.566477</X>
	<Y>-17.941250</Y></Vertex>
	<Vertex>
	<X>9.604407</X>
	<Y>-17.428968</Y></Vertex>
	<Vertex>
	<X>9.911222</X>
	<Y>-17.267868</Y></Vertex>
	<Vertex>
	<X>10.444479</X>
	<Y>-16.958576</Y></Vertex>
	<Vertex>
	<X>10.609002</X>
	<Y>-17.235186</Y></Vertex>
	<Vertex>
	<X>11.082630</X>
	<Y>-16.950977</Y></Vertex>
	<Vertex>
	<X>10.908961</X>
	<Y>-16.676313</Y></Vertex>
	<Vertex>
	<X>11.246396</X>
	<Y>-16.454954</Y></Vertex>
	<Vertex>
	<X>11.423236</X>
	<Y>-16.726762</Y></Vertex>
	<Vertex>
	<X>11.667770</X>
	<Y>-16.564007</Y></Vertex>
	<Vertex>
	<X>11.482840</X>
	<Y>-16.292794</Y></Vertex>
	<Vertex>
	<X>12.459314</X>
	<Y>-15.583372</Y></Vertex>
	<Vertex>
	<X>12.759466</X>
	<Y>-15.353619</Y></Vertex>
	<Vertex>
	<X>13.293394</X>
	<Y>-14.904857</Y></Vertex>
	<Vertex>
	<X>13.503780</X>
	<Y>-15.148409</Y></Vertex>
	<Vertex>
	<X>14.025627</X>
	<Y>-14.688921</Y></Vertex>
	<Vertex>
	<X>15.486204</X>
	<Y>-13.191090</Y></Vertex>
	<Vertex>
	<X>15.676575</X>
	<Y>-12.964876</Y></Vertex>
	<Vertex>
	<X>16.352696</X>
	<Y>-12.115895</Y></Vertex>
	<Vertex>
	<X>16.617544</X>
	<Y>-11.781267</Y></Vertex>
	<Vertex>
	<X>16.784579</X>
	<Y>-11.550637</Y></Vertex>
	<Vertex>
	<X>16.871396</X>
	<Y>-11.427304</Y></Vertex>
	<Vertex>
	<X>17.642812</X>
	<Y>-10.229123</Y></Vertex>
	<Vertex>
	<X>17.871856</X>
	<Y>-9.847732</Y></Vertex>
	<Vertex>
	<X>17.941475</X>
	<Y>-9.724695</Y></Vertex>
	<Vertex>
	<X>18.340952</X>
	<Y>-8.925474</Y></Vertex>
	<Vertex>
	<X>18.572863</X>
	<Y>-8.489158</Y></Vertex>
	<Vertex>
	<X>18.842763</X>
	<Y>-7.914023</Y></Vertex>
	<Vertex>
	<X>19.026619</X>
	<Y>-7.467906</Y></Vertex>
	<Vertex>
	<X>19.494891</X>
	<Y>-6.214693</Y></Vertex>
	<Vertex>
	<X>19.599408</X>
	<Y>-5.897438</Y></Vertex>
	<Vertex>
	<X>19.736495</X>
	<Y>-5.438570</Y></Vertex>
	<Vertex>
	<X>19.939108</X>
	<Y>-4.678724</Y></Vertex>
	<Vertex>
	<X>20.081275</X>
	<Y>-4.082705</Y></Vertex>
	<Vertex>
	<X>20.157076</X>
	<Y>-3.714587</Y></Vertex>
	<Vertex>
	<X>20.211360</X>
	<Y>-3.399160</Y></Vertex>
	<Vertex>
	<X>20.403508</X>
	<Y>-2.143265</Y></Vertex>
	<Vertex>
	<X>20.435503</X>
	<Y>-1.866124</Y></Vertex>
	<Vertex>
	<X>20.492592</X>
	<Y>-1.159543</Y></Vertex>
	<Vertex>
	<X>20.531928</X>
	<Y>-0.374216</Y></Vertex>
	<Vertex>
	<X>20.543204</X>
	<Y>0.223199</Y></Vertex>
	<Vertex>
	<X>20.535476</X>
	<Y>0.717774</Y></Vertex>
	<Vertex>
	<X>20.498248</X>
	<Y>1.503196</Y></Vertex>
	<Vertex>
	<X>20.451879</X>
	<Y>2.141091</Y></Vertex>
	<Vertex>
	<X>20.423856</X>
	<Y>2.420025</Y></Vertex>
	<Vertex>
	<X>20.344476</X>
	<Y>3.028519</Y></Vertex>
	<Vertex>
	<X>20.219867</X>
	<Y>3.819245</Y></Vertex>
	<Vertex>
	<X>20.069564</X>
	<Y>4.580866</Y></Vertex>
	<Vertex>
	<X>19.959795</X>
	<Y>5.023491</Y></Vertex>
	<Vertex>
	<X>19.647440</X>
	<Y>6.186359</Y></Vertex>
	<Vertex>
	<X>19.450831</X>
	<Y>6.786983</Y></Vertex>
	<Vertex>
	<X>19.051059</X>
	<Y>7.849725</Y></Vertex>
	<Vertex>
	<X>18.842763</X>
	<Y>8.360423</Y></Vertex>
	<Vertex>
	<X>17.907400</X>
	<Y>10.231777</Y></Vertex>
	<Vertex>
	<X>16.784579</X>
	<Y>11.997041</Y></Vertex>
	<Vertex>
	<X>16.530496</X>
	<Y>12.332280</Y></Vertex>
	<Vertex>
	<X>16.038424</X>
	<Y>12.936754</Y></Vertex>
	<Vertex>
	<X>15.484775</X>
	<Y>13.636273</Y></Vertex>
	<Vertex>
	<X>15.133072</X>
	<Y>14.026657</Y></Vertex>
	<Vertex>
	<X>14.893306</X>
	<Y>13.804736</Y></Vertex>
	<Vertex>
	<X>14.670055</X>
	<Y>14.042929</Y></Vertex>
	<Vertex>
	<X>14.905652</X>
	<Y>14.265717</Y></Vertex>
	<Vertex>
	<X>14.682120</X>
	<Y>14.496537</Y></Vertex>
	<Vertex>
	<X>14.448528</X>
	<Y>14.265909</Y></Vertex>
	<Vertex>
	<X>13.577988</X>
	<Y>15.096753</Y></Vertex>
	<Vertex>
	<X>13.299791</X>
	<Y>15.349273</Y></Vertex>
	<Vertex>
	<X>12.767140</X>
	<Y>15.790401</Y></Vertex>
	<Vertex>
	<X>12.969098</X>
	<Y>16.040985</Y></Vertex>
	<Vertex>
	<X>12.587970</X>
	<Y>16.347641</Y></Vertex>
	<Vertex>
	<X>12.390140</X>
	<Y>16.089659</Y></Vertex>
	<Vertex>
	<X>12.007315</X>
	<Y>16.371073</Y></Vertex>
	<Vertex>
	<X>12.198938</X>
	<Y>16.633649</Y></Vertex>
	<Vertex>
	<X>11.972244</X>
	<Y>16.798737</Y></Vertex>
	<Vertex>
	<X>11.782438</X>
	<Y>16.530917</Y></Vertex>
	<Vertex>
	<X>10.819823</X>
	<Y>17.173649</Y></Vertex>
	<Vertex>
	<X>10.526900</X>
	<Y>17.358808</Y></Vertex>
	<Vertex>
	<X>9.992414</X>
	<Y>17.665977</Y></Vertex>
	<Vertex>
	<X>10.149704</X>
	<Y>17.946765</Y></Vertex>
	<Vertex>
	<X>9.666758</X>
	<Y>18.214837</Y></Vertex>
	<Vertex>
	<X>9.515727</X>
	<Y>17.927097</Y></Vertex>
	<Vertex>
	<X>9.157393</X>
	<Y>18.107673</Y></Vertex>
	<Vertex>
	<X>9.302280</X>
	<Y>18.397701</Y></Vertex>
	<Vertex>
	<X>9.179253</X>
	<Y>18.459025</Y></Vertex>
	<Vertex>
	<X>9.039064</X>
	<Y>18.528093</Y></Vertex>
	<Vertex>
	<X>8.896652</X>
	<Y>18.232337</Y></Vertex>
	<Vertex>
	<X>7.794037</X>
	<Y>18.723273</Y></Vertex>
	<Vertex>
	<X>7.444990</X>
	<Y>18.868332</Y></Vertex>
	<Vertex>
	<X>6.789386</X>
	<Y>19.106349</Y></Vertex>
	<Vertex>
	<X>6.895116</X>
	<Y>19.410325</Y></Vertex>
	<Vertex>
	<X>5.631250</X>
	<Y>19.796428</Y></Vertex>
	<Vertex>
	<X>4.890455</X>
	<Y>19.999933</Y></Vertex>
	<Vertex>
	<X>4.368228</X>
	<Y>20.102065</Y></Vertex>
	<Vertex>
	<X>3.819763</X>
	<Y>20.192737</Y></Vertex>
	<Vertex>
	<X>2.831956</X>
	<Y>20.372748</Y></Vertex>
	<Vertex>
	<X>2.563626</X>
	<Y>20.407500</Y></Vertex>
	<Vertex>
	<X>1.704675</X>
	<Y>20.483301</Y></Vertex>
	<Vertex>
	<X>0.746397</X>
	<Y>20.536461</Y></Vertex>
	<Vertex>
	<X>-0.170952</X>
	<Y>20.512836</Y></Vertex>
	<Vertex>
	<X>-0.638368</X>
	<Y>20.515633</Y></Vertex>
	<Vertex>
	<X>-1.171236</X>
	<Y>20.494765</Y></Vertex>
	<Vertex>
	<X>-1.889701</X>
	<Y>20.426840</Y></Vertex>
	<Vertex>
	<X>-2.968196</X>
	<Y>20.286993</Y></Vertex>
	<Vertex>
	<X>-3.319845</X>
	<Y>20.231700</Y></Vertex>
	<Vertex>
	<X>-3.711101</X>
	<Y>20.156960</Y></Vertex>
	<Vertex>
	<X>-4.485959</X>
	<Y>19.981948</Y></Vertex>
	<Vertex>
	<X>-4.915322</X>
	<Y>19.880616</Y></Vertex>
	<Vertex>
	<X>-5.249040</X>
	<Y>19.792172</Y></Vertex>
	<Vertex>
	<X>-5.601457</X>
	<Y>19.689993</Y></Vertex>
	<Vertex>
	<X>-5.980462</X>
	<Y>19.567388</Y></Vertex>
	<Vertex>
	<X>-6.517131</X>
	<Y>19.367641</Y></Vertex>
	<Vertex>
	<X>-7.370897</X>
	<Y>19.070661</Y></Vertex>
	<Vertex>
	<X>-7.667994</X>
	<Y>18.946969</Y></Vertex>
	<Vertex>
	<X>-8.990518</X>
	<Y>18.333124</Y></Vertex>
	<Vertex>
	<X>-9.609023</X>
	<Y>18.002829</Y></Vertex>
	<Vertex>
	<X>-10.226641</X>
	<Y>17.641529</Y></Vertex>
	<Vertex>
	<X>-10.896612</X>
	<Y>17.230017</Y></Vertex>
	<Vertex>
	<X>-11.460450</X>
	<Y>16.844492</Y></Vertex>
	<Vertex>
	<X>-12.534146</X>
	<Y>16.038280</Y></Vertex>
	<Vertex>
	<X>-13.043831</X>
	<Y>15.611449</Y></Vertex>
	<Vertex>
	<X>-13.930085</X>
	<Y>14.794736</Y></Vertex>
	<Vertex>
	<X>-14.232478</X>
	<Y>14.503317</Y></Vertex>
	<Vertex>
	<X>-14.652799</X>
	<Y>14.058484</Y></Vertex>
	<Vertex>
	<X>-15.386611</X>
	<Y>13.225049</Y></Vertex>
	<Vertex>
	<X>-15.710113</X>
	<Y>12.833987</Y></Vertex>
	<Vertex>
	<X>-16.922319</X>
	<Y>11.128867</Y></Vertex>
	<Vertex>
	<X>-17.952777</X>
	<Y>9.308145</Y></Vertex>
	<Vertex>
	<X>-18.789447</X>
	<Y>7.390717</Y></Vertex>
	<Vertex>
	<X>-18.977338</X>
	<Y>6.862284</Y></Vertex>
	<Vertex>
	<X>-19.185879</X>
	<Y>6.233799</Y></Vertex>
	<Vertex>
	<X>-18.873807</X>
	<Y>6.137118</Y></Vertex>
	<Vertex>
	<X>-18.967928</X>
	<Y>5.826431</Y></Vertex>
	<Vertex>
	<X>-19.279201</X>
	<Y>5.917319</Y></Vertex>
	<Vertex>
	<X>-19.367332</X>
	<Y>5.608319</Y></Vertex>
	<Vertex>
	<X>-19.050805</X>
	<Y>5.521341</Y></Vertex>
	<Vertex>
	<X>-19.335066</X>
	<Y>4.352011</Y></Vertex>
	<Vertex>
	<X>-19.414657</X>
	<Y>3.984824</Y></Vertex>
	<Vertex>
	<X>-19.530357</X>
	<Y>3.302971</Y></Vertex>
	<Vertex>
	<X>-19.848351</X>
	<Y>3.352575</Y></Vertex>
	<Vertex>
	<X>-19.923358</X>
	<Y>2.869185</Y></Vertex>
	<Vertex>
	<X>-19.601027</X>
	<Y>2.826848</Y></Vertex>
	<Vertex>
	<X>-19.653322</X>
	<Y>2.354608</Y></Vertex>
	<Vertex>
	<X>-19.976533</X>
	<Y>2.389267</Y></Vertex>
	<Vertex>
	<X>-20.006159</X>
	<Y>2.110399</Y></Vertex>
	<Vertex>
	<X>-19.679315</X>
	<Y>2.079935</Y></Vertex>
	<Vertex>
	<X>-19.754628</X>
	<Y>0.924920</Y></Vertex>
	<Vertex>
	<X>-19.768519</X>
	<Y>0.578663</Y></Vertex>
	<Vertex>
	<X>-19.767296</X>
	<Y>-0.037800</Y></Vertex>
	<Vertex>
	<X>-20.090218</X>
	<Y>-0.041975</Y></Vertex>
	<Vertex>
	<X>-20.079790</X>
	<Y>-0.594255</Y></Vertex>
	<Vertex>
	<X>-19.755089</X>
	<Y>-0.581183</Y></Vertex>
	<Vertex>
	<X>-19.732103</X>
	<Y>-0.984090</Y></Vertex>
	<Vertex>
	<X>-20.055918</X>
	<Y>-1.001337</Y></Vertex>
	<Vertex>
	<X>-20.049121</X>
	<Y>-1.113593</Y></Vertex>
	<Vertex>
	<X>-20.037231</X>
	<Y>-1.294481</Y></Vertex>
	<Vertex>
	<X>-19.709891</X>
	<Y>-1.269933</Y></Vertex>
	<Vertex>
	<X>-19.583748</X>
	<Y>-2.470296</Y></Vertex>
	<Vertex>
	<X>-19.534854</X>
	<Y>-2.845111</Y></Vertex>
	<Vertex>
	<X>-19.413177</X>
	<Y>-3.531889</Y></Vertex>
	<Vertex>
	<X>-19.729294</X>
	<Y>-3.592314</Y></Vertex>
	<Vertex>
	<X>-19.522516</X>
	<Y>-4.557752</Y></Vertex>
	<Vertex>
	<X>-19.426802</X>
	<Y>-4.951717</Y></Vertex>
	<Vertex>
	<X>-18.790565</X>
	<Y>-6.944723</Y></Vertex>
	<Vertex>
	<X>-18.479610</X>
	<Y>-7.709803</Y></Vertex>
	<Vertex>
	<X>-18.308713</X>
	<Y>-8.100849</Y></Vertex>
	<Vertex>
	<X>-18.129098</X>
	<Y>-8.497671</Y></Vertex>
	<Vertex>
	<X>-17.951189</X>
	<Y>-8.860957</Y></Vertex>
	<Vertex>
	<X>-17.830796</X>
	<Y>-9.098821</Y></Vertex>
	<Vertex>
	<X>-17.221293</X>
	<Y>-10.185371</Y></Vertex>
	<Vertex>
	<X>-16.935169</X>
	<Y>-10.662218</Y></Vertex>
	<Vertex>
	<X>-16.729352</X>
	<Y>-10.975903</Y></Vertex>
	<Vertex>
	<X>-15.749541</X>
	<Y>-12.337485</Y></Vertex>
	<Vertex>
	<X>-15.384033</X>
	<Y>-12.781129</Y></Vertex>
	<Vertex>
	<X>-14.661003</X>
	<Y>-13.603514</Y></Vertex>
	<Vertex>
	<X>-14.335831</X>
	<Y>-13.952025</Y></Vertex>
	<Vertex>
	<X>-14.005252</X>
	<Y>-14.258692</Y></Vertex>
	<Vertex>
	<X>-13.768614</X>
	<Y>-14.496476</Y></Vertex>
	<Vertex>
	<X>-13.044400</X>
	<Y>-15.164935</Y></Vertex>
	<Vertex>
	<X>-12.793641</X>
	<Y>-15.380116</Y></Vertex>
	<Vertex>
	<X>-12.016660</X>
	<Y>-15.963176</Y></Vertex>
	<Vertex>
	<X>-11.672993</X>
	<Y>-16.240118</Y></Vertex>
	<Vertex>
	<X>-11.120313</X>
	<Y>-16.635835</Y></Vertex>
	<Vertex>
	<X>-10.709683</X>
	<Y>-16.902994</Y></Vertex>
	<Vertex>
	<X>-9.370011</X>
	<Y>-17.689702</Y></Vertex>
	<Vertex>
	<X>-8.908637</X>
	<Y>-17.908520</Y></Vertex>
	<Vertex>
	<X>-8.664236</X>
	<Y>-18.035933</Y></Vertex>
	<Vertex>
	<X>-7.952966</X>
	<Y>-18.372627</Y></Vertex>
	<Vertex>
	<X>-7.544123</X>
	<Y>-18.553325</Y></Vertex>
	<Vertex>
	<X>-7.252267</X>
	<Y>-18.671449</Y></Vertex>
	<Vertex>
	<X>-6.772796</X>
	<Y>-18.838234</Y></Vertex>
	<Vertex>
	<X>-6.499166</X>
	<Y>-18.942536</Y></Vertex>
	<Vertex>
	<X>-5.869665</X>
	<Y>-19.157819</Y></Vertex>
	<Vertex>
	<X>-5.455939</X>
	<Y>-19.287014</Y></Vertex>
	<Vertex>
	<X>-5.053224</X>
	<Y>-19.396460</Y></Vertex>
	<Vertex>
	<X>-3.563661</X>
	<Y>-19.740403</Y></Vertex>
	<Vertex>
	<X>-3.324179</X>
	<Y>-19.784550</Y></Vertex>
	<Vertex>
	<X>-2.209029</X>
	<Y>-19.934279</Y></Vertex>
	<Vertex>
	<X>-1.345006</X>
	<Y>-20.036195</Y></Vertex>
	<Vertex>
	<X>0.746398</X>
	<Y>-20.090063</Y></Vertex></VertexList>
	<Slice>
	<Region>
	<Tag>main</Tag>
	<contourTraj>2</contourTraj>
	<hatchTraj>3</hatchTraj>
	<Type>Outer</Type>
	<Edge>
	<Start>1</Start>
	<End>2</End>
	<Normal>
	<Nx>0</Nx>
	<Ny>0</Ny>
	<Nz>0</Nz></Normal></Edge>
	<Edge>
	<Start>2</Start>
	<End>3</End>
	<Normal>
	<Nx>0</Nx>
	<Ny>0</Ny>
	<Nz>0</Nz></Normal></Edge>
	<Edge>
	<Start>3</Start>
	<End>4</End>
	<Normal>
	<Nx>0</Nx>
	<Ny>0</Ny>
	<Nz>0</Nz></Normal></Edge>
	<Edge>
	<Start>4</Start>
	<End>5</End>
	<Normal>
	<Nx>0</Nx>
	<Ny>0</Ny>
	<Nz>0</Nz></Normal></Edge>
	<Edge>
	<Start>5</Start>
	<End>6</End>
	<Normal>
	<Nx>0</Nx>
	<Ny>0</Ny>
	<Nz>0</Nz></Normal></Edge>
	<Edge>
	<Start>6</Start>
	<End>7</End>
	<Normal>
	<Nx>0</Nx>
	<Ny>0</Ny>
	<Nz>0</Nz></Normal></Edge>
	<Edge>
	<Start>7</Start>
	<End>8</End>
	<Normal>
	<Nx>0</Nx>
	<Ny>0</Ny>
	<Nz>0</Nz></Normal></Edge>
	<Edge>
	<Start>8</Start>
	<End>9</End>
	<Normal>
	<Nx>0</Nx>
	<Ny>0</Ny>
	<Nz>0</Nz></Normal></Edge>
	<Edge>
	<Start>9</Start>
	<End>10</End>
	<Normal>
	<Nx>0</Nx>
	<Ny>0</Ny>
	<Nz>0</Nz></Normal></Edge>
	<Edge>
	<Start>10</Start>
	<End>11</End>
	<Normal>
	<Nx>0</Nx>
	<Ny>0</Ny>
	<Nz>0</Nz></Normal></Edge>
	<Edge>
	<Start>11</Start>
	<End>12</End>
	<Normal>
	<Nx>0</Nx>
	<Ny>0</Ny>
	<Nz>0</Nz></Normal></Edge>
	<Edge>
	<Start>12</Start>
	<End>13</End>
	<Normal>
	<Nx>0</Nx>
	<Ny>0</Ny>
	<Nz>0</Nz></Normal></Edge>
	<Edge>
	<Start>13</Start>
	<End>14</End>
	<Normal>
	<Nx>0</Nx>
	<Ny>0</Ny>
	<Nz>0</Nz></Normal></Edge>
	<Edge>
	<Start>14</Start>
	<End>15</End>
	<Normal>
	<Nx>0</Nx>
	<Ny>0</Ny>
	<Nz>0</Nz></Normal></Edge>
	<Edge>
	<Start>15</Start>
	<End>16</End>
	<Normal>
	<Nx>0</Nx>
	<Ny>0</Ny>
	<Nz>0</Nz></Normal></Edge>
	<Edge>
	<Start>16</Start>
	<End>17</End>
	<Normal>
	<Nx>0</Nx>
	<Ny>0</Ny>
	<Nz>0</Nz></Normal></Edge>
	<Edge>
	<Start>17</Start>
	<End>18</End>
	<Normal>
	<Nx>0</Nx>
	<Ny>0</Ny>
	<Nz>0</Nz></Normal></Edge>
	<Edge>
	<Start>18</Start>
	<End>19</End>
	<Normal>
	<Nx>0</Nx>
	<Ny>0</Ny>
	<Nz>0</Nz></Normal></Edge>
	<Edge>
	<Start>19</Start>
	<End>20</End>
	<Normal>
	<Nx>0</Nx>
	<Ny>0</Ny>
	<Nz>0</Nz></Normal></Edge>
	<Edge>
	<Start>20</Start>
	<End>21</End>
	<Normal>
	<Nx>0</Nx>
	<Ny>0</Ny>
	<Nz>0</Nz></Normal></Edge>
	<Edge>
	<Start>21</Start>
	<End>22</End>
	<Normal>
	<Nx>0</Nx>
	<Ny>0</Ny>
	<Nz>0</Nz></Normal></Edge>
	<Edge>
	<Start>22</Start>
	<End>23</End>
	<Normal>
	<Nx>0</Nx>
	<Ny>0</Ny>
	<Nz>0</Nz></Normal></Edge>
	<Edge>
	<Start>23</Start>
	<End>24</End>
	<Normal>
	<Nx>0</Nx>
	<Ny>0</Ny>
	<Nz>0</Nz></Normal></Edge>
	<Edge>
	<Start>24</Start>
	<End>25</End>
	<Normal>
	<Nx>0</Nx>
	<Ny>0</Ny>
	<Nz>0</Nz></Normal></Edge>
	<Edge>
	<Start>25</Start>
	<End>26</End>
	<Normal>
	<Nx>0</Nx>
	<Ny>0</Ny>
	<Nz>0</Nz></Normal></Edge>
	<Edge>
	<Start>26</Start>
	<End>27</End>
	<Normal>
	<Nx>0</Nx>
	<Ny>0</Ny>
	<Nz>0</Nz></Normal></Edge>
	<Edge>
	<Start>27</Start>
	<End>28</End>
	<Normal>
	<Nx>0</Nx>
	<Ny>0</Ny>
	<Nz>0</Nz></Normal></Edge>
	<Edge>
	<Start>28</Start>
	<End>29</End>
	<Normal>
	<Nx>0</Nx>
	<Ny>0</Ny>
	<Nz>0</Nz></Normal></Edge>
	<Edge>
	<Start>29</Start>
	<End>30</End>
	<Normal>
	<Nx>0</Nx>
	<Ny>0</Ny>
	<Nz>0</Nz></Normal></Edge>
	<Edge>
	<Start>30</Start>
	<End>31</End>
	<Normal>
	<Nx>0</Nx>
	<Ny>0</Ny>
	<Nz>0</Nz></Normal></Edge>
	<Edge>
	<Start>31</Start>
	<End>32</End>
	<Normal>
	<Nx>0</Nx>
	<Ny>0</Ny>
	<Nz>0</Nz></Normal></Edge>
	<Edge>
	<Start>32</Start>
	<End>33</End>
	<Normal>
	<Nx>0</Nx>
	<Ny>0</Ny>
	<Nz>0</Nz></Normal></Edge>
	<Edge>
	<Start>33</Start>
	<End>34</End>
	<Normal>
	<Nx>0</Nx>
	<Ny>0</Ny>
	<Nz>0</Nz></Normal></Edge>
	<Edge>
	<Start>34</Start>
	<End>35</End>
	<Normal>
	<Nx>0</Nx>
	<Ny>0</Ny>
	<Nz>0</Nz></Normal></Edge>
	<Edge>
	<Start>35</Start>
	<End>36</End>
	<Normal>
	<Nx>0</Nx>
	<Ny>0</Ny>
	<Nz>0</Nz></Normal></Edge>
	<Edge>
	<Start>36</Start>
	<End>37</End>
	<Normal>
	<Nx>0</Nx>
	<Ny>0</Ny>
	<Nz>0</Nz></Normal></Edge>
	<Edge>
	<Start>37</Start>
	<End>38</End>
	<Normal>
	<Nx>0</Nx>
	<Ny>0</Ny>
	<Nz>0</Nz></Normal></Edge>
	<Edge>
	<Start>38</Start>
	<End>39</End>
	<Normal>
	<Nx>0</Nx>
	<Ny>0</Ny>
	<Nz>0</Nz></Normal></Edge>
	<Edge>
	<Start>39</Start>
	<End>40</End>
	<Normal>
	<Nx>0</Nx>
	<Ny>0</Ny>
	<Nz>0</Nz></Normal></Edge>
	<Edge>
	<Start>40</Start>
	<End>41</End>
	<Normal>
	<Nx>0</Nx>
	<Ny>0</Ny>
	<Nz>0</Nz></Normal></Edge>
	<Edge>
	<Start>41</Start>
	<End>42</End>
	<Normal>
	<Nx>0</Nx>
	<Ny>0</Ny>
	<Nz>0</Nz></Normal></Edge>
	<Edge>
	<Start>42</Start>
	<End>43</End>
	<Normal>
	<Nx>0</Nx>
	<Ny>0</Ny>
	<Nz>0</Nz></Normal></Edge>
	<Edge>
	<Start>43</Start>
	<End>44</End>
	<Normal>
	<Nx>0</Nx>
	<Ny>0</Ny>
	<Nz>0</Nz></Normal></Edge>
	<Edge>
	<Start>44</Start>
	<End>45</End>
	<Normal>
	<Nx>0</Nx>
	<Ny>0</Ny>
	<Nz>0</Nz></Normal></Edge>
	<Edge>
	<Start>45</Start>
	<End>46</End>
	<Normal>
	<Nx>0</Nx>
	<Ny>0</Ny>
	<Nz>0</Nz></Normal></Edge>
	<Edge>
	<Start>46</Start>
	<End>47</End>
	<Normal>
	<Nx>0</Nx>
	<Ny>0</Ny>
	<Nz>0</Nz></Normal></Edge>
	<Edge>
	<Start>47</Start>
	<End>48</End>
	<Normal>
	<Nx>0</Nx>
	<Ny>0</Ny>
	<Nz>0</Nz></Normal></Edge>
	<Edge>
	<Start>48</Start>
	<End>49</End>
	<Normal>
	<Nx>0</Nx>
	<Ny>0</Ny>
	<Nz>0</Nz></Normal></Edge>
	<Edge>
	<Start>49</Start>
	<End>50</End>
	<Normal>
	<Nx>0</Nx>
	<Ny>0</Ny>
	<Nz>0</Nz></Normal></Edge>
	<Edge>
	<Start>50</Start>
	<End>51</End>
	<Normal>
	<Nx>0</Nx>
	<Ny>0</Ny>
	<Nz>0</Nz></Normal></Edge>
	<Edge>
	<Start>51</Start>
	<End>52</End>
	<Normal>
	<Nx>0</Nx>
	<Ny>0</Ny>
	<Nz>0</Nz></Normal></Edge>
	<Edge>
	<Start>52</Start>
	<End>53</End>
	<Normal>
	<Nx>0</Nx>
	<Ny>0</Ny>
	<Nz>0</Nz></Normal></Edge>
	<Edge>
	<Start>53</Start>
	<End>54</End>
	<Normal>
	<Nx>0</Nx>
	<Ny>0</Ny>
	<Nz>0</Nz></Normal></Edge>
	<Edge>
	<Start>54</Start>
	<End>55</End>
	<Normal>
	<Nx>0</Nx>
	<Ny>0</Ny>
	<Nz>0</Nz></Normal></Edge>
	<Edge>
	<Start>55</Start>
	<End>56</End>
	<Normal>
	<Nx>0</Nx>
	<Ny>0</Ny>
	<Nz>0</Nz></Normal></Edge>
	<Edge>
	<Start>56</Start>
	<End>57</End>
	<Normal>
	<Nx>0</Nx>
	<Ny>0</Ny>
	<Nz>0</Nz></Normal></Edge>
	<Edge>
	<Start>57</Start>
	<End>58</End>
	<Normal>
	<Nx>0</Nx>
	<Ny>0</Ny>
	<Nz>0</Nz></Normal></Edge>
	<Edge>
	<Start>58</Start>
	<End>59</End>
	<Normal>
	<Nx>0</Nx>
	<Ny>0</Ny>
	<Nz>0</Nz></Normal></Edge>
	<Edge>
	<Start>59</Start>
	<End>60</End>
	<Normal>
	<Nx>0</Nx>
	<Ny>0</Ny>
	<Nz>0</Nz></Normal></Edge>
	<Edge>
	<Start>60</Start>
	<End>61</End>
	<Normal>
	<Nx>0</Nx>
	<Ny>0</Ny>
	<Nz>0</Nz></Normal></Edge>
	<Edge>
	<Start>61</Start>
	<End>62</End>
	<Normal>
	<Nx>0</Nx>
	<Ny>0</Ny>
	<Nz>0</Nz></Normal></Edge>
	<Edge>
	<Start>62</Start>
	<End>63</End>
	<Normal>
	<Nx>0</Nx>
	<Ny>0</Ny>
	<Nz>0</Nz></Normal></Edge>
	<Edge>
	<Start>63</Start>
	<End>64</End>
	<Normal>
	<Nx>0</Nx>
	<Ny>0</Ny>
	<Nz>0</Nz></Normal></Edge>
	<Edge>
	<Start>64</Start>
	<End>65</End>
	<Normal>
	<Nx>0</Nx>
	<Ny>0</Ny>
	<Nz>0</Nz></Normal></Edge>
	<Edge>
	<Start>65</Start>
	<End>66</End>
	<Normal>
	<Nx>0</Nx>
	<Ny>0</Ny>
	<Nz>0</Nz></Normal></Edge>
	<Edge>
	<Start>66</Start>
	<End>67</End>
	<Normal>
	<Nx>0</Nx>
	<Ny>0</Ny>
	<Nz>0</Nz></Normal></Edge>
	<Edge>
	<Start>67</Start>
	<End>68</End>
	<Normal>
	<Nx>0</Nx>
	<Ny>0</Ny>
	<Nz>0</Nz></Normal></Edge>
	<Edge>
	<Start>68</Start>
	<End>69</End>
	<Normal>
	<Nx>0</Nx>
	<Ny>0</Ny>
	<Nz>0</Nz></Normal></Edge>
	<Edge>
	<Start>69</Start>
	<End>70</End>
	<Normal>
	<Nx>0</Nx>
	<Ny>0</Ny>
	<Nz>0</Nz></Normal></Edge>
	<Edge>
	<Start>70</Start>
	<End>71</End>
	<Normal>
	<Nx>0</Nx>
	<Ny>0</Ny>
	<Nz>0</Nz></Normal></Edge>
	<Edge>
	<Start>71</Start>
	<End>72</End>
	<Normal>
	<Nx>0</Nx>
	<Ny>0</Ny>
	<Nz>0</Nz></Normal></Edge>
	<Edge>
	<Start>72</Start>
	<End>73</End>
	<Normal>
	<Nx>0</Nx>
	<Ny>0</Ny>
	<Nz>0</Nz></Normal></Edge>
	<Edge>
	<Start>73</Start>
	<End>74</End>
	<Normal>
	<Nx>0</Nx>
	<Ny>0</Ny>
	<Nz>0</Nz></Normal></Edge>
	<Edge>
	<Start>74</Start>
	<End>75</End>
	<Normal>
	<Nx>0</Nx>
	<Ny>0</Ny>
	<Nz>0</Nz></Normal></Edge>
	<Edge>
	<Start>75</Start>
	<End>76</End>
	<Normal>
	<Nx>0</Nx>
	<Ny>0</Ny>
	<Nz>0</Nz></Normal></Edge>
	<Edge>
	<Start>76</Start>
	<End>77</End>
	<Normal>
	<Nx>0</Nx>
	<Ny>0</Ny>
	<Nz>0</Nz></Normal></Edge>
	<Edge>
	<Start>77</Start>
	<End>78</End>
	<Normal>
	<Nx>0</Nx>
	<Ny>0</Ny>
	<Nz>0</Nz></Normal></Edge>
	<Edge>
	<Start>78</Start>
	<End>79</End>
	<Normal>
	<Nx>0</Nx>
	<Ny>0</Ny>
	<Nz>0</Nz></Normal></Edge>
	<Edge>
	<Start>79</Start>
	<End>80</End>
	<Normal>
	<Nx>0</Nx>
	<Ny>0</Ny>
	<Nz>0</Nz></Normal></Edge>
	<Edge>
	<Start>80</Start>
	<End>81</End>
	<Normal>
	<Nx>0</Nx>
	<Ny>0</Ny>
	<Nz>0</Nz></Normal></Edge>
	<Edge>
	<Start>81</Start>
	<End>82</End>
	<Normal>
	<Nx>0</Nx>
	<Ny>0</Ny>
	<Nz>0</Nz></Normal></Edge>
	<Edge>
	<Start>82</Start>
	<End>83</End>
	<Normal>
	<Nx>0</Nx>
	<Ny>0</Ny>
	<Nz>0</Nz></Normal></Edge>
	<Edge>
	<Start>83</Start>
	<End>84</End>
	<Normal>
	<Nx>0</Nx>
	<Ny>0</Ny>
	<Nz>0</Nz></Normal></Edge>
	<Edge>
	<Start>84</Start>
	<End>85</End>
	<Normal>
	<Nx>0</Nx>
	<Ny>0</Ny>
	<Nz>0</Nz></Normal></Edge>
	<Edge>
	<Start>85</Start>
	<End>86</End>
	<Normal>
	<Nx>0</Nx>
	<Ny>0</Ny>
	<Nz>0</Nz></Normal></Edge>
	<Edge>
	<Start>86</Start>
	<End>87</End>
	<Normal>
	<Nx>0</Nx>
	<Ny>0</Ny>
	<Nz>0</Nz></Normal></Edge>
	<Edge>
	<Start>87</Start>
	<End>88</End>
	<Normal>
	<Nx>0</Nx>
	<Ny>0</Ny>
	<Nz>0</Nz></Normal></Edge>
	<Edge>
	<Start>88</Start>
	<End>89</End>
	<Normal>
	<Nx>0</Nx>
	<Ny>0</Ny>
	<Nz>0</Nz></Normal></Edge>
	<Edge>
	<Start>89</Start>
	<End>90</End>
	<Normal>
	<Nx>0</Nx>
	<Ny>0</Ny>
	<Nz>0</Nz></Normal></Edge>
	<Edge>
	<Start>90</Start>
	<End>91</End>
	<Normal>
	<Nx>0</Nx>
	<Ny>0</Ny>
	<Nz>0</Nz></Normal></Edge>
	<Edge>
	<Start>91</Start>
	<End>92</End>
	<Normal>
	<Nx>0</Nx>
	<Ny>0</Ny>
	<Nz>0</Nz></Normal></Edge>
	<Edge>
	<Start>92</Start>
	<End>93</End>
	<Normal>
	<Nx>0</Nx>
	<Ny>0</Ny>
	<Nz>0</Nz></Normal></Edge>
	<Edge>
	<Start>93</Start>
	<End>94</End>
	<Normal>
	<Nx>0</Nx>
	<Ny>0</Ny>
	<Nz>0</Nz></Normal></Edge>
	<Edge>
	<Start>94</Start>
	<End>95</End>
	<Normal>
	<Nx>0</Nx>
	<Ny>0</Ny>
	<Nz>0</Nz></Normal></Edge>
	<Edge>
	<Start>95</Start>
	<End>96</End>
	<Normal>
	<Nx>0</Nx>
	<Ny>0</Ny>
	<Nz>0</Nz></Normal></Edge>
	<Edge>
	<Start>96</Start>
	<End>97</End>
	<Normal>
	<Nx>0</Nx>
	<Ny>0</Ny>
	<Nz>0</Nz></Normal></Edge>
	<Edge>
	<Start>97</Start>
	<End>98</End>
	<Normal>
	<Nx>0</Nx>
	<Ny>0</Ny>
	<Nz>0</Nz></Normal></Edge>
	<Edge>
	<Start>98</Start>
	<End>99</End>
	<Normal>
	<Nx>0</Nx>
	<Ny>0</Ny>
	<Nz>0</Nz></Normal></Edge>
	<Edge>
	<Start>99</Start>
	<End>100</End>
	<Normal>
	<Nx>0</Nx>
	<Ny>0</Ny>
	<Nz>0</Nz></Normal></Edge>
	<Edge>
	<Start>100</Start>
	<End>101</End>
	<Normal>
	<Nx>0</Nx>
	<Ny>0</Ny>
	<Nz>0</Nz></Normal></Edge>
	<Edge>
	<Start>101</Start>
	<End>102</End>
	<Normal>
	<Nx>0</Nx>
	<Ny>0</Ny>
	<Nz>0</Nz></Normal></Edge>
	<Edge>
	<Start>102</Start>
	<End>103</End>
	<Normal>
	<Nx>0</Nx>
	<Ny>0</Ny>
	<Nz>0</Nz></Normal></Edge>
	<Edge>
	<Start>103</Start>
	<End>104</End>
	<Normal>
	<Nx>0</Nx>
	<Ny>0</Ny>
	<Nz>0</Nz></Normal></Edge>
	<Edge>
	<Start>104</Start>
	<End>105</End>
	<Normal>
	<Nx>0</Nx>
	<Ny>0</Ny>
	<Nz>0</Nz></Normal></Edge>
	<Edge>
	<Start>105</Start>
	<End>106</End>
	<Normal>
	<Nx>0</Nx>
	<Ny>0</Ny>
	<Nz>0</Nz></Normal></Edge>
	<Edge>
	<Start>106</Start>
	<End>107</End>
	<Normal>
	<Nx>0</Nx>
	<Ny>0</Ny>
	<Nz>0</Nz></Normal></Edge>
	<Edge>
	<Start>107</Start>
	<End>108</End>
	<Normal>
	<Nx>0</Nx>
	<Ny>0</Ny>
	<Nz>0</Nz></Normal></Edge>
	<Edge>
	<Start>108</Start>
	<End>109</End>
	<Normal>
	<Nx>0</Nx>
	<Ny>0</Ny>
	<Nz>0</Nz></Normal></Edge>
	<Edge>
	<Start>109</Start>
	<End>110</End>
	<Normal>
	<Nx>0</Nx>
	<Ny>0</Ny>
	<Nz>0</Nz></Normal></Edge>
	<Edge>
	<Start>110</Start>
	<End>111</End>
	<Normal>
	<Nx>0</Nx>
	<Ny>0</Ny>
	<Nz>0</Nz></Normal></Edge>
	<Edge>
	<Start>111</Start>
	<End>112</End>
	<Normal>
	<Nx>0</Nx>
	<Ny>0</Ny>
	<Nz>0</Nz></Normal></Edge>
	<Edge>
	<Start>112</Start>
	<End>113</End>
	<Normal>
	<Nx>0</Nx>
	<Ny>0</Ny>
	<Nz>0</Nz></Normal></Edge>
	<Edge>
	<Start>113</Start>
	<End>114</End>
	<Normal>
	<Nx>0</Nx>
	<Ny>0</Ny>
	<Nz>0</Nz></Normal></Edge>
	<Edge>
	<Start>114</Start>
	<End>115</End>
	<Normal>
	<Nx>0</Nx>
	<Ny>0</Ny>
	<Nz>0</Nz></Normal></Edge>
	<Edge>
	<Start>115</Start>
	<End>116</End>
	<Normal>
	<Nx>0</Nx>
	<Ny>0</Ny>
	<Nz>0</Nz></Normal></Edge>
	<Edge>
	<Start>116</Start>
	<End>117</End>
	<Normal>
	<Nx>0</Nx>
	<Ny>0</Ny>
	<Nz>0</Nz></Normal></Edge>
	<Edge>
	<Start>117</Start>
	<End>118</End>
	<Normal>
	<Nx>0</Nx>
	<Ny>0</Ny>
	<Nz>0</Nz></Normal></Edge>
	<Edge>
	<Start>118</Start>
	<End>119</End>
	<Normal>
	<Nx>0</Nx>
	<Ny>0</Ny>
	<Nz>0</Nz></Normal></Edge>
	<Edge>
	<Start>119</Start>
	<End>120</End>
	<Normal>
	<Nx>0</Nx>
	<Ny>0</Ny>
	<Nz>0</Nz></Normal></Edge>
	<Edge>
	<Start>120</Start>
	<End>121</End>
	<Normal>
	<Nx>0</Nx>
	<Ny>0</Ny>
	<Nz>0</Nz></Normal></Edge>
	<Edge>
	<Start>121</Start>
	<End>122</End>
	<Normal>
	<Nx>0</Nx>
	<Ny>0</Ny>
	<Nz>0</Nz></Normal></Edge>
	<Edge>
	<Start>122</Start>
	<End>123</End>
	<Normal>
	<Nx>0</Nx>
	<Ny>0</Ny>
	<Nz>0</Nz></Normal></Edge>
	<Edge>
	<Start>123</Start>
	<End>124</End>
	<Normal>
	<Nx>0</Nx>
	<Ny>0</Ny>
	<Nz>0</Nz></Normal></Edge>
	<Edge>
	<Start>124</Start>
	<End>125</End>
	<Normal>
	<Nx>0</Nx>
	<Ny>0</Ny>
	<Nz>0</Nz></Normal></Edge>
	<Edge>
	<Start>125</Start>
	<End>126</End>
	<Normal>
	<Nx>0</Nx>
	<Ny>0</Ny>
	<Nz>0</Nz></Normal></Edge>
	<Edge>
	<Start>126</Start>
	<End>127</End>
	<Normal>
	<Nx>0</Nx>
	<Ny>0</Ny>
	<Nz>0</Nz></Normal></Edge>
	<Edge>
	<Start>127</Start>
	<End>128</End>
	<Normal>
	<Nx>0</Nx>
	<Ny>0</Ny>
	<Nz>0</Nz></Normal></Edge>
	<Edge>
	<Start>128</Start>
	<End>129</End>
	<Normal>
	<Nx>0</Nx>
	<Ny>0</Ny>
	<Nz>0</Nz></Normal></Edge>
	<Edge>
	<Start>129</Start>
	<End>130</End>
	<Normal>
	<Nx>0</Nx>
	<Ny>0</Ny>
	<Nz>0</Nz></Normal></Edge>
	<Edge>
	<Start>130</Start>
	<End>131</End>
	<Normal>
	<Nx>0</Nx>
	<Ny>0</Ny>
	<Nz>0</Nz></Normal></Edge>
	<Edge>
	<Start>131</Start>
	<End>132</End>
	<Normal>
	<Nx>0</Nx>
	<Ny>0</Ny>
	<Nz>0</Nz></Normal></Edge>
	<Edge>
	<Start>132</Start>
	<End>133</End>
	<Normal>
	<Nx>0</Nx>
	<Ny>0</Ny>
	<Nz>0</Nz></Normal></Edge>
	<Edge>
	<Start>133</Start>
	<End>134</End>
	<Normal>
	<Nx>0</Nx>
	<Ny>0</Ny>
	<Nz>0</Nz></Normal></Edge>
	<Edge>
	<Start>134</Start>
	<End>135</End>
	<Normal>
	<Nx>0</Nx>
	<Ny>0</Ny>
	<Nz>0</Nz></Normal></Edge>
	<Edge>
	<Start>135</Start>
	<End>136</End>
	<Normal>
	<Nx>0</Nx>
	<Ny>0</Ny>
	<Nz>0</Nz></Normal></Edge>
	<Edge>
	<Start>136</Start>
	<End>137</End>
	<Normal>
	<Nx>0</Nx>
	<Ny>0</Ny>
	<Nz>0</Nz></Normal></Edge>
	<Edge>
	<Start>137</Start>
	<End>138</End>
	<Normal>
	<Nx>0</Nx>
	<Ny>0</Ny>
	<Nz>0</Nz></Normal></Edge>
	<Edge>
	<Start>138</Start>
	<End>139</End>
	<Normal>
	<Nx>0</Nx>
	<Ny>0</Ny>
	<Nz>0</Nz></Normal></Edge>
	<Edge>
	<Start>139</Start>
	<End>140</End>
	<Normal>
	<Nx>0</Nx>
	<Ny>0</Ny>
	<Nz>0</Nz></Normal></Edge>
	<Edge>
	<Start>140</Start>
	<End>141</End>
	<Normal>
	<Nx>0</Nx>
	<Ny>0</Ny>
	<Nz>0</Nz></Normal></Edge>
	<Edge>
	<Start>141</Start>
	<End>142</End>
	<Normal>
	<Nx>0</Nx>
	<Ny>0</Ny>
	<Nz>0</Nz></Normal></Edge>
	<Edge>
	<Start>142</Start>
	<End>143</End>
	<Normal>
	<Nx>0</Nx>
	<Ny>0</Ny>
	<Nz>0</Nz></Normal></Edge>
	<Edge>
	<Start>143</Start>
	<End>144</End>
	<Normal>
	<Nx>0</Nx>
	<Ny>0</Ny>
	<Nz>0</Nz></Normal></Edge>
	<Edge>
	<Start>144</Start>
	<End>145</End>
	<Normal>
	<Nx>0</Nx>
	<Ny>0</Ny>
	<Nz>0</Nz></Normal></Edge>
	<Edge>
	<Start>145</Start>
	<End>146</End>
	<Normal>
	<Nx>0</Nx>
	<Ny>0</Ny>
	<Nz>0</Nz></Normal></Edge>
	<Edge>
	<Start>146</Start>
	<End>147</End>
	<Normal>
	<Nx>0</Nx>
	<Ny>0</Ny>
	<Nz>0</Nz></Normal></Edge>
	<Edge>
	<Start>147</Start>
	<End>148</End>
	<Normal>
	<Nx>0</Nx>
	<Ny>0</Ny>
	<Nz>0</Nz></Normal></Edge>
	<Edge>
	<Start>148</Start>
	<End>149</End>
	<Normal>
	<Nx>0</Nx>
	<Ny>0</Ny>
	<Nz>0</Nz></Normal></Edge>
	<Edge>
	<Start>149</Start>
	<End>150</End>
	<Normal>
	<Nx>0</Nx>
	<Ny>0</Ny>
	<Nz>0</Nz></Normal></Edge>
	<Edge>
	<Start>150</Start>
	<End>151</End>
	<Normal>
	<Nx>0</Nx>
	<Ny>0</Ny>
	<Nz>0</Nz></Normal></Edge>
	<Edge>
	<Start>151</Start>
	<End>152</End>
	<Normal>
	<Nx>0</Nx>
	<Ny>0</Ny>
	<Nz>0</Nz></Normal></Edge>
	<Edge>
	<Start>152</Start>
	<End>153</End>
	<Normal>
	<Nx>0</Nx>
	<Ny>0</Ny>
	<Nz>0</Nz></Normal></Edge>
	<Edge>
	<Start>153</Start>
	<End>154</End>
	<Normal>
	<Nx>0</Nx>
	<Ny>0</Ny>
	<Nz>0</Nz></Normal></Edge>
	<Edge>
	<Start>154</Start>
	<End>155</End>
	<Normal>
	<Nx>0</Nx>
	<Ny>0</Ny>
	<Nz>0</Nz></Normal></Edge>
	<Edge>
	<Start>155</Start>
	<End>156</End>
	<Normal>
	<Nx>0</Nx>
	<Ny>0</Ny>
	<Nz>0</Nz></Normal></Edge>
	<Edge>
	<Start>156</Start>
	<End>157</End>
	<Normal>
	<Nx>0</Nx>
	<Ny>0</Ny>
	<Nz>0</Nz></Normal></Edge>
	<Edge>
	<Start>157</Start>
	<End>158</End>
	<Normal>
	<Nx>0</Nx>
	<Ny>0</Ny>
	<Nz>0</Nz></Normal></Edge>
	<Edge>
	<Start>158</Start>
	<End>159</End>
	<Normal>
	<Nx>0</Nx>
	<Ny>0</Ny>
	<Nz>0</Nz></Normal></Edge>
	<Edge>
	<Start>159</Start>
	<End>160</End>
	<Normal>
	<Nx>0</Nx>
	<Ny>0</Ny>
	<Nz>0</Nz></Normal></Edge>
	<Edge>
	<Start>160</Start>
	<End>161</End>
	<Normal>
	<Nx>0</Nx>
	<Ny>0</Ny>
	<Nz>0</Nz></Normal></Edge>
	<Edge>
	<Start>161</Start>
	<End>162</End>
	<Normal>
	<Nx>0</Nx>
	<Ny>0</Ny>
	<Nz>0</Nz></Normal></Edge>
	<Edge>
	<Start>162</Start>
	<End>163</End>
	<Normal>
	<Nx>0</Nx>
	<Ny>0</Ny>
	<Nz>0</Nz></Normal></Edge>
	<Edge>
	<Start>163</Start>
	<End>164</End>
	<Normal>
	<Nx>0</Nx>
	<Ny>0</Ny>
	<Nz>0</Nz></Normal></Edge>
	<Edge>
	<Start>164</Start>
	<End>165</End>
	<Normal>
	<Nx>0</Nx>
	<Ny>0</Ny>
	<Nz>0</Nz></Normal></Edge>
	<Edge>
	<Start>165</Start>
	<End>166</End>
	<Normal>
	<Nx>0</Nx>
	<Ny>0</Ny>
	<Nz>0</Nz></Normal></Edge>
	<Edge>
	<Start>166</Start>
	<End>167</End>
	<Normal>
	<Nx>0</Nx>
	<Ny>0</Ny>
	<Nz>0</Nz></Normal></Edge>
	<Edge>
	<Start>167</Start>
	<End>168</End>
	<Normal>
	<Nx>0</Nx>
	<Ny>0</Ny>
	<Nz>0</Nz></Normal></Edge>
	<Edge>
	<Start>168</Start>
	<End>169</End>
	<Normal>
	<Nx>0</Nx>
	<Ny>0</Ny>
	<Nz>0</Nz></Normal></Edge>
	<Edge>
	<Start>169</Start>
	<End>170</End>
	<Normal>
	<Nx>0</Nx>
	<Ny>0</Ny>
	<Nz>0</Nz></Normal></Edge>
	<Edge>
	<Start>170</Start>
	<End>171</End>
	<Normal>
	<Nx>0</Nx>
	<Ny>0</Ny>
	<Nz>0</Nz></Normal></Edge>
	<Edge>
	<Start>171</Start>
	<End>172</End>
	<Normal>
	<Nx>0</Nx>
	<Ny>0</Ny>
	<Nz>0</Nz></Normal></Edge>
	<Edge>
	<Start>172</Start>
	<End>173</End>
	<Normal>
	<Nx>0</Nx>
	<Ny>0</Ny>
	<Nz>0</Nz></Normal></Edge>
	<Edge>
	<Start>173</Start>
	<End>174</End>
	<Normal>
	<Nx>0</Nx>
	<Ny>0</Ny>
	<Nz>0</Nz></Normal></Edge>
	<Edge>
	<Start>174</Start>
	<End>175</End>
	<Normal>
	<Nx>0</Nx>
	<Ny>0</Ny>
	<Nz>0</Nz></Normal></Edge>
	<Edge>
	<Start>175</Start>
	<End>176</End>
	<Normal>
	<Nx>0</Nx>
	<Ny>0</Ny>
	<Nz>0</Nz></Normal></Edge>
	<Edge>
	<Start>176</Start>
	<End>177</End>
	<Normal>
	<Nx>0</Nx>
	<Ny>0</Ny>
	<Nz>0</Nz></Normal></Edge>
	<Edge>
	<Start>177</Start>
	<End>178</End>
	<Normal>
	<Nx>0</Nx>
	<Ny>0</Ny>
	<Nz>0</Nz></Normal></Edge>
	<Edge>
	<Start>178</Start>
	<End>179</End>
	<Normal>
	<Nx>0</Nx>
	<Ny>0</Ny>
	<Nz>0</Nz></Normal></Edge>
	<Edge>
	<Start>179</Start>
	<End>180</End>
	<Normal>
	<Nx>0</Nx>
	<Ny>0</Ny>
	<Nz>0</Nz></Normal></Edge>
	<Edge>
	<Start>180</Start>
	<End>181</End>
	<Normal>
	<Nx>0</Nx>
	<Ny>0</Ny>
	<Nz>0</Nz></Normal></Edge>
	<Edge>
	<Start>181</Start>
	<End>182</End>
	<Normal>
	<Nx>0</Nx>
	<Ny>0</Ny>
	<Nz>0</Nz></Normal></Edge>
	<Edge>
	<Start>182</Start>
	<End>183</End>
	<Normal>
	<Nx>0</Nx>
	<Ny>0</Ny>
	<Nz>0</Nz></Normal></Edge>
	<Edge>
	<Start>183</Start>
	<End>184</End>
	<Normal>
	<Nx>0</Nx>
	<Ny>0</Ny>
	<Nz>0</Nz></Normal></Edge>
	<Edge>
	<Start>184</Start>
	<End>185</End>
	<Normal>
	<Nx>0</Nx>
	<Ny>0</Ny>
	<Nz>0</Nz></Normal></Edge>
	<Edge>
	<Start>185</Start>
	<End>186</End>
	<Normal>
	<Nx>0</Nx>
	<Ny>0</Ny>
	<Nz>0</Nz></Normal></Edge>
	<Edge>
	<Start>186</Start>
	<End>187</End>
	<Normal>
	<Nx>0</Nx>
	<Ny>0</Ny>
	<Nz>0</Nz></Normal></Edge>
	<Edge>
	<Start>187</Start>
	<End>188</End>
	<Normal>
	<Nx>0</Nx>
	<Ny>0</Ny>
	<Nz>0</Nz></Normal></Edge>
	<Edge>
	<Start>188</Start>
	<End>189</End>
	<Normal>
	<Nx>0</Nx>
	<Ny>0</Ny>
	<Nz>0</Nz></Normal></Edge>
	<Edge>
	<Start>189</Start>
	<End>190</End>
	<Normal>
	<Nx>0</Nx>
	<Ny>0</Ny>
	<Nz>0</Nz></Normal></Edge>
	<Edge>
	<Start>190</Start>
	<End>191</End>
	<Normal>
	<Nx>0</Nx>
	<Ny>0</Ny>
	<Nz>0</Nz></Normal></Edge>
	<Edge>
	<Start>191</Start>
	<End>192</End>
	<Normal>
	<Nx>0</Nx>
	<Ny>0</Ny>
	<Nz>0</Nz></Normal></Edge>
	<Edge>
	<Start>192</Start>
	<End>193</End>
	<Normal>
	<Nx>0</Nx>
	<Ny>0</Ny>
	<Nz>0</Nz></Normal></Edge>
	<Edge>
	<Start>193</Start>
	<End>194</End>
	<Normal>
	<Nx>0</Nx>
	<Ny>0</Ny>
	<Nz>0</Nz></Normal></Edge>
	<Edge>
	<Start>194</Start>
	<End>195</End>
	<Normal>
	<Nx>0</Nx>
	<Ny>0</Ny>
	<Nz>0</Nz></Normal></Edge>
	<Edge>
	<Start>195</Start>
	<End>196</End>
	<Normal>
	<Nx>0</Nx>
	<Ny>0</Ny>
	<Nz>0</Nz></Normal></Edge>
	<Edge>
	<Start>196</Start>
	<End>197</End>
	<Normal>
	<Nx>0</Nx>
	<Ny>0</Ny>
	<Nz>0</Nz></Normal></Edge>
	<Edge>
	<Start>197</Start>
	<End>198</End>
	<Normal>
	<Nx>0</Nx>
	<Ny>0</Ny>
	<Nz>0</Nz></Normal></Edge>
	<Edge>
	<Start>198</Start>
	<End>199</End>
	<Normal>
	<Nx>0</Nx>
	<Ny>0</Ny>
	<Nz>0</Nz></Normal></Edge>
	<Edge>
	<Start>199</Start>
	<End>200</End>
	<Normal>
	<Nx>0</Nx>
	<Ny>0</Ny>
	<Nz>0</Nz></Normal></Edge>
	<Edge>
	<Start>200</Start>
	<End>201</End>
	<Normal>
	<Nx>0</Nx>
	<Ny>0</Ny>
	<Nz>0</Nz></Normal></Edge>
	<Edge>
	<Start>201</Start>
	<End>202</End>
	<Normal>
	<Nx>0</Nx>
	<Ny>0</Ny>
	<Nz>0</Nz></Normal></Edge>
	<Edge>
	<Start>202</Start>
	<End>203</End>
	<Normal>
	<Nx>0</Nx>
	<Ny>0</Ny>
	<Nz>0</Nz></Normal></Edge>
	<Edge>
	<Start>203</Start>
	<End>204</End>
	<Normal>
	<Nx>0</Nx>
	<Ny>0</Ny>
	<Nz>0</Nz></Normal></Edge>
	<Edge>
	<Start>204</Start>
	<End>205</End>
	<Normal>
	<Nx>0</Nx>
	<Ny>0</Ny>
	<Nz>0</Nz></Normal></Edge>
	<Edge>
	<Start>205</Start>
	<End>206</End>
	<Normal>
	<Nx>0</Nx>
	<Ny>0</Ny>
	<Nz>0</Nz></Normal></Edge>
	<Edge>
	<Start>206</Start>
	<End>207</End>
	<Normal>
	<Nx>0</Nx>
	<Ny>0</Ny>
	<Nz>0</Nz></Normal></Edge>
	<Edge>
	<Start>207</Start>
	<End>208</End>
	<Normal>
	<Nx>0</Nx>
	<Ny>0</Ny>
	<Nz>0</Nz></Normal></Edge>
	<Edge>
	<Start>208</Start>
	<End>209</End>
	<Normal>
	<Nx>0</Nx>
	<Ny>0</Ny>
	<Nz>0</Nz></Normal></Edge>
	<Edge>
	<Start>209</Start>
	<End>210</End>
	<Normal>
	<Nx>0</Nx>
	<Ny>0</Ny>
	<Nz>0</Nz></Normal></Edge>
	<Edge>
	<Start>210</Start>
	<End>211</End>
	<Normal>
	<Nx>0</Nx>
	<Ny>0</Ny>
	<Nz>0</Nz></Normal></Edge>
	<Edge>
	<Start>211</Start>
	<End>212</End>
	<Normal>
	<Nx>0</Nx>
	<Ny>0</Ny>
	<Nz>0</Nz></Normal></Edge>
	<Edge>
	<Start>212</Start>
	<End>213</End>
	<Normal>
	<Nx>0</Nx>
	<Ny>0</Ny>
	<Nz>0</Nz></Normal></Edge>
	<Edge>
	<Start>213</Start>
	<End>214</End>
	<Normal>
	<Nx>0</Nx>
	<Ny>0</Ny>
	<Nz>0</Nz></Normal></Edge>
	<Edge>
	<Start>214</Start>
	<End>215</End>
	<Normal>
	<Nx>0</Nx>
	<Ny>0</Ny>
	<Nz>0</Nz></Normal></Edge>
	<Edge>
	<Start>215</Start>
	<End>216</End>
	<Normal>
	<Nx>0</Nx>
	<Ny>0</Ny>
	<Nz>0</Nz></Normal></Edge>
	<Edge>
	<Start>216</Start>
	<End>217</End>
	<Normal>
	<Nx>0</Nx>
	<Ny>0</Ny>
	<Nz>0</Nz></Normal></Edge>
	<Edge>
	<Start>217</Start>
	<End>1</End>
	<Normal>
	<Nx>0</Nx>
	<Ny>0</Ny>
	<Nz>0</Nz></Normal></Edge></Region></Slice>
</Layer>