<?xml version="1.0"?><!--America Makes layer file created using MSXML 6.0--><Layer>
	<Thickness>0.05</Thickness>
	<VertexList>
	<Vertex>
	<X>-0.900001</X>
	<Y>2.640000</Y>
	<Co-ordinate_system>Cartesian</Co-ordinate_system></Vertex>
	<Vertex>
	<X>-1.900000</X>
	<Y>2.640000</Y></Vertex>
	<Vertex>
	<X>-1.900000</X>
	<Y>1.640000</Y></Vertex>
	<Vertex>
	<X>-0.900001</X>
	<Y>1.640000</Y></Vertex>
	<Vertex>
	<X>-1.387072</X>
	<Y>1.899128</Y></Vertex>
	<Vertex>
	<X>-1.436610</X>
	<Y>1.895416</Y></Vertex>
	<Vertex>
	<X>-1.509263</X>
	<Y>1.911999</Y></Vertex>
	<Vertex>
	<X>-1.573801</X>
	<Y>1.949258</Y></Vertex>
	<Vertex>
	<X>-1.624487</X>
	<Y>2.003886</Y></Vertex>
	<Vertex>
	<X>-1.656822</X>
	<Y>2.071028</Y></Vertex>
	<Vertex>
	<X>-1.667928</X>
	<Y>2.144717</Y></Vertex>
	<Vertex>
	<X>-1.656821</X>
	<Y>2.218405</Y></Vertex>
	<Vertex>
	<X>-1.624487</X>
	<Y>2.285547</Y></Vertex>
	<Vertex>
	<X>-1.573801</X>
	<Y>2.340174</Y></Vertex>
	<Vertex>
	<X>-1.509263</X>
	<Y>2.377436</Y></Vertex>
	<Vertex>
	<X>-1.436610</X>
	<Y>2.394018</Y></Vertex>
	<Vertex>
	<X>-1.362297</X>
	<Y>2.388448</Y></Vertex>
	<Vertex>
	<X>-1.292928</X>
	<Y>2.361224</Y></Vertex>
	<Vertex>
	<X>-1.234666</X>
	<Y>2.314760</Y></Vertex>
	<Vertex>
	<X>-1.218922</X>
	<Y>2.291670</Y></Vertex>
	<Vertex>
	<X>-1.192685</X>
	<Y>2.253188</Y></Vertex>
	<Vertex>
	<X>-1.170720</X>
	<Y>2.181978</Y></Vertex>
	<Vertex>
	<X>-1.170720</X>
	<Y>2.107457</Y></Vertex>
	<Vertex>
	<X>-1.192685</X>
	<Y>2.036246</Y></Vertex>
	<Vertex>
	<X>-1.234665</X>
	<Y>1.974674</Y></Vertex>
	<Vertex>
	<X>-1.292927</X>
	<Y>1.928210</Y></Vertex>
	<Vertex>
	<X>-1.387072</X>
	<Y>1.891261</Y></Vertex>
	<Vertex>
	<X>-0.900001</X>
	<Y>4.640000</Y></Vertex>
	<Vertex>
	<X>-1.900000</X>
	<Y>4.640000</Y></Vertex>
	<Vertex>
	<X>-1.900000</X>
	<Y>3.640000</Y></Vertex>
	<Vertex>
	<X>-0.900001</X>
	<Y>3.640000</Y></Vertex>
	<Vertex>
	<X>-1.387072</X>
	<Y>3.899128</Y></Vertex>
	<Vertex>
	<X>-1.436610</X>
	<Y>3.895416</Y></Vertex>
	<Vertex>
	<X>-1.509263</X>
	<Y>3.911999</Y></Vertex>
	<Vertex>
	<X>-1.573801</X>
	<Y>3.949258</Y></Vertex>
	<Vertex>
	<X>-1.624487</X>
	<Y>4.003886</Y></Vertex>
	<Vertex>
	<X>-1.656822</X>
	<Y>4.071028</Y></Vertex>
	<Vertex>
	<X>-1.667928</X>
	<Y>4.144717</Y></Vertex>
	<Vertex>
	<X>-1.656821</X>
	<Y>4.218405</Y></Vertex>
	<Vertex>
	<X>-1.624487</X>
	<Y>4.285547</Y></Vertex>
	<Vertex>
	<X>-1.573801</X>
	<Y>4.340174</Y></Vertex>
	<Vertex>
	<X>-1.509263</X>
	<Y>4.377436</Y></Vertex>
	<Vertex>
	<X>-1.436610</X>
	<Y>4.394018</Y></Vertex>
	<Vertex>
	<X>-1.362297</X>
	<Y>4.388448</Y></Vertex>
	<Vertex>
	<X>-1.292928</X>
	<Y>4.361224</Y></Vertex>
	<Vertex>
	<X>-1.234666</X>
	<Y>4.314760</Y></Vertex>
	<Vertex>
	<X>-1.218922</X>
	<Y>4.291670</Y></Vertex>
	<Vertex>
	<X>-1.192685</X>
	<Y>4.253188</Y></Vertex>
	<Vertex>
	<X>-1.170720</X>
	<Y>4.181978</Y></Vertex>
	<Vertex>
	<X>-1.170720</X>
	<Y>4.107457</Y></Vertex>
	<Vertex>
	<X>-1.192685</X>
	<Y>4.036246</Y></Vertex>
	<Vertex>
	<X>-1.234665</X>
	<Y>3.974674</Y></Vertex>
	<Vertex>
	<X>-1.292927</X>
	<Y>3.928210</Y></Vertex>
	<Vertex>
	<X>-1.387072</X>
	<Y>3.891261</Y></Vertex>
	<Vertex>
	<X>-0.900001</X>
	<Y>0.640000</Y></Vertex>
	<Vertex>
	<X>-1.900000</X>
	<Y>0.640000</Y></Vertex>
	<Vertex>
	<X>-1.900000</X>
	<Y>-0.360000</Y></Vertex>
	<Vertex>
	<X>-0.900001</X>
	<Y>-0.360000</Y></Vertex>
	<Vertex>
	<X>-1.387072</X>
	<Y>-0.100872</Y></Vertex>
	<Vertex>
	<X>-1.436610</X>
	<Y>-0.104584</Y></Vertex>
	<Vertex>
	<X>-1.509263</X>
	<Y>-0.088001</Y></Vertex>
	<Vertex>
	<X>-1.573801</X>
	<Y>-0.050742</Y></Vertex>
	<Vertex>
	<X>-1.624487</X>
	<Y>0.003886</Y></Vertex>
	<Vertex>
	<X>-1.656822</X>
	<Y>0.071028</Y></Vertex>
	<Vertex>
	<X>-1.667928</X>
	<Y>0.144717</Y></Vertex>
	<Vertex>
	<X>-1.656821</X>
	<Y>0.218405</Y></Vertex>
	<Vertex>
	<X>-1.624487</X>
	<Y>0.285547</Y></Vertex>
	<Vertex>
	<X>-1.573801</X>
	<Y>0.340174</Y></Vertex>
	<Vertex>
	<X>-1.509263</X>
	<Y>0.377436</Y></Vertex>
	<Vertex>
	<X>-1.436610</X>
	<Y>0.394018</Y></Vertex>
	<Vertex>
	<X>-1.362297</X>
	<Y>0.388448</Y></Vertex>
	<Vertex>
	<X>-1.292928</X>
	<Y>0.361224</Y></Vertex>
	<Vertex>
	<X>-1.234666</X>
	<Y>0.314760</Y></Vertex>
	<Vertex>
	<X>-1.218922</X>
	<Y>0.291670</Y></Vertex>
	<Vertex>
	<X>-1.192685</X>
	<Y>0.253188</Y></Vertex>
	<Vertex>
	<X>-1.170720</X>
	<Y>0.181978</Y></Vertex>
	<Vertex>
	<X>-1.170720</X>
	<Y>0.107457</Y></Vertex>
	<Vertex>
	<X>-1.192685</X>
	<Y>0.036246</Y></Vertex>
	<Vertex>
	<X>-1.234665</X>
	<Y>-0.025326</Y></Vertex>
	<Vertex>
	<X>-1.292927</X>
	<Y>-0.071790</Y></Vertex>
	<Vertex>
	<X>-1.387072</X>
	<Y>-0.108739</Y></Vertex>
	<Vertex>
	<X>5.000000</X>
	<Y>1.000000</Y></Vertex>
	<Vertex>
	<X>4.000000</X>
	<Y>1.000000</Y></Vertex>
	<Vertex>
	<X>4.000000</X>
	<Y>0.000000</Y></Vertex>
	<Vertex>
	<X>5.000000</X>
	<Y>0.000000</Y></Vertex>
	<Vertex>
	<X>5.000000</X>
	<Y>3.000000</Y></Vertex>
	<Vertex>
	<X>4.000000</X>
	<Y>3.000000</Y></Vertex>
	<Vertex>
	<X>4.000000</X>
	<Y>2.000000</Y></Vertex>
	<Vertex>
	<X>5.000000</X>
	<Y>2.000000</Y></Vertex>
	<Vertex>
	<X>5.000000</X>
	<Y>5.000000</Y></Vertex>
	<Vertex>
	<X>4.000000</X>
	<Y>5.000000</Y></Vertex>
	<Vertex>
	<X>4.000000</X>
	<Y>4.000000</Y></Vertex>
	<Vertex>
	<X>5.000000</X>
	<Y>4.000000</Y></Vertex></VertexList>
	<Slice>
	<Region>
	<Tag>cube_laser1_concurrent</Tag>
	<contourTraj>1</contourTraj>
	<hatchTraj>3</hatchTraj>
	<Type>Outer</Type>
	<Edge>
	<Start>1</Start>
	<End>2</End>
	<Normal>
	<Nx>0</Nx>
	<Ny>0</Ny>
	<Nz>0</Nz></Normal></Edge>
	<Edge>
	<Start>2</Start>
	<End>3</End>
	<Normal>
	<Nx>0</Nx>
	<Ny>0</Ny>
	<Nz>0</Nz></Normal></Edge>
	<Edge>
	<Start>3</Start>
	<End>4</End>
	<Normal>
	<Nx>0</Nx>
	<Ny>0</Ny>
	<Nz>0</Nz></Normal></Edge>
	<Edge>
	<Start>4</Start>
	<End>1</End>
	<Normal>
	<Nx>0</Nx>
	<Ny>0</Ny>
	<Nz>0</Nz></Normal></Edge></Region>
	<Region>
	<Tag>cube_laser1_concurrent</Tag>
	<contourTraj>1</contourTraj>
	<hatchTraj>3</hatchTraj>
	<Type>Inner</Type>
	<Edge>
	<Start>5</Start>
	<End>6</End>
	<Normal>
	<Nx>0</Nx>
	<Ny>0</Ny>
	<Nz>0</Nz></Normal></Edge>
	<Edge>
	<Start>6</Start>
	<End>7</End>
	<Normal>
	<Nx>0</Nx>
	<Ny>0</Ny>
	<Nz>0</Nz></Normal></Edge>
	<Edge>
	<Start>7</Start>
	<End>8</End>
	<Normal>
	<Nx>0</Nx>
	<Ny>0</Ny>
	<Nz>0</Nz></Normal></Edge>
	<Edge>
	<Start>8</Start>
	<End>9</End>
	<Normal>
	<Nx>0</Nx>
	<Ny>0</Ny>
	<Nz>0</Nz></Normal></Edge>
	<Edge>
	<Start>9</Start>
	<End>10</End>
	<Normal>
	<Nx>0</Nx>
	<Ny>0</Ny>
	<Nz>0</Nz></Normal></Edge>
	<Edge>
	<Start>10</Start>
	<End>11</End>
	<Normal>
	<Nx>0</Nx>
	<Ny>0</Ny>
	<Nz>0</Nz></Normal></Edge>
	<Edge>
	<Start>11</Start>
	<End>12</End>
	<Normal>
	<Nx>0</Nx>
	<Ny>0</Ny>
	<Nz>0</Nz></Normal></Edge>
	<Edge>
	<Start>12</Start>
	<End>13</End>
	<Normal>
	<Nx>0</Nx>
	<Ny>0</Ny>
	<Nz>0</Nz></Normal></Edge>
	<Edge>
	<Start>13</Start>
	<End>14</End>
	<Normal>
	<Nx>0</Nx>
	<Ny>0</Ny>
	<Nz>0</Nz></Normal></Edge>
	<Edge>
	<Start>14</Start>
	<End>15</End>
	<Normal>
	<Nx>0</Nx>
	<Ny>0</Ny>
	<Nz>0</Nz></Normal></Edge>
	<Edge>
	<Start>15</Start>
	<End>16</End>
	<Normal>
	<Nx>0</Nx>
	<Ny>0</Ny>
	<Nz>0</Nz></Normal></Edge>
	<Edge>
	<Start>16</Start>
	<End>17</End>
	<Normal>
	<Nx>0</Nx>
	<Ny>0</Ny>
	<Nz>0</Nz></Normal></Edge>
	<Edge>
	<Start>17</Start>
	<End>18</End>
	<Normal>
	<Nx>0</Nx>
	<Ny>0</Ny>
	<Nz>0</Nz></Normal></Edge>
	<Edge>
	<Start>18</Start>
	<End>19</End>
	<Normal>
	<Nx>0</Nx>
	<Ny>0</Ny>
	<Nz>0</Nz></Normal></Edge>
	<Edge>
	<Start>19</Start>
	<End>20</End>
	<Normal>
	<Nx>0</Nx>
	<Ny>0</Ny>
	<Nz>0</Nz></Normal></Edge>
	<Edge>
	<Start>20</Start>
	<End>21</End>
	<Normal>
	<Nx>0</Nx>
	<Ny>0</Ny>
	<Nz>0</Nz></Normal></Edge>
	<Edge>
	<Start>21</Start>
	<End>22</End>
	<Normal>
	<Nx>0</Nx>
	<Ny>0</Ny>
	<Nz>0</Nz></Normal></Edge>
	<Edge>
	<Start>22</Start>
	<End>23</End>
	<Normal>
	<Nx>0</Nx>
	<Ny>0</Ny>
	<Nz>0</Nz></Normal></Edge>
	<Edge>
	<Start>23</Start>
	<End>24</End>
	<Normal>
	<Nx>0</Nx>
	<Ny>0</Ny>
	<Nz>0</Nz></Normal></Edge>
	<Edge>
	<Start>24</Start>
	<End>25</End>
	<Normal>
	<Nx>0</Nx>
	<Ny>0</Ny>
	<Nz>0</Nz></Normal></Edge>
	<Edge>
	<Start>25</Start>
	<End>26</End>
	<Normal>
	<Nx>0</Nx>
	<Ny>0</Ny>
	<Nz>0</Nz></Normal></Edge>
	<Edge>
	<Start>26</Start>
	<End>27</End>
	<Normal>
	<Nx>0</Nx>
	<Ny>0</Ny>
	<Nz>0</Nz></Normal></Edge>
	<Edge>
	<Start>27</Start>
	<End>5</End>
	<Normal>
	<Nx>0</Nx>
	<Ny>0</Ny>
	<Nz>0</Nz></Normal></Edge></Region>
	<Region>
	<Tag>cube_laser2_concurrent</Tag>
	<contourTraj>1</contourTraj>
	<hatchTraj>3</hatchTraj>
	<Type>Outer</Type>
	<Edge>
	<Start>28</Start>
	<End>29</End>
	<Normal>
	<Nx>0</Nx>
	<Ny>0</Ny>
	<Nz>0</Nz></Normal></Edge>
	<Edge>
	<Start>29</Start>
	<End>30</End>
	<Normal>
	<Nx>0</Nx>
	<Ny>0</Ny>
	<Nz>0</Nz></Normal></Edge>
	<Edge>
	<Start>30</Start>
	<End>31</End>
	<Normal>
	<Nx>0</Nx>
	<Ny>0</Ny>
	<Nz>0</Nz></Normal></Edge>
	<Edge>
	<Start>31</Start>
	<End>28</End>
	<Normal>
	<Nx>0</Nx>
	<Ny>0</Ny>
	<Nz>0</Nz></Normal></Edge></Region>
	<Region>
	<Tag>cube_laser2_concurrent</Tag>
	<contourTraj>1</contourTraj>
	<hatchTraj>3</hatchTraj>
	<Type>Inner</Type>
	<Edge>
	<Start>32</Start>
	<End>33</End>
	<Normal>
	<Nx>0</Nx>
	<Ny>0</Ny>
	<Nz>0</Nz></Normal></Edge>
	<Edge>
	<Start>33</Start>
	<End>34</End>
	<Normal>
	<Nx>0</Nx>
	<Ny>0</Ny>
	<Nz>0</Nz></Normal></Edge>
	<Edge>
	<Start>34</Start>
	<End>35</End>
	<Normal>
	<Nx>0</Nx>
	<Ny>0</Ny>
	<Nz>0</Nz></Normal></Edge>
	<Edge>
	<Start>35</Start>
	<End>36</End>
	<Normal>
	<Nx>0</Nx>
	<Ny>0</Ny>
	<Nz>0</Nz></Normal></Edge>
	<Edge>
	<Start>36</Start>
	<End>37</End>
	<Normal>
	<Nx>0</Nx>
	<Ny>0</Ny>
	<Nz>0</Nz></Normal></Edge>
	<Edge>
	<Start>37</Start>
	<End>38</End>
	<Normal>
	<Nx>0</Nx>
	<Ny>0</Ny>
	<Nz>0</Nz></Normal></Edge>
	<Edge>
	<Start>38</Start>
	<End>39</End>
	<Normal>
	<Nx>0</Nx>
	<Ny>0</Ny>
	<Nz>0</Nz></Normal></Edge>
	<Edge>
	<Start>39</Start>
	<End>40</End>
	<Normal>
	<Nx>0</Nx>
	<Ny>0</Ny>
	<Nz>0</Nz></Normal></Edge>
	<Edge>
	<Start>40</Start>
	<End>41</End>
	<Normal>
	<Nx>0</Nx>
	<Ny>0</Ny>
	<Nz>0</Nz></Normal></Edge>
	<Edge>
	<Start>41</Start>
	<End>42</End>
	<Normal>
	<Nx>0</Nx>
	<Ny>0</Ny>
	<Nz>0</Nz></Normal></Edge>
	<Edge>
	<Start>42</Start>
	<End>43</End>
	<Normal>
	<Nx>0</Nx>
	<Ny>0</Ny>
	<Nz>0</Nz></Normal></Edge>
	<Edge>
	<Start>43</Start>
	<End>44</End>
	<Normal>
	<Nx>0</Nx>
	<Ny>0</Ny>
	<Nz>0</Nz></Normal></Edge>
	<Edge>
	<Start>44</Start>
	<End>45</End>
	<Normal>
	<Nx>0</Nx>
	<Ny>0</Ny>
	<Nz>0</Nz></Normal></Edge>
	<Edge>
	<Start>45</Start>
	<End>46</End>
	<Normal>
	<Nx>0</Nx>
	<Ny>0</Ny>
	<Nz>0</Nz></Normal></Edge>
	<Edge>
	<Start>46</Start>
	<End>47</End>
	<Normal>
	<Nx>0</Nx>
	<Ny>0</Ny>
	<Nz>0</Nz></Normal></Edge>
	<Edge>
	<Start>47</Start>
	<End>48</End>
	<Normal>
	<Nx>0</Nx>
	<Ny>0</Ny>
	<Nz>0</Nz></Normal></Edge>
	<Edge>
	<Start>48</Start>
	<End>49</End>
	<Normal>
	<Nx>0</Nx>
	<Ny>0</Ny>
	<Nz>0</Nz></Normal></Edge>
	<Edge>
	<Start>49</Start>
	<End>50</End>
	<Normal>
	<Nx>0</Nx>
	<Ny>0</Ny>
	<Nz>0</Nz></Normal></Edge>
	<Edge>
	<Start>50</Start>
	<End>51</End>
	<Normal>
	<Nx>0</Nx>
	<Ny>0</Ny>
	<Nz>0</Nz></Normal></Edge>
	<Edge>
	<Start>51</Start>
	<End>52</End>
	<Normal>
	<Nx>0</Nx>
	<Ny>0</Ny>
	<Nz>0</Nz></Normal></Edge>
	<Edge>
	<Start>52</Start>
	<End>53</End>
	<Normal>
	<Nx>0</Nx>
	<Ny>0</Ny>
	<Nz>0</Nz></Normal></Edge>
	<Edge>
	<Start>53</Start>
	<End>54</End>
	<Normal>
	<Nx>0</Nx>
	<Ny>0</Ny>
	<Nz>0</Nz></Normal></Edge>
	<Edge>
	<Start>54</Start>
	<End>32</End>
	<Normal>
	<Nx>0</Nx>
	<Ny>0</Ny>
	<Nz>0</Nz></Normal></Edge></Region>
	<Region>
	<Tag>supports</Tag>
	<contourTraj>2</contourTraj>
	<hatchTraj>9999</hatchTraj>
	<Type>Outer</Type>
	<Edge>
	<Start>55</Start>
	<End>56</End>
	<Normal>
	<Nx>0</Nx>
	<Ny>0</Ny>
	<Nz>0</Nz></Normal></Edge>
	<Edge>
	<Start>56</Start>
	<End>57</End>
	<Normal>
	<Nx>0</Nx>
	<Ny>0</Ny>
	<Nz>0</Nz></Normal></Edge>
	<Edge>
	<Start>57</Start>
	<End>58</End>
	<Normal>
	<Nx>0</Nx>
	<Ny>0</Ny>
	<Nz>0</Nz></Normal></Edge>
	<Edge>
	<Start>58</Start>
	<End>55</End>
	<Normal>
	<Nx>0</Nx>
	<Ny>0</Ny>
	<Nz>0</Nz></Normal></Edge></Region>
	<Region>
	<Tag>supports</Tag>
	<contourTraj>2</contourTraj>
	<hatchTraj>9999</hatchTraj>
	<Type>Inner</Type>
	<Edge>
	<Start>59</Start>
	<End>60</End>
	<Normal>
	<Nx>0</Nx>
	<Ny>0</Ny>
	<Nz>0</Nz></Normal></Edge>
	<Edge>
	<Start>60</Start>
	<End>61</End>
	<Normal>
	<Nx>0</Nx>
	<Ny>0</Ny>
	<Nz>0</Nz></Normal></Edge>
	<Edge>
	<Start>61</Start>
	<End>62</End>
	<Normal>
	<Nx>0</Nx>
	<Ny>0</Ny>
	<Nz>0</Nz></Normal></Edge>
	<Edge>
	<Start>62</Start>
	<End>63</End>
	<Normal>
	<Nx>0</Nx>
	<Ny>0</Ny>
	<Nz>0</Nz></Normal></Edge>
	<Edge>
	<Start>63</Start>
	<End>64</End>
	<Normal>
	<Nx>0</Nx>
	<Ny>0</Ny>
	<Nz>0</Nz></Normal></Edge>
	<Edge>
	<Start>64</Start>
	<End>65</End>
	<Normal>
	<Nx>0</Nx>
	<Ny>0</Ny>
	<Nz>0</Nz></Normal></Edge>
	<Edge>
	<Start>65</Start>
	<End>66</End>
	<Normal>
	<Nx>0</Nx>
	<Ny>0</Ny>
	<Nz>0</Nz></Normal></Edge>
	<Edge>
	<Start>66</Start>
	<End>67</End>
	<Normal>
	<Nx>0</Nx>
	<Ny>0</Ny>
	<Nz>0</Nz></Normal></Edge>
	<Edge>
	<Start>67</Start>
	<End>68</End>
	<Normal>
	<Nx>0</Nx>
	<Ny>0</Ny>
	<Nz>0</Nz></Normal></Edge>
	<Edge>
	<Start>68</Start>
	<End>69</End>
	<Normal>
	<Nx>0</Nx>
	<Ny>0</Ny>
	<Nz>0</Nz></Normal></Edge>
	<Edge>
	<Start>69</Start>
	<End>70</End>
	<Normal>
	<Nx>0</Nx>
	<Ny>0</Ny>
	<Nz>0</Nz></Normal></Edge>
	<Edge>
	<Start>70</Start>
	<End>71</End>
	<Normal>
	<Nx>0</Nx>
	<Ny>0</Ny>
	<Nz>0</Nz></Normal></Edge>
	<Edge>
	<Start>71</Start>
	<End>72</End>
	<Normal>
	<Nx>0</Nx>
	<Ny>0</Ny>
	<Nz>0</Nz></Normal></Edge>
	<Edge>
	<Start>72</Start>
	<End>73</End>
	<Normal>
	<Nx>0</Nx>
	<Ny>0</Ny>
	<Nz>0</Nz></Normal></Edge>
	<Edge>
	<Start>73</Start>
	<End>74</End>
	<Normal>
	<Nx>0</Nx>
	<Ny>0</Ny>
	<Nz>0</Nz></Normal></Edge>
	<Edge>
	<Start>74</Start>
	<End>75</End>
	<Normal>
	<Nx>0</Nx>
	<Ny>0</Ny>
	<Nz>0</Nz></Normal></Edge>
	<Edge>
	<Start>75</Start>
	<End>76</End>
	<Normal>
	<Nx>0</Nx>
	<Ny>0</Ny>
	<Nz>0</Nz></Normal></Edge>
	<Edge>
	<Start>76</Start>
	<End>77</End>
	<Normal>
	<Nx>0</Nx>
	<Ny>0</Ny>
	<Nz>0</Nz></Normal></Edge>
	<Edge>
	<Start>77</Start>
	<End>78</End>
	<Normal>
	<Nx>0</Nx>
	<Ny>0</Ny>
	<Nz>0</Nz></Normal></Edge>
	<Edge>
	<Start>78</Start>
	<End>79</End>
	<Normal>
	<Nx>0</Nx>
	<Ny>0</Ny>
	<Nz>0</Nz></Normal></Edge>
	<Edge>
	<Start>79</Start>
	<End>80</End>
	<Normal>
	<Nx>0</Nx>
	<Ny>0</Ny>
	<Nz>0</Nz></Normal></Edge>
	<Edge>
	<Start>80</Start>
	<End>81</End>
	<Normal>
	<Nx>0</Nx>
	<Ny>0</Ny>
	<Nz>0</Nz></Normal></Edge>
	<Edge>
	<Start>81</Start>
	<End>59</End>
	<Normal>
	<Nx>0</Nx>
	<Ny>0</Ny>
	<Nz>0</Nz></Normal></Edge></Region>
	<Region>
	<Tag>cube_laser1_sequential</Tag>
	<contourTraj>1</contourTraj>
	<hatchTraj>5</hatchTraj>
	<Type>Outer</Type>
	<Edge>
	<Start>82</Start>
	<End>83</End>
	<Normal>
	<Nx>0</Nx>
	<Ny>0</Ny>
	<Nz>0</Nz></Normal></Edge>
	<Edge>
	<Start>83</Start>
	<End>84</End>
	<Normal>
	<Nx>0</Nx>
	<Ny>0</Ny>
	<Nz>0</Nz></Normal></Edge>
	<Edge>
	<Start>84</Start>
	<End>85</End>
	<Normal>
	<Nx>0</Nx>
	<Ny>0</Ny>
	<Nz>0</Nz></Normal></Edge>
	<Edge>
	<Start>85</Start>
	<End>82</End>
	<Normal>
	<Nx>0</Nx>
	<Ny>0</Ny>
	<Nz>0</Nz></Normal></Edge></Region>
	<Region>
	<Tag>cube_laser2_sequential</Tag>
	<contourTraj>1</contourTraj>
	<hatchTraj>5</hatchTraj>
	<Type>Outer</Type>
	<Edge>
	<Start>86</Start>
	<End>87</End>
	<Normal>
	<Nx>0</Nx>
	<Ny>0</Ny>
	<Nz>0</Nz></Normal></Edge>
	<Edge>
	<Start>87</Start>
	<End>88</End>
	<Normal>
	<Nx>0</Nx>
	<Ny>0</Ny>
	<Nz>0</Nz></Normal></Edge>
	<Edge>
	<Start>88</Start>
	<End>89</End>
	<Normal>
	<Nx>0</Nx>
	<Ny>0</Ny>
	<Nz>0</Nz></Normal></Edge>
	<Edge>
	<Start>89</Start>
	<End>86</End>
	<Normal>
	<Nx>0</Nx>
	<Ny>0</Ny>
	<Nz>0</Nz></Normal></Edge></Region>
	<Region>
	<Tag>cube_laser2_sequential</Tag>
	<contourTraj>1</contourTraj>
	<hatchTraj>5</hatchTraj>
	<Type>Outer</Type>
	<Edge>
	<Start>90</Start>
	<End>91</End>
	<Normal>
	<Nx>0</Nx>
	<Ny>0</Ny>
	<Nz>0</Nz></Normal></Edge>
	<Edge>
	<Start>91</Start>
	<End>92</End>
	<Normal>
	<Nx>0</Nx>
	<Ny>0</Ny>
	<Nz>0</Nz></Normal></Edge>
	<Edge>
	<Start>92</Start>
	<End>93</End>
	<Normal>
	<Nx>0</Nx>
	<Ny>0</Ny>
	<Nz>0</Nz></Normal></Edge>
	<Edge>
	<Start>93</Start>
	<End>90</End>
	<Normal>
	<Nx>0</Nx>
	<Ny>0</Ny>
	<Nz>0</Nz></Normal></Edge></Region></Slice>
</Layer>