<?xml version="1.0"?><!--America Makes layer file created using MSXML 6.0--><Layer>
	<Thickness>0.05</Thickness>
	<VertexList>
	<Vertex>
	<X>-0.900001</X>
	<Y>0.640000</Y>
	<Co-ordinate_system>Cartesian</Co-ordinate_system></Vertex>
	<Vertex>
	<X>-1.900000</X>
	<Y>0.640000</Y></Vertex>
	<Vertex>
	<X>-1.900000</X>
	<Y>-0.360000</Y></Vertex>
	<Vertex>
	<X>-0.900001</X>
	<Y>-0.360000</Y></Vertex>
	<Vertex>
	<X>-1.492916</X>
	<Y>-0.091733</Y></Vertex>
	<Vertex>
	<X>-1.573800</X>
	<Y>-0.050742</Y></Vertex>
	<Vertex>
	<X>-1.624487</X>
	<Y>0.003886</Y></Vertex>
	<Vertex>
	<X>-1.656821</X>
	<Y>0.071027</Y></Vertex>
	<Vertex>
	<X>-1.667927</X>
	<Y>0.144716</Y></Vertex>
	<Vertex>
	<X>-1.656822</X>
	<Y>0.218405</Y></Vertex>
	<Vertex>
	<X>-1.624487</X>
	<Y>0.285547</Y></Vertex>
	<Vertex>
	<X>-1.573801</X>
	<Y>0.340175</Y></Vertex>
	<Vertex>
	<X>-1.509263</X>
	<Y>0.377436</Y></Vertex>
	<Vertex>
	<X>-1.436610</X>
	<Y>0.394018</Y></Vertex>
	<Vertex>
	<X>-1.362298</X>
	<Y>0.388449</Y></Vertex>
	<Vertex>
	<X>-1.292928</X>
	<Y>0.361224</Y></Vertex>
	<Vertex>
	<X>-1.234665</X>
	<Y>0.314759</Y></Vertex>
	<Vertex>
	<X>-1.192686</X>
	<Y>0.253188</Y></Vertex>
	<Vertex>
	<X>-1.175662</X>
	<Y>0.197999</Y></Vertex>
	<Vertex>
	<X>-1.170720</X>
	<Y>0.107457</Y></Vertex>
	<Vertex>
	<X>-1.192685</X>
	<Y>0.036246</Y></Vertex>
	<Vertex>
	<X>-1.234665</X>
	<Y>-0.025326</Y></Vertex>
	<Vertex>
	<X>-1.292928</X>
	<Y>-0.071790</Y></Vertex>
	<Vertex>
	<X>-1.362298</X>
	<Y>-0.099015</Y></Vertex>
	<Vertex>
	<X>-1.436610</X>
	<Y>-0.104584</Y></Vertex></VertexList>
	<Slice>
	<Region>
	<Tag>followmehatches</Tag>
	<contourTraj>9998</contourTraj>
	<hatchTraj>4</hatchTraj>
	<Type>Outer</Type>
	<Edge>
	<Start>1</Start>
	<End>2</End>
	<Normal>
	<Nx>0</Nx>
	<Ny>0</Ny>
	<Nz>0</Nz></Normal></Edge>
	<Edge>
	<Start>2</Start>
	<End>3</End>
	<Normal>
	<Nx>0</Nx>
	<Ny>0</Ny>
	<Nz>0</Nz></Normal></Edge>
	<Edge>
	<Start>3</Start>
	<End>4</End>
	<Normal>
	<Nx>0</Nx>
	<Ny>0</Ny>
	<Nz>0</Nz></Normal></Edge>
	<Edge>
	<Start>4</Start>
	<End>1</End>
	<Normal>
	<Nx>0</Nx>
	<Ny>0</Ny>
	<Nz>0</Nz></Normal></Edge></Region>
	<Region>
	<Tag>followmehatches</Tag>
	<contourTraj>9998</contourTraj>
	<hatchTraj>4</hatchTraj>
	<Type>Inner</Type>
	<Edge>
	<Start>5</Start>
	<End>6</End>
	<Normal>
	<Nx>0</Nx>
	<Ny>0</Ny>
	<Nz>0</Nz></Normal></Edge>
	<Edge>
	<Start>6</Start>
	<End>7</End>
	<Normal>
	<Nx>0</Nx>
	<Ny>0</Ny>
	<Nz>0</Nz></Normal></Edge>
	<Edge>
	<Start>7</Start>
	<End>8</End>
	<Normal>
	<Nx>0</Nx>
	<Ny>0</Ny>
	<Nz>0</Nz></Normal></Edge>
	<Edge>
	<Start>8</Start>
	<End>9</End>
	<Normal>
	<Nx>0</Nx>
	<Ny>0</Ny>
	<Nz>0</Nz></Normal></Edge>
	<Edge>
	<Start>9</Start>
	<End>10</End>
	<Normal>
	<Nx>0</Nx>
	<Ny>0</Ny>
	<Nz>0</Nz></Normal></Edge>
	<Edge>
	<Start>10</Start>
	<End>11</End>
	<Normal>
	<Nx>0</Nx>
	<Ny>0</Ny>
	<Nz>0</Nz></Normal></Edge>
	<Edge>
	<Start>11</Start>
	<End>12</End>
	<Normal>
	<Nx>0</Nx>
	<Ny>0</Ny>
	<Nz>0</Nz></Normal></Edge>
	<Edge>
	<Start>12</Start>
	<End>13</End>
	<Normal>
	<Nx>0</Nx>
	<Ny>0</Ny>
	<Nz>0</Nz></Normal></Edge>
	<Edge>
	<Start>13</Start>
	<End>14</End>
	<Normal>
	<Nx>0</Nx>
	<Ny>0</Ny>
	<Nz>0</Nz></Normal></Edge>
	<Edge>
	<Start>14</Start>
	<End>15</End>
	<Normal>
	<Nx>0</Nx>
	<Ny>0</Ny>
	<Nz>0</Nz></Normal></Edge>
	<Edge>
	<Start>15</Start>
	<End>16</End>
	<Normal>
	<Nx>0</Nx>
	<Ny>0</Ny>
	<Nz>0</Nz></Normal></Edge>
	<Edge>
	<Start>16</Start>
	<End>17</End>
	<Normal>
	<Nx>0</Nx>
	<Ny>0</Ny>
	<Nz>0</Nz></Normal></Edge>
	<Edge>
	<Start>17</Start>
	<End>18</End>
	<Normal>
	<Nx>0</Nx>
	<Ny>0</Ny>
	<Nz>0</Nz></Normal></Edge>
	<Edge>
	<Start>18</Start>
	<End>19</End>
	<Normal>
	<Nx>0</Nx>
	<Ny>0</Ny>
	<Nz>0</Nz></Normal></Edge>
	<Edge>
	<Start>19</Start>
	<End>20</End>
	<Normal>
	<Nx>0</Nx>
	<Ny>0</Ny>
	<Nz>0</Nz></Normal></Edge>
	<Edge>
	<Start>20</Start>
	<End>21</End>
	<Normal>
	<Nx>0</Nx>
	<Ny>0</Ny>
	<Nz>0</Nz></Normal></Edge>
	<Edge>
	<Start>21</Start>
	<End>22</End>
	<Normal>
	<Nx>0</Nx>
	<Ny>0</Ny>
	<Nz>0</Nz></Normal></Edge>
	<Edge>
	<Start>22</Start>
	<End>23</End>
	<Normal>
	<Nx>0</Nx>
	<Ny>0</Ny>
	<Nz>0</Nz></Normal></Edge>
	<Edge>
	<Start>23</Start>
	<End>24</End>
	<Normal>
	<Nx>0</Nx>
	<Ny>0</Ny>
	<Nz>0</Nz></Normal></Edge>
	<Edge>
	<Start>24</Start>
	<End>25</End>
	<Normal>
	<Nx>0</Nx>
	<Ny>0</Ny>
	<Nz>0</Nz></Normal></Edge>
	<Edge>
	<Start>25</Start>
	<End>5</End>
	<Normal>
	<Nx>0</Nx>
	<Ny>0</Ny>
	<Nz>0</Nz></Normal></Edge></Region></Slice>
</Layer>