<?xml version="1.0"?><!--Scan file created using MSXML 6.0.--><Layer>
<Header>
	<AmericaMakesSchemaVersion>2020-03-23</AmericaMakesSchemaVersion>
	<LayerNum>25</LayerNum>
	<LayerThickness>0.05</LayerThickness>
	<AbsoluteHeight>1.25</AbsoluteHeight>
	<DosingFactor>1.75</DosingFactor>
	<BuildDescription>Placeholder</BuildDescription></Header>
<VelocityProfileList>
	<VelocityProfile><ID>0</ID>
		<Velocity>10000</Velocity><Mode>Delay</Mode>
		<LaserOnDelay>600</LaserOnDelay><LaserOffDelay>0</LaserOffDelay><JumpDelay>0</JumpDelay>
		<MarkDelay>0</MarkDelay><PolygonDelay>0</PolygonDelay></VelocityProfile>
	<VelocityProfile><ID>1</ID>
		<Velocity>850</Velocity><Mode>Delay</Mode>
		<LaserOnDelay>300</LaserOnDelay><LaserOffDelay>0</LaserOffDelay><JumpDelay>300</JumpDelay>
		<MarkDelay>300</MarkDelay><PolygonDelay>0</PolygonDelay></VelocityProfile>
	<VelocityProfile><ID>2</ID>
		<Velocity>1200</Velocity><Mode>Delay</Mode>
		<LaserOnDelay>100</LaserOnDelay><LaserOffDelay>0</LaserOffDelay><JumpDelay>400</JumpDelay>
		<MarkDelay>400</MarkDelay><PolygonDelay>0</PolygonDelay></VelocityProfile>
	<VelocityProfile><ID>jumpprofile1</ID>
		<Velocity>5000</Velocity><Mode>Delay</Mode>
		<LaserOnDelay>300</LaserOnDelay><LaserOffDelay>0</LaserOffDelay><JumpDelay>0</JumpDelay>
		<MarkDelay>0</MarkDelay><PolygonDelay>0</PolygonDelay></VelocityProfile>
	<VelocityProfile><ID>test profile</ID>
		<Velocity>3000</Velocity><Mode>Delay</Mode>
		<LaserOnDelay>300</LaserOnDelay><LaserOffDelay>0</LaserOffDelay><JumpDelay>0</JumpDelay>
		<MarkDelay>0</MarkDelay><PolygonDelay>0</PolygonDelay></VelocityProfile>
	<VelocityProfile><ID>5</ID>
		<Velocity>6000</Velocity><Mode>Delay</Mode>
		<LaserOnDelay>300</LaserOnDelay><LaserOffDelay>0</LaserOffDelay><JumpDelay>0</JumpDelay>
		<MarkDelay>0</MarkDelay><PolygonDelay>0</PolygonDelay></VelocityProfile>
	<VelocityProfile><ID>jumpprofile2</ID>
		<Velocity>4000</Velocity><Mode>Delay</Mode>
		<LaserOnDelay>300</LaserOnDelay><LaserOffDelay>0</LaserOffDelay><JumpDelay>0</JumpDelay>
		<MarkDelay>0</MarkDelay><PolygonDelay>0</PolygonDelay></VelocityProfile></VelocityProfileList>
<SegmentStyleList>
	<SegmentStyle><ID>cocr_hatch_laser1</ID>
		<VelocityProfileID>0</VelocityProfileID><LaserMode>Independent</LaserMode>
		<Traveler><ID>a</ID>
			<SyncDelay>0</SyncDelay><Power>195</Power><SpotSize>50</SpotSize></Traveler></SegmentStyle>
	<SegmentStyle><ID>cocr_contour_laser1</ID>
		<VelocityProfileID>2</VelocityProfileID><LaserMode>Independent</LaserMode>
		<Traveler><ID>a</ID>
			<SyncDelay>0</SyncDelay><Power>195</Power><SpotSize>50</SpotSize></Traveler></SegmentStyle>
	<SegmentStyle><ID>cocr_hatch_laser2</ID>
		<VelocityProfileID>2</VelocityProfileID><LaserMode>Independent</LaserMode>
		<Traveler><ID>b</ID>
			<SyncDelay>0</SyncDelay><Power>195</Power><SpotSize>50</SpotSize></Traveler></SegmentStyle>
	<SegmentStyle><ID>cocr_contour_laser2</ID>
		<VelocityProfileID>1</VelocityProfileID><LaserMode>Independent</LaserMode>
		<Traveler><ID>b</ID>
			<SyncDelay>0</SyncDelay><Power>195</Power><SpotSize>50</SpotSize></Traveler></SegmentStyle>
	<SegmentStyle><ID>cocr_followme</ID>
		<VelocityProfileID>2</VelocityProfileID><LaserMode>FollowMe</LaserMode>
		<Traveler><ID>b</ID>
			<SyncDelay>0</SyncDelay><Power>222</Power><SpotSize>80</SpotSize>
			<Wobble><On>1</On><Freq>3000</Freq><Shape>0</Shape><TransAmp>0.3</TransAmp><LongAmp>0.3</LongAmp></Wobble></Traveler>
		<Traveler><ID>a</ID>
			<SyncDelay>70</SyncDelay><Power>130</Power><SpotSize>100</SpotSize></Traveler></SegmentStyle>
	<SegmentStyle><ID>cocr_support</ID>
		<VelocityProfileID>5</VelocityProfileID><LaserMode>Independent</LaserMode>
		<Traveler><ID>a</ID>
			<SyncDelay>0</SyncDelay><Power>195</Power><SpotSize>70</SpotSize></Traveler></SegmentStyle>
	<SegmentStyle><ID>jumpstyletest</ID>
		<VelocityProfileID>jumpprofile1</VelocityProfileID></SegmentStyle>
	<SegmentStyle><ID>wobbletraillaser</ID>
		<VelocityProfileID>2</VelocityProfileID><LaserMode>FollowMe</LaserMode>
		<Traveler><ID>b</ID>
			<SyncDelay>0</SyncDelay><Power>222</Power><SpotSize>80</SpotSize>
			<Wobble><On>1</On><Freq>3000</Freq><Shape>0</Shape><TransAmp>0.1</TransAmp><LongAmp>0.3</LongAmp></Wobble></Traveler>
		<Traveler><ID>a</ID>
			<SyncDelay>70</SyncDelay><Power>130</Power><SpotSize>100</SpotSize>
			<Wobble><On>1</On><Freq>3210</Freq><Shape>-1</Shape><TransAmp>0.5</TransAmp><LongAmp>0.2</LongAmp></Wobble></Traveler></SegmentStyle>
	<SegmentStyle><ID>Auto-generated9</ID>
		<VelocityProfileID>jumpprofile1</VelocityProfileID></SegmentStyle>
	<SegmentStyle><ID>Auto-generated10</ID>
		<VelocityProfileID>jumpprofile2</VelocityProfileID></SegmentStyle>
	<SegmentStyle><ID>Auto-generated11</ID>
		<VelocityProfileID>jumpprofile2</VelocityProfileID></SegmentStyle>
	<SegmentStyle><ID>Auto-generated12</ID>
		<VelocityProfileID>jumpprofile2</VelocityProfileID></SegmentStyle>
	<SegmentStyle><ID>Auto-generated13</ID>
		<VelocityProfileID>jumpprofile2</VelocityProfileID></SegmentStyle>
	<SegmentStyle><ID>Auto-generated14</ID>
		<VelocityProfileID>jumpprofile2</VelocityProfileID></SegmentStyle></SegmentStyleList>
<TrajectoryList>
<Trajectory>
	<TrajectoryID>9998</TrajectoryID>
	<PathProcessingMode>sequential</PathProcessingMode></Trajectory>
<Trajectory>
	<TrajectoryID>4</TrajectoryID>
	<PathProcessingMode>concurrent</PathProcessingMode>
	<Path>
		<Type>hatch</Type>
		<Tag>followmehatches</Tag>
		<NumSegments>43</NumSegments>
		<SkyWritingMode>0</SkyWritingMode>
		<Start><X>-1.816</X><Y>-0.335</Y></Start>
		<Segment><SegStyle>cocr_followme</SegStyle><End><X>-1.875</X><Y>-0.266</Y></End></Segment>
		<Segment><SegStyle>Auto-generated12</SegStyle><End><X>-1.875</X><Y>-0.142</Y></End></Segment>
		<Segment><SegStyle>cocr_followme</SegStyle><End><X>-1.712</X><Y>-0.335</Y></End></Segment>
		<Segment><SegStyle>Auto-generated12</SegStyle><End><X>-1.607</X><Y>-0.335</Y></End></Segment>
		<Segment><SegStyle>cocr_followme</SegStyle><End><X>-1.875</X><Y>-0.018</Y></End></Segment>
		<Segment><SegStyle>Auto-generated12</SegStyle><End><X>-1.875</X><Y>0.106</Y></End></Segment>
		<Segment><SegStyle>cocr_followme</SegStyle><End><X>-1.502</X><Y>-0.335</Y></End></Segment>
		<Segment><SegStyle>Auto-generated12</SegStyle><End><X>-1.397</X><Y>-0.335</Y></End></Segment>
		<Segment><SegStyle>cocr_followme</SegStyle><End><X>-1.875</X><Y>0.230</Y></End></Segment>
		<Segment><SegStyle>Auto-generated12</SegStyle><End><X>-1.875</X><Y>0.354</Y></End></Segment>
		<Segment><SegStyle>cocr_followme</SegStyle><End><X>-1.692</X><Y>0.138</Y></End></Segment>
		<Segment><SegStyle>Auto-generated12</SegStyle><End><X>-1.473</X><Y>-0.122</Y></End></Segment>
		<Segment><SegStyle>cocr_followme</SegStyle><End><X>-1.293</X><Y>-0.335</Y></End></Segment>
		<Segment><SegStyle>Auto-generated12</SegStyle><End><X>-1.188</X><Y>-0.335</Y></End></Segment>
		<Segment><SegStyle>cocr_followme</SegStyle><End><X>-1.366</X><Y>-0.124</Y></End></Segment>
		<Segment><SegStyle>Auto-generated12</SegStyle><End><X>-1.674</X><Y>0.240</Y></End></Segment>
		<Segment><SegStyle>cocr_followme</SegStyle><End><X>-1.875</X><Y>0.478</Y></End></Segment>
		<Segment><SegStyle>Auto-generated12</SegStyle><End><X>-1.875</X><Y>0.602</Y></End></Segment>
		<Segment><SegStyle>cocr_followme</SegStyle><End><X>-1.632</X><Y>0.314</Y></End></Segment>
		<Segment><SegStyle>Auto-generated12</SegStyle><End><X>-1.285</X><Y>-0.096</Y></End></Segment>
		<Segment><SegStyle>cocr_followme</SegStyle><End><X>-1.083</X><Y>-0.335</Y></End></Segment>
		<Segment><SegStyle>Auto-generated12</SegStyle><End><X>-0.978</X><Y>-0.335</Y></End></Segment>
		<Segment><SegStyle>cocr_followme</SegStyle><End><X>-1.222</X><Y>-0.047</Y></End></Segment>
		<Segment><SegStyle>Auto-generated12</SegStyle><End><X>-1.573</X><Y>0.369</Y></End></Segment>
		<Segment><SegStyle>cocr_followme</SegStyle><End><X>-1.781</X><Y>0.615</Y></End></Segment>
		<Segment><SegStyle>Auto-generated12</SegStyle><End><X>-1.677</X><Y>0.615</Y></End></Segment>
		<Segment><SegStyle>cocr_followme</SegStyle><End><X>-1.499</X><Y>0.405</Y></End></Segment>
		<Segment><SegStyle>Auto-generated12</SegStyle><End><X>-1.174</X><Y>0.020</Y></End></Segment>
		<Segment><SegStyle>cocr_followme</SegStyle><End><X>-0.925</X><Y>-0.274</Y></End></Segment>
		<Segment><SegStyle>Auto-generated12</SegStyle><End><X>-0.925</X><Y>-0.150</Y></End></Segment>
		<Segment><SegStyle>cocr_followme</SegStyle><End><X>-1.146</X><Y>0.111</Y></End></Segment>
		<Segment><SegStyle>Auto-generated12</SegStyle><End><X>-1.404</X><Y>0.417</Y></End></Segment>
		<Segment><SegStyle>cocr_followme</SegStyle><End><X>-1.572</X><Y>0.615</Y></End></Segment>
		<Segment><SegStyle>Auto-generated12</SegStyle><End><X>-0.925</X><Y>0.098</Y></End></Segment>
		<Segment><SegStyle>cocr_followme</SegStyle><End><X>-1.362</X><Y>0.615</Y></End></Segment>
		<Segment><SegStyle>Auto-generated12</SegStyle><End><X>-1.258</X><Y>0.615</Y></End></Segment>
		<Segment><SegStyle>cocr_followme</SegStyle><End><X>-0.925</X><Y>0.221</Y></End></Segment>
		<Segment><SegStyle>Auto-generated12</SegStyle><End><X>-0.925</X><Y>0.345</Y></End></Segment>
		<Segment><SegStyle>cocr_followme</SegStyle><End><X>-1.153</X><Y>0.615</Y></End></Segment>
		<Segment><SegStyle>Auto-generated12</SegStyle><End><X>-1.048</X><Y>0.615</Y></End></Segment>
		<Segment><SegStyle>cocr_followme</SegStyle><End><X>-0.925</X><Y>0.469</Y></End></Segment>
		<Segment><SegStyle>Auto-generated12</SegStyle><End><X>-0.925</X><Y>0.593</Y></End></Segment>
		<Segment><SegStyle>cocr_followme</SegStyle><End><X>-0.943</X><Y>0.615</Y></End></Segment></Path></Trajectory></TrajectoryList></Layer>