<?xml version="1.0"?><!--Scan file created using MSXML 6.0.--><Layer>
<Header>
	<AmericaMakesSchemaVersion>2020-03-23</AmericaMakesSchemaVersion>
	<LayerNum>36</LayerNum>
	<LayerThickness>0.05</LayerThickness>
	<AbsoluteHeight>1.8</AbsoluteHeight>
	<DosingFactor>1.75</DosingFactor>
	<BuildDescription>Placeholder</BuildDescription></Header>
<VelocityProfileList>
	<VelocityProfile><ID>0</ID>
		<Velocity>10000</Velocity><Mode>Delay</Mode>
		<LaserOnDelay>600</LaserOnDelay><LaserOffDelay>0</LaserOffDelay><JumpDelay>0</JumpDelay>
		<MarkDelay>0</MarkDelay><PolygonDelay>0</PolygonDelay></VelocityProfile>
	<VelocityProfile><ID>1</ID>
		<Velocity>850</Velocity><Mode>Delay</Mode>
		<LaserOnDelay>300</LaserOnDelay><LaserOffDelay>0</LaserOffDelay><JumpDelay>300</JumpDelay>
		<MarkDelay>300</MarkDelay><PolygonDelay>0</PolygonDelay></VelocityProfile>
	<VelocityProfile><ID>2</ID>
		<Velocity>1200</Velocity><Mode>Delay</Mode>
		<LaserOnDelay>100</LaserOnDelay><LaserOffDelay>0</LaserOffDelay><JumpDelay>400</JumpDelay>
		<MarkDelay>400</MarkDelay><PolygonDelay>0</PolygonDelay></VelocityProfile>
	<VelocityProfile><ID>jumpprofile1</ID>
		<Velocity>5000</Velocity><Mode>Delay</Mode>
		<LaserOnDelay>300</LaserOnDelay><LaserOffDelay>0</LaserOffDelay><JumpDelay>0</JumpDelay>
		<MarkDelay>0</MarkDelay><PolygonDelay>0</PolygonDelay></VelocityProfile>
	<VelocityProfile><ID>test profile</ID>
		<Velocity>3000</Velocity><Mode>Delay</Mode>
		<LaserOnDelay>300</LaserOnDelay><LaserOffDelay>0</LaserOffDelay><JumpDelay>0</JumpDelay>
		<MarkDelay>0</MarkDelay><PolygonDelay>0</PolygonDelay></VelocityProfile>
	<VelocityProfile><ID>5</ID>
		<Velocity>6000</Velocity><Mode>Delay</Mode>
		<LaserOnDelay>300</LaserOnDelay><LaserOffDelay>0</LaserOffDelay><JumpDelay>0</JumpDelay>
		<MarkDelay>0</MarkDelay><PolygonDelay>0</PolygonDelay></VelocityProfile>
	<VelocityProfile><ID>jumpprofile2</ID>
		<Velocity>4000</Velocity><Mode>Delay</Mode>
		<LaserOnDelay>300</LaserOnDelay><LaserOffDelay>0</LaserOffDelay><JumpDelay>0</JumpDelay>
		<MarkDelay>0</MarkDelay><PolygonDelay>0</PolygonDelay></VelocityProfile></VelocityProfileList>
<SegmentStyleList>
	<SegmentStyle><ID>cocr_hatch_laser1</ID>
		<VelocityProfileID>0</VelocityProfileID><LaserMode>Independent</LaserMode>
		<Traveler><ID>a</ID>
			<SyncDelay>0</SyncDelay><Power>195</Power><SpotSize>50</SpotSize></Traveler></SegmentStyle>
	<SegmentStyle><ID>cocr_contour_laser1</ID>
		<VelocityProfileID>2</VelocityProfileID><LaserMode>Independent</LaserMode>
		<Traveler><ID>a</ID>
			<SyncDelay>0</SyncDelay><Power>195</Power><SpotSize>50</SpotSize></Traveler></SegmentStyle>
	<SegmentStyle><ID>cocr_hatch_laser2</ID>
		<VelocityProfileID>2</VelocityProfileID><LaserMode>Independent</LaserMode>
		<Traveler><ID>b</ID>
			<SyncDelay>0</SyncDelay><Power>195</Power><SpotSize>50</SpotSize></Traveler></SegmentStyle>
	<SegmentStyle><ID>cocr_contour_laser2</ID>
		<VelocityProfileID>1</VelocityProfileID><LaserMode>Independent</LaserMode>
		<Traveler><ID>b</ID>
			<SyncDelay>0</SyncDelay><Power>195</Power><SpotSize>50</SpotSize></Traveler></SegmentStyle>
	<SegmentStyle><ID>cocr_followme</ID>
		<VelocityProfileID>2</VelocityProfileID><LaserMode>FollowMe</LaserMode>
		<Traveler><ID>b</ID>
			<SyncDelay>0</SyncDelay><Power>222</Power><SpotSize>80</SpotSize>
			<Wobble><On>1</On><Freq>3000</Freq><Shape>0</Shape><TransAmp>0.3</TransAmp><LongAmp>0.3</LongAmp></Wobble></Traveler>
		<Traveler><ID>a</ID>
			<SyncDelay>70</SyncDelay><Power>130</Power><SpotSize>100</SpotSize></Traveler></SegmentStyle>
	<SegmentStyle><ID>cocr_support</ID>
		<VelocityProfileID>5</VelocityProfileID><LaserMode>Independent</LaserMode>
		<Traveler><ID>a</ID>
			<SyncDelay>0</SyncDelay><Power>195</Power><SpotSize>70</SpotSize></Traveler></SegmentStyle>
	<SegmentStyle><ID>jumpstyletest</ID>
		<VelocityProfileID>jumpprofile1</VelocityProfileID></SegmentStyle>
	<SegmentStyle><ID>wobbletraillaser</ID>
		<VelocityProfileID>2</VelocityProfileID><LaserMode>FollowMe</LaserMode>
		<Traveler><ID>b</ID>
			<SyncDelay>0</SyncDelay><Power>222</Power><SpotSize>80</SpotSize>
			<Wobble><On>1</On><Freq>3000</Freq><Shape>0</Shape><TransAmp>0.1</TransAmp><LongAmp>0.3</LongAmp></Wobble></Traveler>
		<Traveler><ID>a</ID>
			<SyncDelay>70</SyncDelay><Power>130</Power><SpotSize>100</SpotSize>
			<Wobble><On>1</On><Freq>3210</Freq><Shape>-1</Shape><TransAmp>0.5</TransAmp><LongAmp>0.2</LongAmp></Wobble></Traveler></SegmentStyle>
	<SegmentStyle><ID>Auto-generated9</ID>
		<VelocityProfileID>jumpprofile1</VelocityProfileID></SegmentStyle>
	<SegmentStyle><ID>Auto-generated10</ID>
		<VelocityProfileID>jumpprofile2</VelocityProfileID></SegmentStyle>
	<SegmentStyle><ID>Auto-generated11</ID>
		<VelocityProfileID>jumpprofile2</VelocityProfileID></SegmentStyle>
	<SegmentStyle><ID>Auto-generated12</ID>
		<VelocityProfileID>jumpprofile2</VelocityProfileID></SegmentStyle>
	<SegmentStyle><ID>Auto-generated13</ID>
		<VelocityProfileID>jumpprofile2</VelocityProfileID></SegmentStyle>
	<SegmentStyle><ID>Auto-generated14</ID>
		<VelocityProfileID>jumpprofile2</VelocityProfileID></SegmentStyle></SegmentStyleList>
<TrajectoryList>
<Trajectory>
	<TrajectoryID>9998</TrajectoryID>
	<PathProcessingMode>sequential</PathProcessingMode></Trajectory>
<Trajectory>
	<TrajectoryID>4</TrajectoryID>
	<PathProcessingMode>concurrent</PathProcessingMode>
	<Path>
		<Type>hatch</Type>
		<Tag>followmehatches</Tag>
		<NumSegments>45</NumSegments>
		<SkyWritingMode>0</SkyWritingMode>
		<Start><X>-0.977</X><Y>-0.335</Y></Start>
		<Segment><SegStyle>cocr_followme</SegStyle><End><X>-0.925</X><Y>-0.233</Y></End></Segment>
		<Segment><SegStyle>Auto-generated12</SegStyle><End><X>-0.925</X><Y>-0.057</Y></End></Segment>
		<Segment><SegStyle>cocr_followme</SegStyle><End><X>-1.067</X><Y>-0.335</Y></End></Segment>
		<Segment><SegStyle>Auto-generated12</SegStyle><End><X>-1.157</X><Y>-0.335</Y></End></Segment>
		<Segment><SegStyle>cocr_followme</SegStyle><End><X>-0.925</X><Y>0.120</Y></End></Segment>
		<Segment><SegStyle>Auto-generated12</SegStyle><End><X>-0.925</X><Y>0.296</Y></End></Segment>
		<Segment><SegStyle>cocr_followme</SegStyle><End><X>-1.246</X><Y>-0.335</Y></End></Segment>
		<Segment><SegStyle>Auto-generated12</SegStyle><End><X>-1.336</X><Y>-0.335</Y></End></Segment>
		<Segment><SegStyle>cocr_followme</SegStyle><End><X>-0.925</X><Y>0.472</Y></End></Segment>
		<Segment><SegStyle>Auto-generated12</SegStyle><End><X>-0.942</X><Y>0.615</Y></End></Segment>
		<Segment><SegStyle>cocr_followme</SegStyle><End><X>-1.151</X><Y>0.204</Y></End></Segment>
		<Segment><SegStyle>Auto-generated12</SegStyle><End><X>-1.309</X><Y>-0.105</Y></End></Segment>
		<Segment><SegStyle>cocr_followme</SegStyle><End><X>-1.426</X><Y>-0.335</Y></End></Segment>
		<Segment><SegStyle>Auto-generated12</SegStyle><End><X>-1.516</X><Y>-0.335</Y></End></Segment>
		<Segment><SegStyle>cocr_followme</SegStyle><End><X>-1.410</X><Y>-0.128</Y></End></Segment>
		<Segment><SegStyle>Auto-generated12</SegStyle><End><X>-1.193</X><Y>0.298</Y></End></Segment>
		<Segment><SegStyle>cocr_followme</SegStyle><End><X>-1.032</X><Y>0.615</Y></End></Segment>
		<Segment><SegStyle>Auto-generated12</SegStyle><End><X>-1.122</X><Y>0.615</Y></End></Segment>
		<Segment><SegStyle>cocr_followme</SegStyle><End><X>-1.251</X><Y>0.360</Y></End></Segment>
		<Segment><SegStyle>Auto-generated12</SegStyle><End><X>-1.494</X><Y>-0.117</Y></End></Segment>
		<Segment><SegStyle>cocr_followme</SegStyle><End><X>-1.606</X><Y>-0.335</Y></End></Segment>
		<Segment><SegStyle>Auto-generated12</SegStyle><End><X>-1.695</X><Y>-0.335</Y></End></Segment>
		<Segment><SegStyle>cocr_followme</SegStyle><End><X>-1.567</X><Y>-0.082</Y></End></Segment>
		<Segment><SegStyle>Auto-generated12</SegStyle><End><X>-1.321</X><Y>0.399</Y></End></Segment>
		<Segment><SegStyle>cocr_followme</SegStyle><End><X>-1.211</X><Y>0.615</Y></End></Segment>
		<Segment><SegStyle>Auto-generated12</SegStyle><End><X>-1.301</X><Y>0.615</Y></End></Segment>
		<Segment><SegStyle>cocr_followme</SegStyle><End><X>-1.402</X><Y>0.417</Y></End></Segment>
		<Segment><SegStyle>Auto-generated12</SegStyle><End><X>-1.629</X><Y>-0.028</Y></End></Segment>
		<Segment><SegStyle>cocr_followme</SegStyle><End><X>-1.785</X><Y>-0.335</Y></End></Segment>
		<Segment><SegStyle>Auto-generated12</SegStyle><End><X>-1.875</X><Y>-0.335</Y></End></Segment>
		<Segment><SegStyle>cocr_followme</SegStyle><End><X>-1.677</X><Y>0.054</Y></End></Segment>
		<Segment><SegStyle>Auto-generated12</SegStyle><End><X>-1.497</X><Y>0.406</Y></End></Segment>
		<Segment><SegStyle>cocr_followme</SegStyle><End><X>-1.391</X><Y>0.615</Y></End></Segment>
		<Segment><SegStyle>Auto-generated12</SegStyle><End><X>-1.481</X><Y>0.615</Y></End></Segment>
		<Segment><SegStyle>cocr_followme</SegStyle><End><X>-1.636</X><Y>0.310</Y></End></Segment>
		<Segment><SegStyle>Auto-generated12</SegStyle><End><X>-1.682</X><Y>0.220</Y></End></Segment>
		<Segment><SegStyle>cocr_followme</SegStyle><End><X>-1.875</X><Y>-0.159</Y></End></Segment>
		<Segment><SegStyle>Auto-generated12</SegStyle><End><X>-1.875</X><Y>0.017</Y></End></Segment>
		<Segment><SegStyle>cocr_followme</SegStyle><End><X>-1.570</X><Y>0.615</Y></End></Segment>
		<Segment><SegStyle>Auto-generated12</SegStyle><End><X>-1.660</X><Y>0.615</Y></End></Segment>
		<Segment><SegStyle>cocr_followme</SegStyle><End><X>-1.875</X><Y>0.193</Y></End></Segment>
		<Segment><SegStyle>Auto-generated12</SegStyle><End><X>-1.875</X><Y>0.370</Y></End></Segment>
		<Segment><SegStyle>cocr_followme</SegStyle><End><X>-1.750</X><Y>0.615</Y></End></Segment>
		<Segment><SegStyle>Auto-generated12</SegStyle><End><X>-1.840</X><Y>0.615</Y></End></Segment>
		<Segment><SegStyle>cocr_followme</SegStyle><End><X>-1.875</X><Y>0.546</Y></End></Segment></Path></Trajectory></TrajectoryList></Layer>