<?xml version="1.0"?><!--Scan file created using MSXML 6.0.--><Layer>
<Header>
	<AmericaMakesSchemaVersion>2020-03-23</AmericaMakesSchemaVersion>
	<LayerNum>26</LayerNum>
	<LayerThickness>0.05</LayerThickness>
	<AbsoluteHeight>1.3</AbsoluteHeight>
	<DosingFactor>1.75</DosingFactor>
	<BuildDescription>Placeholder</BuildDescription></Header>
<VelocityProfileList>
	<VelocityProfile><ID>0</ID>
		<Velocity>10000</Velocity><Mode>Delay</Mode>
		<LaserOnDelay>600</LaserOnDelay><LaserOffDelay>0</LaserOffDelay><JumpDelay>0</JumpDelay>
		<MarkDelay>0</MarkDelay><PolygonDelay>0</PolygonDelay></VelocityProfile>
	<VelocityProfile><ID>1</ID>
		<Velocity>850</Velocity><Mode>Delay</Mode>
		<LaserOnDelay>300</LaserOnDelay><LaserOffDelay>0</LaserOffDelay><JumpDelay>300</JumpDelay>
		<MarkDelay>300</MarkDelay><PolygonDelay>0</PolygonDelay></VelocityProfile>
	<VelocityProfile><ID>2</ID>
		<Velocity>1200</Velocity><Mode>Delay</Mode>
		<LaserOnDelay>100</LaserOnDelay><LaserOffDelay>0</LaserOffDelay><JumpDelay>400</JumpDelay>
		<MarkDelay>400</MarkDelay><PolygonDelay>0</PolygonDelay></VelocityProfile>
	<VelocityProfile><ID>jumpprofile1</ID>
		<Velocity>5000</Velocity><Mode>Delay</Mode>
		<LaserOnDelay>300</LaserOnDelay><LaserOffDelay>0</LaserOffDelay><JumpDelay>0</JumpDelay>
		<MarkDelay>0</MarkDelay><PolygonDelay>0</PolygonDelay></VelocityProfile>
	<VelocityProfile><ID>test profile</ID>
		<Velocity>3000</Velocity><Mode>Delay</Mode>
		<LaserOnDelay>300</LaserOnDelay><LaserOffDelay>0</LaserOffDelay><JumpDelay>0</JumpDelay>
		<MarkDelay>0</MarkDelay><PolygonDelay>0</PolygonDelay></VelocityProfile>
	<VelocityProfile><ID>5</ID>
		<Velocity>6000</Velocity><Mode>Delay</Mode>
		<LaserOnDelay>300</LaserOnDelay><LaserOffDelay>0</LaserOffDelay><JumpDelay>0</JumpDelay>
		<MarkDelay>0</MarkDelay><PolygonDelay>0</PolygonDelay></VelocityProfile>
	<VelocityProfile><ID>jumpprofile2</ID>
		<Velocity>4000</Velocity><Mode>Delay</Mode>
		<LaserOnDelay>300</LaserOnDelay><LaserOffDelay>0</LaserOffDelay><JumpDelay>0</JumpDelay>
		<MarkDelay>0</MarkDelay><PolygonDelay>0</PolygonDelay></VelocityProfile></VelocityProfileList>
<SegmentStyleList>
	<SegmentStyle><ID>cocr_hatch_laser1</ID>
		<VelocityProfileID>0</VelocityProfileID><LaserMode>Independent</LaserMode>
		<Traveler><ID>a</ID>
			<SyncDelay>0</SyncDelay><Power>195</Power><SpotSize>50</SpotSize></Traveler></SegmentStyle>
	<SegmentStyle><ID>cocr_contour_laser1</ID>
		<VelocityProfileID>2</VelocityProfileID><LaserMode>Independent</LaserMode>
		<Traveler><ID>a</ID>
			<SyncDelay>0</SyncDelay><Power>195</Power><SpotSize>50</SpotSize></Traveler></SegmentStyle>
	<SegmentStyle><ID>cocr_hatch_laser2</ID>
		<VelocityProfileID>2</VelocityProfileID><LaserMode>Independent</LaserMode>
		<Traveler><ID>b</ID>
			<SyncDelay>0</SyncDelay><Power>195</Power><SpotSize>50</SpotSize></Traveler></SegmentStyle>
	<SegmentStyle><ID>cocr_contour_laser2</ID>
		<VelocityProfileID>1</VelocityProfileID><LaserMode>Independent</LaserMode>
		<Traveler><ID>b</ID>
			<SyncDelay>0</SyncDelay><Power>195</Power><SpotSize>50</SpotSize></Traveler></SegmentStyle>
	<SegmentStyle><ID>cocr_followme</ID>
		<VelocityProfileID>2</VelocityProfileID><LaserMode>FollowMe</LaserMode>
		<Traveler><ID>b</ID>
			<SyncDelay>0</SyncDelay><Power>222</Power><SpotSize>80</SpotSize>
			<Wobble><On>1</On><Freq>3000</Freq><Shape>0</Shape><TransAmp>0.3</TransAmp><LongAmp>0.3</LongAmp></Wobble></Traveler>
		<Traveler><ID>a</ID>
			<SyncDelay>70</SyncDelay><Power>130</Power><SpotSize>100</SpotSize></Traveler></SegmentStyle>
	<SegmentStyle><ID>cocr_support</ID>
		<VelocityProfileID>5</VelocityProfileID><LaserMode>Independent</LaserMode>
		<Traveler><ID>a</ID>
			<SyncDelay>0</SyncDelay><Power>195</Power><SpotSize>70</SpotSize></Traveler></SegmentStyle>
	<SegmentStyle><ID>jumpstyletest</ID>
		<VelocityProfileID>jumpprofile1</VelocityProfileID></SegmentStyle>
	<SegmentStyle><ID>wobbletraillaser</ID>
		<VelocityProfileID>2</VelocityProfileID><LaserMode>FollowMe</LaserMode>
		<Traveler><ID>b</ID>
			<SyncDelay>0</SyncDelay><Power>222</Power><SpotSize>80</SpotSize>
			<Wobble><On>1</On><Freq>3000</Freq><Shape>0</Shape><TransAmp>0.1</TransAmp><LongAmp>0.3</LongAmp></Wobble></Traveler>
		<Traveler><ID>a</ID>
			<SyncDelay>70</SyncDelay><Power>130</Power><SpotSize>100</SpotSize>
			<Wobble><On>1</On><Freq>3210</Freq><Shape>-1</Shape><TransAmp>0.5</TransAmp><LongAmp>0.2</LongAmp></Wobble></Traveler></SegmentStyle>
	<SegmentStyle><ID>Auto-generated9</ID>
		<VelocityProfileID>jumpprofile1</VelocityProfileID></SegmentStyle>
	<SegmentStyle><ID>Auto-generated10</ID>
		<VelocityProfileID>jumpprofile2</VelocityProfileID></SegmentStyle>
	<SegmentStyle><ID>Auto-generated11</ID>
		<VelocityProfileID>jumpprofile2</VelocityProfileID></SegmentStyle>
	<SegmentStyle><ID>Auto-generated12</ID>
		<VelocityProfileID>jumpprofile2</VelocityProfileID></SegmentStyle>
	<SegmentStyle><ID>Auto-generated13</ID>
		<VelocityProfileID>jumpprofile2</VelocityProfileID></SegmentStyle>
	<SegmentStyle><ID>Auto-generated14</ID>
		<VelocityProfileID>jumpprofile2</VelocityProfileID></SegmentStyle></SegmentStyleList>
<TrajectoryList>
<Trajectory>
	<TrajectoryID>9998</TrajectoryID>
	<PathProcessingMode>sequential</PathProcessingMode></Trajectory>
<Trajectory>
	<TrajectoryID>4</TrajectoryID>
	<PathProcessingMode>concurrent</PathProcessingMode>
	<Path>
		<Type>hatch</Type>
		<Tag>followmehatches</Tag>
		<NumSegments>37</NumSegments>
		<SkyWritingMode>0</SkyWritingMode>
		<Start><X>-1.875</X><Y>0.424</Y></Start>
		<Segment><SegStyle>cocr_followme</SegStyle><End><X>-1.824</X><Y>0.615</Y></End></Segment>
		<Segment><SegStyle>Auto-generated12</SegStyle><End><X>-1.741</X><Y>0.615</Y></End></Segment>
		<Segment><SegStyle>cocr_followme</SegStyle><End><X>-1.875</X><Y>0.115</Y></End></Segment>
		<Segment><SegStyle>Auto-generated12</SegStyle><End><X>-1.875</X><Y>-0.194</Y></End></Segment>
		<Segment><SegStyle>cocr_followme</SegStyle><End><X>-1.658</X><Y>0.615</Y></End></Segment>
		<Segment><SegStyle>Auto-generated12</SegStyle><End><X>-1.747</X><Y>-0.335</Y></End></Segment>
		<Segment><SegStyle>cocr_followme</SegStyle><End><X>-1.655</X><Y>0.009</Y></End></Segment>
		<Segment><SegStyle>Auto-generated12</SegStyle><End><X>-1.556</X><Y>0.379</Y></End></Segment>
		<Segment><SegStyle>cocr_followme</SegStyle><End><X>-1.493</X><Y>0.615</Y></End></Segment>
		<Segment><SegStyle>Auto-generated12</SegStyle><End><X>-1.410</X><Y>0.615</Y></End></Segment>
		<Segment><SegStyle>cocr_followme</SegStyle><End><X>-1.464</X><Y>0.413</Y></End></Segment>
		<Segment><SegStyle>Auto-generated12</SegStyle><End><X>-1.593</X><Y>-0.067</Y></End></Segment>
		<Segment><SegStyle>cocr_followme</SegStyle><End><X>-1.664</X><Y>-0.335</Y></End></Segment>
		<Segment><SegStyle>Auto-generated12</SegStyle><End><X>-1.581</X><Y>-0.335</Y></End></Segment>
		<Segment><SegStyle>cocr_followme</SegStyle><End><X>-1.521</X><Y>-0.110</Y></End></Segment>
		<Segment><SegStyle>Auto-generated12</SegStyle><End><X>-1.381</X><Y>0.415</Y></End></Segment>
		<Segment><SegStyle>cocr_followme</SegStyle><End><X>-1.327</X><Y>0.615</Y></End></Segment>
		<Segment><SegStyle>Auto-generated12</SegStyle><End><X>-1.244</X><Y>0.615</Y></End></Segment>
		<Segment><SegStyle>cocr_followme</SegStyle><End><X>-1.304</X><Y>0.392</Y></End></Segment>
		<Segment><SegStyle>Auto-generated12</SegStyle><End><X>-1.442</X><Y>-0.125</Y></End></Segment>
		<Segment><SegStyle>cocr_followme</SegStyle><End><X>-1.499</X><Y>-0.335</Y></End></Segment>
		<Segment><SegStyle>Auto-generated12</SegStyle><End><X>-1.416</X><Y>-0.335</Y></End></Segment>
		<Segment><SegStyle>cocr_followme</SegStyle><End><X>-1.359</X><Y>-0.124</Y></End></Segment>
		<Segment><SegStyle>Auto-generated12</SegStyle><End><X>-1.233</X><Y>0.346</Y></End></Segment>
		<Segment><SegStyle>cocr_followme</SegStyle><End><X>-1.161</X><Y>0.615</Y></End></Segment>
		<Segment><SegStyle>Auto-generated12</SegStyle><End><X>-1.078</X><Y>0.615</Y></End></Segment>
		<Segment><SegStyle>cocr_followme</SegStyle><End><X>-1.172</X><Y>0.267</Y></End></Segment>
		<Segment><SegStyle>Auto-generated12</SegStyle><End><X>-1.265</X><Y>-0.082</Y></End></Segment>
		<Segment><SegStyle>cocr_followme</SegStyle><End><X>-1.333</X><Y>-0.335</Y></End></Segment>
		<Segment><SegStyle>Auto-generated12</SegStyle><End><X>-1.250</X><Y>-0.335</Y></End></Segment>
		<Segment><SegStyle>cocr_followme</SegStyle><End><X>-0.996</X><Y>0.615</Y></End></Segment>
		<Segment><SegStyle>Auto-generated12</SegStyle><End><X>-0.925</X><Y>0.570</Y></End></Segment>
		<Segment><SegStyle>cocr_followme</SegStyle><End><X>-1.167</X><Y>-0.335</Y></End></Segment>
		<Segment><SegStyle>Auto-generated12</SegStyle><End><X>-1.085</X><Y>-0.335</Y></End></Segment>
		<Segment><SegStyle>cocr_followme</SegStyle><End><X>-0.925</X><Y>0.260</Y></End></Segment>
		<Segment><SegStyle>Auto-generated12</SegStyle><End><X>-0.925</X><Y>-0.049</Y></End></Segment>
		<Segment><SegStyle>cocr_followme</SegStyle><End><X>-1.002</X><Y>-0.335</Y></End></Segment></Path></Trajectory></TrajectoryList></Layer>