<?xml version="1.0"?><!--Scan file created using MSXML 6.0.--><Layer>
<Header>
	<AmericaMakesSchemaVersion>2020-03-23</AmericaMakesSchemaVersion>
	<LayerNum>13</LayerNum>
	<LayerThickness>0.05</LayerThickness>
	<AbsoluteHeight>0.65</AbsoluteHeight>
	<DosingFactor>1.75</DosingFactor>
	<BuildDescription>Placeholder</BuildDescription></Header>
<VelocityProfileList>
	<VelocityProfile><ID>0</ID>
		<Velocity>10000</Velocity><Mode>Delay</Mode>
		<LaserOnDelay>600</LaserOnDelay><LaserOffDelay>0</LaserOffDelay><JumpDelay>0</JumpDelay>
		<MarkDelay>0</MarkDelay><PolygonDelay>0</PolygonDelay></VelocityProfile>
	<VelocityProfile><ID>1</ID>
		<Velocity>850</Velocity><Mode>Delay</Mode>
		<LaserOnDelay>300</LaserOnDelay><LaserOffDelay>0</LaserOffDelay><JumpDelay>300</JumpDelay>
		<MarkDelay>300</MarkDelay><PolygonDelay>0</PolygonDelay></VelocityProfile>
	<VelocityProfile><ID>2</ID>
		<Velocity>1200</Velocity><Mode>Delay</Mode>
		<LaserOnDelay>100</LaserOnDelay><LaserOffDelay>0</LaserOffDelay><JumpDelay>400</JumpDelay>
		<MarkDelay>400</MarkDelay><PolygonDelay>0</PolygonDelay></VelocityProfile>
	<VelocityProfile><ID>jumpprofile1</ID>
		<Velocity>5000</Velocity><Mode>Delay</Mode>
		<LaserOnDelay>300</LaserOnDelay><LaserOffDelay>0</LaserOffDelay><JumpDelay>0</JumpDelay>
		<MarkDelay>0</MarkDelay><PolygonDelay>0</PolygonDelay></VelocityProfile>
	<VelocityProfile><ID>test profile</ID>
		<Velocity>3000</Velocity><Mode>Delay</Mode>
		<LaserOnDelay>300</LaserOnDelay><LaserOffDelay>0</LaserOffDelay><JumpDelay>0</JumpDelay>
		<MarkDelay>0</MarkDelay><PolygonDelay>0</PolygonDelay></VelocityProfile>
	<VelocityProfile><ID>5</ID>
		<Velocity>6000</Velocity><Mode>Delay</Mode>
		<LaserOnDelay>300</LaserOnDelay><LaserOffDelay>0</LaserOffDelay><JumpDelay>0</JumpDelay>
		<MarkDelay>0</MarkDelay><PolygonDelay>0</PolygonDelay></VelocityProfile>
	<VelocityProfile><ID>jumpprofile2</ID>
		<Velocity>4000</Velocity><Mode>Delay</Mode>
		<LaserOnDelay>300</LaserOnDelay><LaserOffDelay>0</LaserOffDelay><JumpDelay>0</JumpDelay>
		<MarkDelay>0</MarkDelay><PolygonDelay>0</PolygonDelay></VelocityProfile></VelocityProfileList>
<SegmentStyleList>
	<SegmentStyle><ID>cocr_hatch_laser1</ID>
		<VelocityProfileID>0</VelocityProfileID><LaserMode>Independent</LaserMode>
		<Traveler><ID>a</ID>
			<SyncDelay>0</SyncDelay><Power>195</Power><SpotSize>50</SpotSize></Traveler></SegmentStyle>
	<SegmentStyle><ID>cocr_contour_laser1</ID>
		<VelocityProfileID>2</VelocityProfileID><LaserMode>Independent</LaserMode>
		<Traveler><ID>a</ID>
			<SyncDelay>0</SyncDelay><Power>195</Power><SpotSize>50</SpotSize></Traveler></SegmentStyle>
	<SegmentStyle><ID>cocr_hatch_laser2</ID>
		<VelocityProfileID>2</VelocityProfileID><LaserMode>Independent</LaserMode>
		<Traveler><ID>b</ID>
			<SyncDelay>0</SyncDelay><Power>195</Power><SpotSize>50</SpotSize></Traveler></SegmentStyle>
	<SegmentStyle><ID>cocr_contour_laser2</ID>
		<VelocityProfileID>1</VelocityProfileID><LaserMode>Independent</LaserMode>
		<Traveler><ID>b</ID>
			<SyncDelay>0</SyncDelay><Power>195</Power><SpotSize>50</SpotSize></Traveler></SegmentStyle>
	<SegmentStyle><ID>cocr_followme</ID>
		<VelocityProfileID>2</VelocityProfileID><LaserMode>FollowMe</LaserMode>
		<Traveler><ID>b</ID>
			<SyncDelay>0</SyncDelay><Power>222</Power><SpotSize>80</SpotSize>
			<Wobble><On>1</On><Freq>3000</Freq><Shape>0</Shape><TransAmp>0.3</TransAmp><LongAmp>0.3</LongAmp></Wobble></Traveler>
		<Traveler><ID>a</ID>
			<SyncDelay>70</SyncDelay><Power>130</Power><SpotSize>100</SpotSize></Traveler></SegmentStyle>
	<SegmentStyle><ID>cocr_support</ID>
		<VelocityProfileID>5</VelocityProfileID><LaserMode>Independent</LaserMode>
		<Traveler><ID>a</ID>
			<SyncDelay>0</SyncDelay><Power>195</Power><SpotSize>70</SpotSize></Traveler></SegmentStyle>
	<SegmentStyle><ID>jumpstyletest</ID>
		<VelocityProfileID>jumpprofile1</VelocityProfileID></SegmentStyle>
	<SegmentStyle><ID>wobbletraillaser</ID>
		<VelocityProfileID>2</VelocityProfileID><LaserMode>FollowMe</LaserMode>
		<Traveler><ID>b</ID>
			<SyncDelay>0</SyncDelay><Power>222</Power><SpotSize>80</SpotSize>
			<Wobble><On>1</On><Freq>3000</Freq><Shape>0</Shape><TransAmp>0.1</TransAmp><LongAmp>0.3</LongAmp></Wobble></Traveler>
		<Traveler><ID>a</ID>
			<SyncDelay>70</SyncDelay><Power>130</Power><SpotSize>100</SpotSize>
			<Wobble><On>1</On><Freq>3210</Freq><Shape>-1</Shape><TransAmp>0.5</TransAmp><LongAmp>0.2</LongAmp></Wobble></Traveler></SegmentStyle>
	<SegmentStyle><ID>Auto-generated9</ID>
		<VelocityProfileID>jumpprofile1</VelocityProfileID></SegmentStyle>
	<SegmentStyle><ID>Auto-generated10</ID>
		<VelocityProfileID>jumpprofile2</VelocityProfileID></SegmentStyle>
	<SegmentStyle><ID>Auto-generated11</ID>
		<VelocityProfileID>jumpprofile2</VelocityProfileID></SegmentStyle>
	<SegmentStyle><ID>Auto-generated12</ID>
		<VelocityProfileID>jumpprofile2</VelocityProfileID></SegmentStyle>
	<SegmentStyle><ID>Auto-generated13</ID>
		<VelocityProfileID>jumpprofile2</VelocityProfileID></SegmentStyle>
	<SegmentStyle><ID>Auto-generated14</ID>
		<VelocityProfileID>jumpprofile2</VelocityProfileID></SegmentStyle></SegmentStyleList>
<TrajectoryList>
<Trajectory>
	<TrajectoryID>1</TrajectoryID>
	<PathProcessingMode>concurrent</PathProcessingMode>
	<Path>
		<Type>contour</Type>
		<Tag>cube_laser1_concurrent</Tag>
		<NumSegments>28</NumSegments>
		<SkyWritingMode>0</SkyWritingMode>
		<Start><X>-0.900</X><Y>2.640</Y></Start>
		<Segment><SegStyle>cocr_contour_laser1</SegStyle><End><X>-1.900</X><Y>2.640</Y></End></Segment>
		<Segment><SegStyle>cocr_contour_laser1</SegStyle><End><X>-1.900</X><Y>1.640</Y></End></Segment>
		<Segment><SegStyle>cocr_contour_laser1</SegStyle><End><X>-0.900</X><Y>1.640</Y></End></Segment>
		<Segment><SegStyle>cocr_contour_laser1</SegStyle><End><X>-0.900</X><Y>2.640</Y></End></Segment>
		<Segment><SegStyle>Auto-generated10</SegStyle><End><X>-1.482</X><Y>1.906</Y></End></Segment>
		<Segment><SegStyle>cocr_contour_laser1</SegStyle><End><X>-1.509</X><Y>1.912</Y></End></Segment>
		<Segment><SegStyle>cocr_contour_laser1</SegStyle><End><X>-1.574</X><Y>1.949</Y></End></Segment>
		<Segment><SegStyle>cocr_contour_laser1</SegStyle><End><X>-1.624</X><Y>2.004</Y></End></Segment>
		<Segment><SegStyle>cocr_contour_laser1</SegStyle><End><X>-1.657</X><Y>2.071</Y></End></Segment>
		<Segment><SegStyle>cocr_contour_laser1</SegStyle><End><X>-1.668</X><Y>2.145</Y></End></Segment>
		<Segment><SegStyle>cocr_contour_laser1</SegStyle><End><X>-1.657</X><Y>2.218</Y></End></Segment>
		<Segment><SegStyle>cocr_contour_laser1</SegStyle><End><X>-1.624</X><Y>2.286</Y></End></Segment>
		<Segment><SegStyle>cocr_contour_laser1</SegStyle><End><X>-1.593</X><Y>2.320</Y></End></Segment>
		<Segment><SegStyle>cocr_contour_laser1</SegStyle><End><X>-1.574</X><Y>2.340</Y></End></Segment>
		<Segment><SegStyle>cocr_contour_laser1</SegStyle><End><X>-1.509</X><Y>2.377</Y></End></Segment>
		<Segment><SegStyle>cocr_contour_laser1</SegStyle><End><X>-1.437</X><Y>2.394</Y></End></Segment>
		<Segment><SegStyle>cocr_contour_laser1</SegStyle><End><X>-1.362</X><Y>2.388</Y></End></Segment>
		<Segment><SegStyle>cocr_contour_laser1</SegStyle><End><X>-1.293</X><Y>2.361</Y></End></Segment>
		<Segment><SegStyle>cocr_contour_laser1</SegStyle><End><X>-1.235</X><Y>2.315</Y></End></Segment>
		<Segment><SegStyle>cocr_contour_laser1</SegStyle><End><X>-1.193</X><Y>2.253</Y></End></Segment>
		<Segment><SegStyle>cocr_contour_laser1</SegStyle><End><X>-1.171</X><Y>2.182</Y></End></Segment>
		<Segment><SegStyle>cocr_contour_laser1</SegStyle><End><X>-1.171</X><Y>2.107</Y></End></Segment>
		<Segment><SegStyle>cocr_contour_laser1</SegStyle><End><X>-1.193</X><Y>2.036</Y></End></Segment>
		<Segment><SegStyle>cocr_contour_laser1</SegStyle><End><X>-1.235</X><Y>1.975</Y></End></Segment>
		<Segment><SegStyle>cocr_contour_laser1</SegStyle><End><X>-1.293</X><Y>1.928</Y></End></Segment>
		<Segment><SegStyle>cocr_contour_laser1</SegStyle><End><X>-1.362</X><Y>1.901</Y></End></Segment>
		<Segment><SegStyle>cocr_contour_laser1</SegStyle><End><X>-1.437</X><Y>1.895</Y></End></Segment>
		<Segment><SegStyle>cocr_contour_laser1</SegStyle><End><X>-1.482</X><Y>1.906</Y></End></Segment></Path>
	<Path>
		<Type>contour</Type>
		<Tag>cube_laser2_concurrent</Tag>
		<NumSegments>28</NumSegments>
		<SkyWritingMode>0</SkyWritingMode>
		<Start><X>-0.900</X><Y>4.640</Y></Start>
		<Segment><SegStyle>cocr_contour_laser2</SegStyle><End><X>-1.900</X><Y>4.640</Y></End></Segment>
		<Segment><SegStyle>cocr_contour_laser2</SegStyle><End><X>-1.900</X><Y>3.640</Y></End></Segment>
		<Segment><SegStyle>cocr_contour_laser2</SegStyle><End><X>-0.900</X><Y>3.640</Y></End></Segment>
		<Segment><SegStyle>cocr_contour_laser2</SegStyle><End><X>-0.900</X><Y>4.640</Y></End></Segment>
		<Segment><SegStyle>Auto-generated11</SegStyle><End><X>-1.482</X><Y>3.906</Y></End></Segment>
		<Segment><SegStyle>cocr_contour_laser2</SegStyle><End><X>-1.509</X><Y>3.912</Y></End></Segment>
		<Segment><SegStyle>cocr_contour_laser2</SegStyle><End><X>-1.574</X><Y>3.949</Y></End></Segment>
		<Segment><SegStyle>cocr_contour_laser2</SegStyle><End><X>-1.624</X><Y>4.004</Y></End></Segment>
		<Segment><SegStyle>cocr_contour_laser2</SegStyle><End><X>-1.657</X><Y>4.071</Y></End></Segment>
		<Segment><SegStyle>cocr_contour_laser2</SegStyle><End><X>-1.668</X><Y>4.145</Y></End></Segment>
		<Segment><SegStyle>cocr_contour_laser2</SegStyle><End><X>-1.657</X><Y>4.218</Y></End></Segment>
		<Segment><SegStyle>cocr_contour_laser2</SegStyle><End><X>-1.624</X><Y>4.286</Y></End></Segment>
		<Segment><SegStyle>cocr_contour_laser2</SegStyle><End><X>-1.593</X><Y>4.320</Y></End></Segment>
		<Segment><SegStyle>cocr_contour_laser2</SegStyle><End><X>-1.574</X><Y>4.340</Y></End></Segment>
		<Segment><SegStyle>cocr_contour_laser2</SegStyle><End><X>-1.509</X><Y>4.377</Y></End></Segment>
		<Segment><SegStyle>cocr_contour_laser2</SegStyle><End><X>-1.437</X><Y>4.394</Y></End></Segment>
		<Segment><SegStyle>cocr_contour_laser2</SegStyle><End><X>-1.362</X><Y>4.388</Y></End></Segment>
		<Segment><SegStyle>cocr_contour_laser2</SegStyle><End><X>-1.293</X><Y>4.361</Y></End></Segment>
		<Segment><SegStyle>cocr_contour_laser2</SegStyle><End><X>-1.235</X><Y>4.315</Y></End></Segment>
		<Segment><SegStyle>cocr_contour_laser2</SegStyle><End><X>-1.193</X><Y>4.253</Y></End></Segment>
		<Segment><SegStyle>cocr_contour_laser2</SegStyle><End><X>-1.171</X><Y>4.182</Y></End></Segment>
		<Segment><SegStyle>cocr_contour_laser2</SegStyle><End><X>-1.171</X><Y>4.107</Y></End></Segment>
		<Segment><SegStyle>cocr_contour_laser2</SegStyle><End><X>-1.193</X><Y>4.036</Y></End></Segment>
		<Segment><SegStyle>cocr_contour_laser2</SegStyle><End><X>-1.235</X><Y>3.975</Y></End></Segment>
		<Segment><SegStyle>cocr_contour_laser2</SegStyle><End><X>-1.293</X><Y>3.928</Y></End></Segment>
		<Segment><SegStyle>cocr_contour_laser2</SegStyle><End><X>-1.362</X><Y>3.901</Y></End></Segment>
		<Segment><SegStyle>cocr_contour_laser2</SegStyle><End><X>-1.437</X><Y>3.895</Y></End></Segment>
		<Segment><SegStyle>cocr_contour_laser2</SegStyle><End><X>-1.482</X><Y>3.906</Y></End></Segment></Path>
	<Path>
		<Type>contour</Type>
		<Tag>cube_laser1_sequential</Tag>
		<NumSegments>4</NumSegments>
		<SkyWritingMode>0</SkyWritingMode>
		<Start><X>5.000</X><Y>1.000</Y></Start>
		<Segment><SegStyle>cocr_contour_laser1</SegStyle><End><X>4.000</X><Y>1.000</Y></End></Segment>
		<Segment><SegStyle>cocr_contour_laser1</SegStyle><End><X>4.000</X><Y>0.000</Y></End></Segment>
		<Segment><SegStyle>cocr_contour_laser1</SegStyle><End><X>5.000</X><Y>0.000</Y></End></Segment>
		<Segment><SegStyle>cocr_contour_laser1</SegStyle><End><X>5.000</X><Y>1.000</Y></End></Segment></Path>
	<Path>
		<Type>contour</Type>
		<Tag>cube_laser2_sequential</Tag>
		<NumSegments>9</NumSegments>
		<SkyWritingMode>0</SkyWritingMode>
		<Start><X>5.000</X><Y>3.000</Y></Start>
		<Segment><SegStyle>cocr_contour_laser2</SegStyle><End><X>4.000</X><Y>3.000</Y></End></Segment>
		<Segment><SegStyle>cocr_contour_laser2</SegStyle><End><X>4.000</X><Y>2.000</Y></End></Segment>
		<Segment><SegStyle>cocr_contour_laser2</SegStyle><End><X>5.000</X><Y>2.000</Y></End></Segment>
		<Segment><SegStyle>cocr_contour_laser2</SegStyle><End><X>5.000</X><Y>3.000</Y></End></Segment>
		<Segment><SegStyle>Auto-generated14</SegStyle><End><X>5.000</X><Y>5.000</Y></End></Segment>
		<Segment><SegStyle>cocr_contour_laser2</SegStyle><End><X>4.000</X><Y>5.000</Y></End></Segment>
		<Segment><SegStyle>cocr_contour_laser2</SegStyle><End><X>4.000</X><Y>4.000</Y></End></Segment>
		<Segment><SegStyle>cocr_contour_laser2</SegStyle><End><X>5.000</X><Y>4.000</Y></End></Segment>
		<Segment><SegStyle>cocr_contour_laser2</SegStyle><End><X>5.000</X><Y>5.000</Y></End></Segment></Path></Trajectory>
<Trajectory>
	<TrajectoryID>3</TrajectoryID>
	<PathProcessingMode>concurrent</PathProcessingMode>
	<Path>
		<Type>hatch</Type>
		<Tag>cube_laser1_concurrent</Tag>
		<NumSegments>56</NumSegments>
		<SkyWritingMode>0</SkyWritingMode>
		<Start><X>-0.977</X><Y>2.590</Y></Start>
		<Segment><SegStyle>cocr_hatch_laser1</SegStyle><End><X>-0.950</X><Y>2.584</Y></End></Segment>
		<Segment><SegStyle>Auto-generated10</SegStyle><End><X>-0.950</X><Y>2.482</Y></End></Segment>
		<Segment><SegStyle>cocr_hatch_laser1</SegStyle><End><X>-1.458</X><Y>2.590</Y></End></Segment>
		<Segment><SegStyle>Auto-generated10</SegStyle><End><X>-1.850</X><Y>2.571</Y></End></Segment>
		<Segment><SegStyle>cocr_hatch_laser1</SegStyle><End><X>-0.950</X><Y>2.380</Y></End></Segment>
		<Segment><SegStyle>Auto-generated10</SegStyle><End><X>-1.850</X><Y>2.571</Y></End></Segment>
		<Segment><SegStyle>Auto-generated10</SegStyle><End><X>-1.558</X><Y>2.407</Y></End></Segment>
		<Segment><SegStyle>Auto-generated10</SegStyle><End><X>-0.950</X><Y>2.278</Y></End></Segment>
		<Segment><SegStyle>cocr_hatch_laser1</SegStyle><End><X>-1.182</X><Y>2.327</Y></End></Segment>
		<Segment><SegStyle>Auto-generated10</SegStyle><End><X>-1.558</X><Y>2.407</Y></End></Segment>
		<Segment><SegStyle>cocr_hatch_laser1</SegStyle><End><X>-1.850</X><Y>2.469</Y></End></Segment>
		<Segment><SegStyle>Auto-generated10</SegStyle><End><X>-1.128</X><Y>2.213</Y></End></Segment>
		<Segment><SegStyle>cocr_hatch_laser1</SegStyle><End><X>-0.950</X><Y>2.175</Y></End></Segment>
		<Segment><SegStyle>Auto-generated10</SegStyle><End><X>-1.128</X><Y>2.213</Y></End></Segment>
		<Segment><SegStyle>Auto-generated10</SegStyle><End><X>-1.705</X><Y>2.234</Y></End></Segment>
		<Segment><SegStyle>cocr_hatch_laser1</SegStyle><End><X>-1.850</X><Y>2.264</Y></End></Segment>
		<Segment><SegStyle>Auto-generated10</SegStyle><End><X>-1.148</X><Y>2.013</Y></End></Segment>
		<Segment><SegStyle>cocr_hatch_laser1</SegStyle><End><X>-0.950</X><Y>1.971</Y></End></Segment>
		<Segment><SegStyle>Auto-generated10</SegStyle><End><X>-1.148</X><Y>2.013</Y></End></Segment>
		<Segment><SegStyle>Auto-generated10</SegStyle><End><X>-1.691</X><Y>2.026</Y></End></Segment>
		<Segment><SegStyle>cocr_hatch_laser1</SegStyle><End><X>-1.850</X><Y>2.060</Y></End></Segment>
		<Segment><SegStyle>Auto-generated10</SegStyle><End><X>-1.351</X><Y>1.852</Y></End></Segment>
		<Segment><SegStyle>cocr_hatch_laser1</SegStyle><End><X>-0.950</X><Y>1.766</Y></End></Segment>
		<Segment><SegStyle>Auto-generated10</SegStyle><End><X>-1.351</X><Y>1.852</Y></End></Segment>
		<Segment><SegStyle>Auto-generated10</SegStyle><End><X>-1.071</X><Y>1.690</Y></End></Segment>
		<Segment><SegStyle>cocr_hatch_laser1</SegStyle><End><X>-1.850</X><Y>1.855</Y></End></Segment>
		<Segment><SegStyle>Auto-generated10</SegStyle><End><X>-1.850</X><Y>1.753</Y></End></Segment>
		<Segment><SegStyle>cocr_hatch_laser1</SegStyle><End><X>-1.552</X><Y>1.690</Y></End></Segment>
		<Segment><SegStyle>Auto-generated10</SegStyle><End><X>-1.850</X><Y>1.753</Y></End></Segment>
		<Segment><SegStyle>Auto-generated10</SegStyle><End><X>-0.950</X><Y>2.278</Y></End></Segment>
		<Segment><SegStyle>cocr_hatch_laser1</SegStyle><End><X>-1.182</X><Y>2.327</Y></End></Segment>
		<Segment><SegStyle>Auto-generated10</SegStyle><End><X>-1.850</X><Y>2.367</Y></End></Segment>
		<Segment><SegStyle>cocr_hatch_laser1</SegStyle><End><X>-1.656</X><Y>2.325</Y></End></Segment>
		<Segment><SegStyle>Auto-generated10</SegStyle><End><X>-1.850</X><Y>2.367</Y></End></Segment>
		<Segment><SegStyle>Auto-generated10</SegStyle><End><X>-0.950</X><Y>2.073</Y></End></Segment>
		<Segment><SegStyle>cocr_hatch_laser1</SegStyle><End><X>-1.121</X><Y>2.109</Y></End></Segment>
		<Segment><SegStyle>Auto-generated10</SegStyle><End><X>-1.850</X><Y>2.162</Y></End></Segment>
		<Segment><SegStyle>cocr_hatch_laser1</SegStyle><End><X>-1.717</X><Y>2.134</Y></End></Segment>
		<Segment><SegStyle>Auto-generated10</SegStyle><End><X>-1.850</X><Y>2.162</Y></End></Segment>
		<Segment><SegStyle>Auto-generated10</SegStyle><End><X>-0.950</X><Y>1.869</Y></End></Segment>
		<Segment><SegStyle>cocr_hatch_laser1</SegStyle><End><X>-1.216</X><Y>1.925</Y></End></Segment>
		<Segment><SegStyle>Auto-generated10</SegStyle><End><X>-1.850</X><Y>1.958</Y></End></Segment>
		<Segment><SegStyle>cocr_hatch_laser1</SegStyle><End><X>-1.594</X><Y>1.903</Y></End></Segment>
		<Segment><SegStyle>Auto-generated10</SegStyle><End><X>-0.950</X><Y>2.278</Y></End></Segment>
		<Segment><SegStyle>cocr_hatch_laser1</SegStyle><End><X>-1.182</X><Y>2.327</Y></End></Segment>
		<Segment><SegStyle>Auto-generated10</SegStyle><End><X>-1.850</X><Y>2.367</Y></End></Segment>
		<Segment><SegStyle>cocr_hatch_laser1</SegStyle><End><X>-1.656</X><Y>2.325</Y></End></Segment>
		<Segment><SegStyle>Auto-generated10</SegStyle><End><X>-1.850</X><Y>2.367</Y></End></Segment>
		<Segment><SegStyle>Auto-generated10</SegStyle><End><X>-0.950</X><Y>2.073</Y></End></Segment>
		<Segment><SegStyle>cocr_hatch_laser1</SegStyle><End><X>-1.121</X><Y>2.109</Y></End></Segment>
		<Segment><SegStyle>Auto-generated10</SegStyle><End><X>-1.850</X><Y>2.162</Y></End></Segment>
		<Segment><SegStyle>cocr_hatch_laser1</SegStyle><End><X>-1.717</X><Y>2.134</Y></End></Segment>
		<Segment><SegStyle>Auto-generated10</SegStyle><End><X>-1.850</X><Y>2.162</Y></End></Segment>
		<Segment><SegStyle>Auto-generated10</SegStyle><End><X>-0.950</X><Y>1.869</Y></End></Segment>
		<Segment><SegStyle>cocr_hatch_laser1</SegStyle><End><X>-1.216</X><Y>1.925</Y></End></Segment>
		<Segment><SegStyle>Auto-generated10</SegStyle><End><X>-1.850</X><Y>1.958</Y></End></Segment></Path>
	<Path>
		<Type>hatch</Type>
		<Tag>cube_laser2_concurrent</Tag>
		<NumSegments>45</NumSegments>
		<SkyWritingMode>0</SkyWritingMode>
		<Start><X>-1.139</X><Y>3.690</Y></Start>
		<Segment><SegStyle>cocr_hatch_laser2</SegStyle><End><X>-0.950</X><Y>3.723</Y></End></Segment>
		<Segment><SegStyle>Auto-generated11</SegStyle><End><X>-0.950</X><Y>3.825</Y></End></Segment>
		<Segment><SegStyle>cocr_hatch_laser2</SegStyle><End><X>-1.715</X><Y>3.690</Y></End></Segment>
		<Segment><SegStyle>Auto-generated11</SegStyle><End><X>-1.850</X><Y>3.768</Y></End></Segment>
		<Segment><SegStyle>cocr_hatch_laser2</SegStyle><End><X>-1.391</X><Y>3.849</Y></End></Segment>
		<Segment><SegStyle>Auto-generated11</SegStyle><End><X>-0.950</X><Y>4.028</Y></End></Segment>
		<Segment><SegStyle>cocr_hatch_laser2</SegStyle><End><X>-1.163</X><Y>3.990</Y></End></Segment>
		<Segment><SegStyle>Auto-generated11</SegStyle><End><X>-1.850</X><Y>3.971</Y></End></Segment>
		<Segment><SegStyle>cocr_hatch_laser2</SegStyle><End><X>-1.679</X><Y>4.001</Y></End></Segment>
		<Segment><SegStyle>Auto-generated11</SegStyle><End><X>-1.850</X><Y>3.971</Y></End></Segment>
		<Segment><SegStyle>Auto-generated11</SegStyle><End><X>-0.950</X><Y>4.231</Y></End></Segment>
		<Segment><SegStyle>cocr_hatch_laser2</SegStyle><End><X>-1.124</X><Y>4.200</Y></End></Segment>
		<Segment><SegStyle>Auto-generated11</SegStyle><End><X>-1.850</X><Y>4.174</Y></End></Segment>
		<Segment><SegStyle>cocr_hatch_laser2</SegStyle><End><X>-1.710</X><Y>4.199</Y></End></Segment>
		<Segment><SegStyle>Auto-generated11</SegStyle><End><X>-1.850</X><Y>4.174</Y></End></Segment>
		<Segment><SegStyle>Auto-generated11</SegStyle><End><X>-0.950</X><Y>4.434</Y></End></Segment>
		<Segment><SegStyle>cocr_hatch_laser2</SegStyle><End><X>-1.240</X><Y>4.383</Y></End></Segment>
		<Segment><SegStyle>Auto-generated11</SegStyle><End><X>-1.332</X><Y>3.859</Y></End></Segment>
		<Segment><SegStyle>Auto-generated11</SegStyle><End><X>-1.850</X><Y>3.768</Y></End></Segment>
		<Segment><SegStyle>cocr_hatch_laser2</SegStyle><End><X>-1.391</X><Y>3.849</Y></End></Segment>
		<Segment><SegStyle>Auto-generated11</SegStyle><End><X>-1.332</X><Y>3.859</Y></End></Segment>
		<Segment><SegStyle>cocr_hatch_laser2</SegStyle><End><X>-0.950</X><Y>3.926</Y></End></Segment>
		<Segment><SegStyle>Auto-generated11</SegStyle><End><X>-1.607</X><Y>3.912</Y></End></Segment>
		<Segment><SegStyle>cocr_hatch_laser2</SegStyle><End><X>-1.850</X><Y>3.869</Y></End></Segment>
		<Segment><SegStyle>Auto-generated11</SegStyle><End><X>-1.121</X><Y>4.099</Y></End></Segment>
		<Segment><SegStyle>cocr_hatch_laser2</SegStyle><End><X>-0.950</X><Y>4.130</Y></End></Segment>
		<Segment><SegStyle>Auto-generated11</SegStyle><End><X>-1.121</X><Y>4.099</Y></End></Segment>
		<Segment><SegStyle>Auto-generated11</SegStyle><End><X>-1.711</X><Y>4.097</Y></End></Segment>
		<Segment><SegStyle>cocr_hatch_laser2</SegStyle><End><X>-1.850</X><Y>4.072</Y></End></Segment>
		<Segment><SegStyle>Auto-generated11</SegStyle><End><X>-1.161</X><Y>4.295</Y></End></Segment>
		<Segment><SegStyle>cocr_hatch_laser2</SegStyle><End><X>-0.950</X><Y>4.333</Y></End></Segment>
		<Segment><SegStyle>Auto-generated11</SegStyle><End><X>-1.161</X><Y>4.295</Y></End></Segment>
		<Segment><SegStyle>Auto-generated11</SegStyle><End><X>-1.670</X><Y>4.307</Y></End></Segment>
		<Segment><SegStyle>cocr_hatch_laser2</SegStyle><End><X>-1.850</X><Y>4.275</Y></End></Segment>
		<Segment><SegStyle>Auto-generated11</SegStyle><End><X>-1.850</X><Y>4.377</Y></End></Segment>
		<Segment><SegStyle>cocr_hatch_laser2</SegStyle><End><X>-0.950</X><Y>4.536</Y></End></Segment>
		<Segment><SegStyle>Auto-generated11</SegStyle><End><X>-1.218</X><Y>4.590</Y></End></Segment>
		<Segment><SegStyle>cocr_hatch_laser2</SegStyle><End><X>-1.850</X><Y>4.479</Y></End></Segment>
		<Segment><SegStyle>Auto-generated11</SegStyle><End><X>-1.850</X><Y>4.580</Y></End></Segment>
		<Segment><SegStyle>cocr_hatch_laser2</SegStyle><End><X>-1.794</X><Y>4.590</Y></End></Segment>
		<Segment><SegStyle>Auto-generated11</SegStyle><End><X>-1.850</X><Y>4.377</Y></End></Segment>
		<Segment><SegStyle>cocr_hatch_laser2</SegStyle><End><X>-0.950</X><Y>4.536</Y></End></Segment>
		<Segment><SegStyle>Auto-generated11</SegStyle><End><X>-1.218</X><Y>4.590</Y></End></Segment>
		<Segment><SegStyle>cocr_hatch_laser2</SegStyle><End><X>-1.850</X><Y>4.479</Y></End></Segment>
		<Segment><SegStyle>Auto-generated11</SegStyle><End><X>-1.850</X><Y>4.580</Y></End></Segment></Path></Trajectory>
<Trajectory>
	<TrajectoryID>2</TrajectoryID>
	<PathProcessingMode>concurrent</PathProcessingMode>
	<Path>
		<Type>contour</Type>
		<Tag>supports</Tag>
		<NumSegments>28</NumSegments>
		<SkyWritingMode>0</SkyWritingMode>
		<Start><X>-0.900</X><Y>0.640</Y></Start>
		<Segment><SegStyle>cocr_support</SegStyle><End><X>-1.900</X><Y>0.640</Y></End></Segment>
		<Segment><SegStyle>cocr_support</SegStyle><End><X>-1.900</X><Y>-0.360</Y></End></Segment>
		<Segment><SegStyle>cocr_support</SegStyle><End><X>-0.900</X><Y>-0.360</Y></End></Segment>
		<Segment><SegStyle>cocr_support</SegStyle><End><X>-0.900</X><Y>0.640</Y></End></Segment>
		<Segment><SegStyle>Auto-generated9</SegStyle><End><X>-1.482</X><Y>-0.094</Y></End></Segment>
		<Segment><SegStyle>cocr_support</SegStyle><End><X>-1.509</X><Y>-0.088</Y></End></Segment>
		<Segment><SegStyle>cocr_support</SegStyle><End><X>-1.574</X><Y>-0.051</Y></End></Segment>
		<Segment><SegStyle>cocr_support</SegStyle><End><X>-1.624</X><Y>0.004</Y></End></Segment>
		<Segment><SegStyle>cocr_support</SegStyle><End><X>-1.657</X><Y>0.071</Y></End></Segment>
		<Segment><SegStyle>cocr_support</SegStyle><End><X>-1.668</X><Y>0.145</Y></End></Segment>
		<Segment><SegStyle>cocr_support</SegStyle><End><X>-1.657</X><Y>0.218</Y></End></Segment>
		<Segment><SegStyle>cocr_support</SegStyle><End><X>-1.624</X><Y>0.286</Y></End></Segment>
		<Segment><SegStyle>cocr_support</SegStyle><End><X>-1.593</X><Y>0.320</Y></End></Segment>
		<Segment><SegStyle>cocr_support</SegStyle><End><X>-1.574</X><Y>0.340</Y></End></Segment>
		<Segment><SegStyle>cocr_support</SegStyle><End><X>-1.509</X><Y>0.377</Y></End></Segment>
		<Segment><SegStyle>cocr_support</SegStyle><End><X>-1.437</X><Y>0.394</Y></End></Segment>
		<Segment><SegStyle>cocr_support</SegStyle><End><X>-1.362</X><Y>0.388</Y></End></Segment>
		<Segment><SegStyle>cocr_support</SegStyle><End><X>-1.293</X><Y>0.361</Y></End></Segment>
		<Segment><SegStyle>cocr_support</SegStyle><End><X>-1.235</X><Y>0.315</Y></End></Segment>
		<Segment><SegStyle>cocr_support</SegStyle><End><X>-1.193</X><Y>0.253</Y></End></Segment>
		<Segment><SegStyle>cocr_support</SegStyle><End><X>-1.171</X><Y>0.182</Y></End></Segment>
		<Segment><SegStyle>cocr_support</SegStyle><End><X>-1.171</X><Y>0.107</Y></End></Segment>
		<Segment><SegStyle>cocr_support</SegStyle><End><X>-1.193</X><Y>0.036</Y></End></Segment>
		<Segment><SegStyle>cocr_support</SegStyle><End><X>-1.235</X><Y>-0.025</Y></End></Segment>
		<Segment><SegStyle>cocr_support</SegStyle><End><X>-1.293</X><Y>-0.072</Y></End></Segment>
		<Segment><SegStyle>cocr_support</SegStyle><End><X>-1.362</X><Y>-0.099</Y></End></Segment>
		<Segment><SegStyle>cocr_support</SegStyle><End><X>-1.437</X><Y>-0.105</Y></End></Segment>
		<Segment><SegStyle>cocr_support</SegStyle><End><X>-1.482</X><Y>-0.094</Y></End></Segment></Path>
	<Path>
		<Type>contour</Type>
		<Tag>supports</Tag>
		<NumSegments>28</NumSegments>
		<SkyWritingMode>0</SkyWritingMode>
		<Start><X>-0.950</X><Y>0.590</Y></Start>
		<Segment><SegStyle>cocr_support</SegStyle><End><X>-1.850</X><Y>0.590</Y></End></Segment>
		<Segment><SegStyle>cocr_support</SegStyle><End><X>-1.850</X><Y>-0.310</Y></End></Segment>
		<Segment><SegStyle>cocr_support</SegStyle><End><X>-0.950</X><Y>-0.310</Y></End></Segment>
		<Segment><SegStyle>cocr_support</SegStyle><End><X>-0.950</X><Y>0.590</Y></End></Segment>
		<Segment><SegStyle>Auto-generated9</SegStyle><End><X>-1.493</X><Y>-0.143</Y></End></Segment>
		<Segment><SegStyle>cocr_support</SegStyle><End><X>-1.528</X><Y>-0.135</Y></End></Segment>
		<Segment><SegStyle>cocr_support</SegStyle><End><X>-1.605</X><Y>-0.090</Y></End></Segment>
		<Segment><SegStyle>cocr_support</SegStyle><End><X>-1.666</X><Y>-0.025</Y></End></Segment>
		<Segment><SegStyle>cocr_support</SegStyle><End><X>-1.705</X><Y>0.056</Y></End></Segment>
		<Segment><SegStyle>cocr_support</SegStyle><End><X>-1.718</X><Y>0.145</Y></End></Segment>
		<Segment><SegStyle>cocr_support</SegStyle><End><X>-1.705</X><Y>0.233</Y></End></Segment>
		<Segment><SegStyle>cocr_support</SegStyle><End><X>-1.666</X><Y>0.314</Y></End></Segment>
		<Segment><SegStyle>cocr_support</SegStyle><End><X>-1.629</X><Y>0.354</Y></End></Segment>
		<Segment><SegStyle>cocr_support</SegStyle><End><X>-1.605</X><Y>0.380</Y></End></Segment>
		<Segment><SegStyle>cocr_support</SegStyle><End><X>-1.528</X><Y>0.425</Y></End></Segment>
		<Segment><SegStyle>cocr_support</SegStyle><End><X>-1.440</X><Y>0.444</Y></End></Segment>
		<Segment><SegStyle>cocr_support</SegStyle><End><X>-1.351</X><Y>0.438</Y></End></Segment>
		<Segment><SegStyle>cocr_support</SegStyle><End><X>-1.268</X><Y>0.405</Y></End></Segment>
		<Segment><SegStyle>cocr_support</SegStyle><End><X>-1.198</X><Y>0.349</Y></End></Segment>
		<Segment><SegStyle>cocr_support</SegStyle><End><X>-1.147</X><Y>0.275</Y></End></Segment>
		<Segment><SegStyle>cocr_support</SegStyle><End><X>-1.121</X><Y>0.190</Y></End></Segment>
		<Segment><SegStyle>cocr_support</SegStyle><End><X>-1.121</X><Y>0.100</Y></End></Segment>
		<Segment><SegStyle>cocr_support</SegStyle><End><X>-1.147</X><Y>0.014</Y></End></Segment>
		<Segment><SegStyle>cocr_support</SegStyle><End><X>-1.198</X><Y>-0.060</Y></End></Segment>
		<Segment><SegStyle>cocr_support</SegStyle><End><X>-1.268</X><Y>-0.116</Y></End></Segment>
		<Segment><SegStyle>cocr_support</SegStyle><End><X>-1.351</X><Y>-0.148</Y></End></Segment>
		<Segment><SegStyle>cocr_support</SegStyle><End><X>-1.440</X><Y>-0.155</Y></End></Segment>
		<Segment><SegStyle>cocr_support</SegStyle><End><X>-1.493</X><Y>-0.143</Y></End></Segment></Path>
	<Path>
		<Type>contour</Type>
		<Tag>supports</Tag>
		<NumSegments>28</NumSegments>
		<SkyWritingMode>0</SkyWritingMode>
		<Start><X>-1.000</X><Y>0.540</Y></Start>
		<Segment><SegStyle>cocr_support</SegStyle><End><X>-1.800</X><Y>0.540</Y></End></Segment>
		<Segment><SegStyle>cocr_support</SegStyle><End><X>-1.800</X><Y>-0.260</Y></End></Segment>
		<Segment><SegStyle>cocr_support</SegStyle><End><X>-1.000</X><Y>-0.260</Y></End></Segment>
		<Segment><SegStyle>cocr_support</SegStyle><End><X>-1.000</X><Y>0.540</Y></End></Segment>
		<Segment><SegStyle>Auto-generated9</SegStyle><End><X>-1.504</X><Y>-0.192</Y></End></Segment>
		<Segment><SegStyle>cocr_support</SegStyle><End><X>-1.546</X><Y>-0.182</Y></End></Segment>
		<Segment><SegStyle>cocr_support</SegStyle><End><X>-1.637</X><Y>-0.130</Y></End></Segment>
		<Segment><SegStyle>cocr_support</SegStyle><End><X>-1.708</X><Y>-0.053</Y></End></Segment>
		<Segment><SegStyle>cocr_support</SegStyle><End><X>-1.753</X><Y>0.041</Y></End></Segment>
		<Segment><SegStyle>cocr_support</SegStyle><End><X>-1.769</X><Y>0.145</Y></End></Segment>
		<Segment><SegStyle>cocr_support</SegStyle><End><X>-1.753</X><Y>0.248</Y></End></Segment>
		<Segment><SegStyle>cocr_support</SegStyle><End><X>-1.708</X><Y>0.343</Y></End></Segment>
		<Segment><SegStyle>cocr_support</SegStyle><End><X>-1.666</X><Y>0.388</Y></End></Segment>
		<Segment><SegStyle>cocr_support</SegStyle><End><X>-1.637</X><Y>0.419</Y></End></Segment>
		<Segment><SegStyle>cocr_support</SegStyle><End><X>-1.546</X><Y>0.472</Y></End></Segment>
		<Segment><SegStyle>cocr_support</SegStyle><End><X>-1.444</X><Y>0.495</Y></End></Segment>
		<Segment><SegStyle>cocr_support</SegStyle><End><X>-1.340</X><Y>0.487</Y></End></Segment>
		<Segment><SegStyle>cocr_support</SegStyle><End><X>-1.242</X><Y>0.449</Y></End></Segment>
		<Segment><SegStyle>cocr_support</SegStyle><End><X>-1.161</X><Y>0.384</Y></End></Segment>
		<Segment><SegStyle>cocr_support</SegStyle><End><X>-1.102</X><Y>0.297</Y></End></Segment>
		<Segment><SegStyle>cocr_support</SegStyle><End><X>-1.071</X><Y>0.197</Y></End></Segment>
		<Segment><SegStyle>cocr_support</SegStyle><End><X>-1.071</X><Y>0.092</Y></End></Segment>
		<Segment><SegStyle>cocr_support</SegStyle><End><X>-1.102</X><Y>-0.008</Y></End></Segment>
		<Segment><SegStyle>cocr_support</SegStyle><End><X>-1.161</X><Y>-0.094</Y></End></Segment>
		<Segment><SegStyle>cocr_support</SegStyle><End><X>-1.242</X><Y>-0.159</Y></End></Segment>
		<Segment><SegStyle>cocr_support</SegStyle><End><X>-1.340</X><Y>-0.198</Y></End></Segment>
		<Segment><SegStyle>cocr_support</SegStyle><End><X>-1.444</X><Y>-0.205</Y></End></Segment>
		<Segment><SegStyle>cocr_support</SegStyle><End><X>-1.504</X><Y>-0.192</Y></End></Segment></Path></Trajectory>
<Trajectory>
	<TrajectoryID>9999</TrajectoryID>
	<PathProcessingMode>sequential</PathProcessingMode></Trajectory>
<Trajectory>
	<TrajectoryID>5</TrajectoryID>
	<PathProcessingMode>sequential</PathProcessingMode>
	<Path>
		<Type>hatch</Type>
		<Tag>cube_laser1_sequential</Tag>
		<NumSegments>60</NumSegments>
		<SkyWritingMode>0</SkyWritingMode>
		<Start><X>4.050</X><Y>0.920</Y></Start>
		<Segment><SegStyle>cocr_hatch_laser1</SegStyle><End><X>4.077</X><Y>0.950</Y></End></Segment>
		<Segment><SegStyle>Auto-generated13</SegStyle><End><X>4.213</X><Y>0.950</Y></End></Segment>
		<Segment><SegStyle>cocr_hatch_laser1</SegStyle><End><X>4.050</X><Y>0.772</Y></End></Segment>
		<Segment><SegStyle>Auto-generated13</SegStyle><End><X>4.050</X><Y>0.624</Y></End></Segment>
		<Segment><SegStyle>cocr_hatch_laser1</SegStyle><End><X>4.349</X><Y>0.950</Y></End></Segment>
		<Segment><SegStyle>Auto-generated13</SegStyle><End><X>4.050</X><Y>0.624</Y></End></Segment>
		<Segment><SegStyle>Auto-generated13</SegStyle><End><X>4.484</X><Y>0.950</Y></End></Segment>
		<Segment><SegStyle>cocr_hatch_laser1</SegStyle><End><X>4.050</X><Y>0.476</Y></End></Segment>
		<Segment><SegStyle>Auto-generated13</SegStyle><End><X>4.050</X><Y>0.328</Y></End></Segment>
		<Segment><SegStyle>cocr_hatch_laser1</SegStyle><End><X>4.620</X><Y>0.950</Y></End></Segment>
		<Segment><SegStyle>Auto-generated13</SegStyle><End><X>4.050</X><Y>0.328</Y></End></Segment>
		<Segment><SegStyle>Auto-generated13</SegStyle><End><X>4.756</X><Y>0.950</Y></End></Segment>
		<Segment><SegStyle>cocr_hatch_laser1</SegStyle><End><X>4.050</X><Y>0.180</Y></End></Segment>
		<Segment><SegStyle>Auto-generated13</SegStyle><End><X>4.067</X><Y>0.050</Y></End></Segment>
		<Segment><SegStyle>cocr_hatch_laser1</SegStyle><End><X>4.891</X><Y>0.950</Y></End></Segment>
		<Segment><SegStyle>Auto-generated13</SegStyle><End><X>4.067</X><Y>0.050</Y></End></Segment>
		<Segment><SegStyle>Auto-generated13</SegStyle><End><X>4.950</X><Y>0.866</Y></End></Segment>
		<Segment><SegStyle>cocr_hatch_laser1</SegStyle><End><X>4.202</X><Y>0.050</Y></End></Segment>
		<Segment><SegStyle>Auto-generated13</SegStyle><End><X>4.338</X><Y>0.050</Y></End></Segment>
		<Segment><SegStyle>cocr_hatch_laser1</SegStyle><End><X>4.950</X><Y>0.718</Y></End></Segment>
		<Segment><SegStyle>Auto-generated13</SegStyle><End><X>4.338</X><Y>0.050</Y></End></Segment>
		<Segment><SegStyle>Auto-generated13</SegStyle><End><X>4.950</X><Y>0.570</Y></End></Segment>
		<Segment><SegStyle>cocr_hatch_laser1</SegStyle><End><X>4.474</X><Y>0.050</Y></End></Segment>
		<Segment><SegStyle>Auto-generated13</SegStyle><End><X>4.609</X><Y>0.050</Y></End></Segment>
		<Segment><SegStyle>cocr_hatch_laser1</SegStyle><End><X>4.950</X><Y>0.422</Y></End></Segment>
		<Segment><SegStyle>Auto-generated13</SegStyle><End><X>4.609</X><Y>0.050</Y></End></Segment>
		<Segment><SegStyle>Auto-generated13</SegStyle><End><X>4.950</X><Y>0.274</Y></End></Segment>
		<Segment><SegStyle>cocr_hatch_laser1</SegStyle><End><X>4.745</X><Y>0.050</Y></End></Segment>
		<Segment><SegStyle>Auto-generated13</SegStyle><End><X>4.880</X><Y>0.050</Y></End></Segment>
		<Segment><SegStyle>cocr_hatch_laser1</SegStyle><End><X>4.950</X><Y>0.126</Y></End></Segment>
		<Segment><SegStyle>Auto-generated13</SegStyle><End><X>4.050</X><Y>0.920</Y></End></Segment>
		<Segment><SegStyle>cocr_hatch_laser1</SegStyle><End><X>4.077</X><Y>0.950</Y></End></Segment>
		<Segment><SegStyle>Auto-generated13</SegStyle><End><X>4.213</X><Y>0.950</Y></End></Segment>
		<Segment><SegStyle>cocr_hatch_laser1</SegStyle><End><X>4.050</X><Y>0.772</Y></End></Segment>
		<Segment><SegStyle>Auto-generated13</SegStyle><End><X>4.050</X><Y>0.624</Y></End></Segment>
		<Segment><SegStyle>cocr_hatch_laser1</SegStyle><End><X>4.349</X><Y>0.950</Y></End></Segment>
		<Segment><SegStyle>Auto-generated13</SegStyle><End><X>4.050</X><Y>0.624</Y></End></Segment>
		<Segment><SegStyle>Auto-generated13</SegStyle><End><X>4.484</X><Y>0.950</Y></End></Segment>
		<Segment><SegStyle>cocr_hatch_laser1</SegStyle><End><X>4.050</X><Y>0.476</Y></End></Segment>
		<Segment><SegStyle>Auto-generated13</SegStyle><End><X>4.050</X><Y>0.328</Y></End></Segment>
		<Segment><SegStyle>cocr_hatch_laser1</SegStyle><End><X>4.620</X><Y>0.950</Y></End></Segment>
		<Segment><SegStyle>Auto-generated13</SegStyle><End><X>4.050</X><Y>0.328</Y></End></Segment>
		<Segment><SegStyle>Auto-generated13</SegStyle><End><X>4.756</X><Y>0.950</Y></End></Segment>
		<Segment><SegStyle>cocr_hatch_laser1</SegStyle><End><X>4.050</X><Y>0.180</Y></End></Segment>
		<Segment><SegStyle>Auto-generated13</SegStyle><End><X>4.067</X><Y>0.050</Y></End></Segment>
		<Segment><SegStyle>cocr_hatch_laser1</SegStyle><End><X>4.891</X><Y>0.950</Y></End></Segment>
		<Segment><SegStyle>Auto-generated13</SegStyle><End><X>4.067</X><Y>0.050</Y></End></Segment>
		<Segment><SegStyle>Auto-generated13</SegStyle><End><X>4.950</X><Y>0.866</Y></End></Segment>
		<Segment><SegStyle>cocr_hatch_laser1</SegStyle><End><X>4.202</X><Y>0.050</Y></End></Segment>
		<Segment><SegStyle>Auto-generated13</SegStyle><End><X>4.338</X><Y>0.050</Y></End></Segment>
		<Segment><SegStyle>cocr_hatch_laser1</SegStyle><End><X>4.950</X><Y>0.718</Y></End></Segment>
		<Segment><SegStyle>Auto-generated13</SegStyle><End><X>4.338</X><Y>0.050</Y></End></Segment>
		<Segment><SegStyle>Auto-generated13</SegStyle><End><X>4.950</X><Y>0.570</Y></End></Segment>
		<Segment><SegStyle>cocr_hatch_laser1</SegStyle><End><X>4.474</X><Y>0.050</Y></End></Segment>
		<Segment><SegStyle>Auto-generated13</SegStyle><End><X>4.609</X><Y>0.050</Y></End></Segment>
		<Segment><SegStyle>cocr_hatch_laser1</SegStyle><End><X>4.950</X><Y>0.422</Y></End></Segment>
		<Segment><SegStyle>Auto-generated13</SegStyle><End><X>4.609</X><Y>0.050</Y></End></Segment>
		<Segment><SegStyle>Auto-generated13</SegStyle><End><X>4.950</X><Y>0.274</Y></End></Segment>
		<Segment><SegStyle>cocr_hatch_laser1</SegStyle><End><X>4.745</X><Y>0.050</Y></End></Segment>
		<Segment><SegStyle>Auto-generated13</SegStyle><End><X>4.880</X><Y>0.050</Y></End></Segment></Path>
	<Path>
		<Type>hatch</Type>
		<Tag>cube_laser2_sequential</Tag>
		<NumSegments>85</NumSegments>
		<SkyWritingMode>0</SkyWritingMode>
		<Start><X>4.788</X><Y>2.050</Y></Start>
		<Segment><SegStyle>cocr_hatch_laser2</SegStyle><End><X>4.950</X><Y>2.139</Y></End></Segment>
		<Segment><SegStyle>Auto-generated14</SegStyle><End><X>4.950</X><Y>2.253</Y></End></Segment>
		<Segment><SegStyle>cocr_hatch_laser2</SegStyle><End><X>4.580</X><Y>2.050</Y></End></Segment>
		<Segment><SegStyle>Auto-generated14</SegStyle><End><X>4.371</X><Y>2.050</Y></End></Segment>
		<Segment><SegStyle>cocr_hatch_laser2</SegStyle><End><X>4.950</X><Y>2.367</Y></End></Segment>
		<Segment><SegStyle>Auto-generated14</SegStyle><End><X>4.371</X><Y>2.050</Y></End></Segment>
		<Segment><SegStyle>Auto-generated14</SegStyle><End><X>4.950</X><Y>2.481</Y></End></Segment>
		<Segment><SegStyle>cocr_hatch_laser2</SegStyle><End><X>4.163</X><Y>2.050</Y></End></Segment>
		<Segment><SegStyle>Auto-generated14</SegStyle><End><X>4.050</X><Y>2.102</Y></End></Segment>
		<Segment><SegStyle>cocr_hatch_laser2</SegStyle><End><X>4.950</X><Y>2.595</Y></End></Segment>
		<Segment><SegStyle>Auto-generated14</SegStyle><End><X>4.050</X><Y>2.102</Y></End></Segment>
		<Segment><SegStyle>Auto-generated14</SegStyle><End><X>4.950</X><Y>2.709</Y></End></Segment>
		<Segment><SegStyle>cocr_hatch_laser2</SegStyle><End><X>4.050</X><Y>2.216</Y></End></Segment>
		<Segment><SegStyle>Auto-generated14</SegStyle><End><X>4.050</X><Y>2.330</Y></End></Segment>
		<Segment><SegStyle>cocr_hatch_laser2</SegStyle><End><X>4.950</X><Y>2.823</Y></End></Segment>
		<Segment><SegStyle>Auto-generated14</SegStyle><End><X>4.050</X><Y>2.330</Y></End></Segment>
		<Segment><SegStyle>Auto-generated14</SegStyle><End><X>4.950</X><Y>2.937</Y></End></Segment>
		<Segment><SegStyle>cocr_hatch_laser2</SegStyle><End><X>4.050</X><Y>2.444</Y></End></Segment>
		<Segment><SegStyle>Auto-generated14</SegStyle><End><X>4.050</X><Y>2.558</Y></End></Segment>
		<Segment><SegStyle>cocr_hatch_laser2</SegStyle><End><X>4.766</X><Y>2.950</Y></End></Segment>
		<Segment><SegStyle>Auto-generated14</SegStyle><End><X>4.050</X><Y>2.558</Y></End></Segment>
		<Segment><SegStyle>Auto-generated14</SegStyle><End><X>4.558</X><Y>2.950</Y></End></Segment>
		<Segment><SegStyle>cocr_hatch_laser2</SegStyle><End><X>4.050</X><Y>2.672</Y></End></Segment>
		<Segment><SegStyle>Auto-generated14</SegStyle><End><X>4.050</X><Y>2.786</Y></End></Segment>
		<Segment><SegStyle>cocr_hatch_laser2</SegStyle><End><X>4.349</X><Y>2.950</Y></End></Segment>
		<Segment><SegStyle>Auto-generated14</SegStyle><End><X>4.050</X><Y>2.786</Y></End></Segment>
		<Segment><SegStyle>Auto-generated14</SegStyle><End><X>4.141</X><Y>2.950</Y></End></Segment>
		<Segment><SegStyle>cocr_hatch_laser2</SegStyle><End><X>4.050</X><Y>2.900</Y></End></Segment>
		<Segment><SegStyle>Auto-generated14</SegStyle><End><X>4.901</X><Y>4.050</Y></End></Segment>
		<Segment><SegStyle>cocr_hatch_laser2</SegStyle><End><X>4.950</X><Y>4.077</Y></End></Segment>
		<Segment><SegStyle>Auto-generated14</SegStyle><End><X>4.950</X><Y>4.191</Y></End></Segment>
		<Segment><SegStyle>cocr_hatch_laser2</SegStyle><End><X>4.693</X><Y>4.050</Y></End></Segment>
		<Segment><SegStyle>Auto-generated14</SegStyle><End><X>4.484</X><Y>4.050</Y></End></Segment>
		<Segment><SegStyle>cocr_hatch_laser2</SegStyle><End><X>4.950</X><Y>4.305</Y></End></Segment>
		<Segment><SegStyle>Auto-generated14</SegStyle><End><X>4.484</X><Y>4.050</Y></End></Segment>
		<Segment><SegStyle>Auto-generated14</SegStyle><End><X>4.950</X><Y>4.419</Y></End></Segment>
		<Segment><SegStyle>cocr_hatch_laser2</SegStyle><End><X>4.276</X><Y>4.050</Y></End></Segment>
		<Segment><SegStyle>Auto-generated14</SegStyle><End><X>4.068</X><Y>4.050</Y></End></Segment>
		<Segment><SegStyle>cocr_hatch_laser2</SegStyle><End><X>4.950</X><Y>4.533</Y></End></Segment>
		<Segment><SegStyle>Auto-generated14</SegStyle><End><X>4.068</X><Y>4.050</Y></End></Segment>
		<Segment><SegStyle>Auto-generated14</SegStyle><End><X>4.950</X><Y>4.647</Y></End></Segment>
		<Segment><SegStyle>cocr_hatch_laser2</SegStyle><End><X>4.050</X><Y>4.154</Y></End></Segment>
		<Segment><SegStyle>Auto-generated14</SegStyle><End><X>4.050</X><Y>4.268</Y></End></Segment>
		<Segment><SegStyle>cocr_hatch_laser2</SegStyle><End><X>4.950</X><Y>4.761</Y></End></Segment>
		<Segment><SegStyle>Auto-generated14</SegStyle><End><X>4.050</X><Y>4.268</Y></End></Segment>
		<Segment><SegStyle>Auto-generated14</SegStyle><End><X>4.950</X><Y>4.875</Y></End></Segment>
		<Segment><SegStyle>cocr_hatch_laser2</SegStyle><End><X>4.050</X><Y>4.382</Y></End></Segment>
		<Segment><SegStyle>Auto-generated14</SegStyle><End><X>4.050</X><Y>4.496</Y></End></Segment>
		<Segment><SegStyle>cocr_hatch_laser2</SegStyle><End><X>4.879</X><Y>4.950</Y></End></Segment>
		<Segment><SegStyle>Auto-generated14</SegStyle><End><X>4.050</X><Y>4.496</Y></End></Segment>
		<Segment><SegStyle>Auto-generated14</SegStyle><End><X>4.671</X><Y>4.950</Y></End></Segment>
		<Segment><SegStyle>cocr_hatch_laser2</SegStyle><End><X>4.050</X><Y>4.610</Y></End></Segment>
		<Segment><SegStyle>Auto-generated14</SegStyle><End><X>4.050</X><Y>4.724</Y></End></Segment>
		<Segment><SegStyle>cocr_hatch_laser2</SegStyle><End><X>4.462</X><Y>4.950</Y></End></Segment>
		<Segment><SegStyle>Auto-generated14</SegStyle><End><X>4.050</X><Y>4.724</Y></End></Segment>
		<Segment><SegStyle>Auto-generated14</SegStyle><End><X>4.254</X><Y>4.950</Y></End></Segment>
		<Segment><SegStyle>cocr_hatch_laser2</SegStyle><End><X>4.050</X><Y>4.838</Y></End></Segment>
		<Segment><SegStyle>Auto-generated14</SegStyle><End><X>4.901</X><Y>4.050</Y></End></Segment>
		<Segment><SegStyle>cocr_hatch_laser2</SegStyle><End><X>4.950</X><Y>4.077</Y></End></Segment>
		<Segment><SegStyle>Auto-generated14</SegStyle><End><X>4.950</X><Y>4.191</Y></End></Segment>
		<Segment><SegStyle>cocr_hatch_laser2</SegStyle><End><X>4.693</X><Y>4.050</Y></End></Segment>
		<Segment><SegStyle>Auto-generated14</SegStyle><End><X>4.484</X><Y>4.050</Y></End></Segment>
		<Segment><SegStyle>cocr_hatch_laser2</SegStyle><End><X>4.950</X><Y>4.305</Y></End></Segment>
		<Segment><SegStyle>Auto-generated14</SegStyle><End><X>4.484</X><Y>4.050</Y></End></Segment>
		<Segment><SegStyle>Auto-generated14</SegStyle><End><X>4.950</X><Y>4.419</Y></End></Segment>
		<Segment><SegStyle>cocr_hatch_laser2</SegStyle><End><X>4.276</X><Y>4.050</Y></End></Segment>
		<Segment><SegStyle>Auto-generated14</SegStyle><End><X>4.068</X><Y>4.050</Y></End></Segment>
		<Segment><SegStyle>cocr_hatch_laser2</SegStyle><End><X>4.950</X><Y>4.533</Y></End></Segment>
		<Segment><SegStyle>Auto-generated14</SegStyle><End><X>4.068</X><Y>4.050</Y></End></Segment>
		<Segment><SegStyle>Auto-generated14</SegStyle><End><X>4.950</X><Y>4.647</Y></End></Segment>
		<Segment><SegStyle>cocr_hatch_laser2</SegStyle><End><X>4.050</X><Y>4.154</Y></End></Segment>
		<Segment><SegStyle>Auto-generated14</SegStyle><End><X>4.050</X><Y>4.268</Y></End></Segment>
		<Segment><SegStyle>cocr_hatch_laser2</SegStyle><End><X>4.950</X><Y>4.761</Y></End></Segment>
		<Segment><SegStyle>Auto-generated14</SegStyle><End><X>4.050</X><Y>4.268</Y></End></Segment>
		<Segment><SegStyle>Auto-generated14</SegStyle><End><X>4.950</X><Y>4.875</Y></End></Segment>
		<Segment><SegStyle>cocr_hatch_laser2</SegStyle><End><X>4.050</X><Y>4.382</Y></End></Segment>
		<Segment><SegStyle>Auto-generated14</SegStyle><End><X>4.050</X><Y>4.496</Y></End></Segment>
		<Segment><SegStyle>cocr_hatch_laser2</SegStyle><End><X>4.879</X><Y>4.950</Y></End></Segment>
		<Segment><SegStyle>Auto-generated14</SegStyle><End><X>4.050</X><Y>4.496</Y></End></Segment>
		<Segment><SegStyle>Auto-generated14</SegStyle><End><X>4.671</X><Y>4.950</Y></End></Segment>
		<Segment><SegStyle>cocr_hatch_laser2</SegStyle><End><X>4.050</X><Y>4.610</Y></End></Segment>
		<Segment><SegStyle>Auto-generated14</SegStyle><End><X>4.050</X><Y>4.724</Y></End></Segment>
		<Segment><SegStyle>cocr_hatch_laser2</SegStyle><End><X>4.462</X><Y>4.950</Y></End></Segment>
		<Segment><SegStyle>Auto-generated14</SegStyle><End><X>4.050</X><Y>4.724</Y></End></Segment>
		<Segment><SegStyle>Auto-generated14</SegStyle><End><X>4.254</X><Y>4.950</Y></End></Segment></Path></Trajectory></TrajectoryList></Layer>