<?xml version="1.0"?><!--Scan file created using MSXML 6.0.--><Layer>
<Header>
	<AmericaMakesSchemaVersion>2020-03-23</AmericaMakesSchemaVersion>
	<LayerNum>15</LayerNum>
	<LayerThickness>0.05</LayerThickness>
	<AbsoluteHeight>0.75</AbsoluteHeight>
	<DosingFactor>1.75</DosingFactor>
	<BuildDescription>Placeholder</BuildDescription></Header>
<VelocityProfileList>
	<VelocityProfile><ID>0</ID>
		<Velocity>10000</Velocity><Mode>Delay</Mode>
		<LaserOnDelay>600</LaserOnDelay><LaserOffDelay>0</LaserOffDelay><JumpDelay>0</JumpDelay>
		<MarkDelay>0</MarkDelay><PolygonDelay>0</PolygonDelay></VelocityProfile>
	<VelocityProfile><ID>1</ID>
		<Velocity>850</Velocity><Mode>Delay</Mode>
		<LaserOnDelay>300</LaserOnDelay><LaserOffDelay>0</LaserOffDelay><JumpDelay>300</JumpDelay>
		<MarkDelay>300</MarkDelay><PolygonDelay>0</PolygonDelay></VelocityProfile>
	<VelocityProfile><ID>2</ID>
		<Velocity>1200</Velocity><Mode>Delay</Mode>
		<LaserOnDelay>100</LaserOnDelay><LaserOffDelay>0</LaserOffDelay><JumpDelay>400</JumpDelay>
		<MarkDelay>400</MarkDelay><PolygonDelay>0</PolygonDelay></VelocityProfile>
	<VelocityProfile><ID>jumpprofile1</ID>
		<Velocity>5000</Velocity><Mode>Delay</Mode>
		<LaserOnDelay>300</LaserOnDelay><LaserOffDelay>0</LaserOffDelay><JumpDelay>0</JumpDelay>
		<MarkDelay>0</MarkDelay><PolygonDelay>0</PolygonDelay></VelocityProfile>
	<VelocityProfile><ID>test profile</ID>
		<Velocity>3000</Velocity><Mode>Delay</Mode>
		<LaserOnDelay>300</LaserOnDelay><LaserOffDelay>0</LaserOffDelay><JumpDelay>0</JumpDelay>
		<MarkDelay>0</MarkDelay><PolygonDelay>0</PolygonDelay></VelocityProfile>
	<VelocityProfile><ID>5</ID>
		<Velocity>6000</Velocity><Mode>Delay</Mode>
		<LaserOnDelay>300</LaserOnDelay><LaserOffDelay>0</LaserOffDelay><JumpDelay>0</JumpDelay>
		<MarkDelay>0</MarkDelay><PolygonDelay>0</PolygonDelay></VelocityProfile>
	<VelocityProfile><ID>jumpprofile2</ID>
		<Velocity>4000</Velocity><Mode>Delay</Mode>
		<LaserOnDelay>300</LaserOnDelay><LaserOffDelay>0</LaserOffDelay><JumpDelay>0</JumpDelay>
		<MarkDelay>0</MarkDelay><PolygonDelay>0</PolygonDelay></VelocityProfile></VelocityProfileList>
<SegmentStyleList>
	<SegmentStyle><ID>cocr_hatch_laser1</ID>
		<VelocityProfileID>0</VelocityProfileID><LaserMode>Independent</LaserMode>
		<Traveler><ID>a</ID>
			<SyncDelay>0</SyncDelay><Power>195</Power><SpotSize>50</SpotSize></Traveler></SegmentStyle>
	<SegmentStyle><ID>cocr_contour_laser1</ID>
		<VelocityProfileID>2</VelocityProfileID><LaserMode>Independent</LaserMode>
		<Traveler><ID>a</ID>
			<SyncDelay>0</SyncDelay><Power>195</Power><SpotSize>50</SpotSize></Traveler></SegmentStyle>
	<SegmentStyle><ID>cocr_hatch_laser2</ID>
		<VelocityProfileID>2</VelocityProfileID><LaserMode>Independent</LaserMode>
		<Traveler><ID>b</ID>
			<SyncDelay>0</SyncDelay><Power>195</Power><SpotSize>50</SpotSize></Traveler></SegmentStyle>
	<SegmentStyle><ID>cocr_contour_laser2</ID>
		<VelocityProfileID>1</VelocityProfileID><LaserMode>Independent</LaserMode>
		<Traveler><ID>b</ID>
			<SyncDelay>0</SyncDelay><Power>195</Power><SpotSize>50</SpotSize></Traveler></SegmentStyle>
	<SegmentStyle><ID>cocr_followme</ID>
		<VelocityProfileID>2</VelocityProfileID><LaserMode>FollowMe</LaserMode>
		<Traveler><ID>b</ID>
			<SyncDelay>0</SyncDelay><Power>222</Power><SpotSize>80</SpotSize>
			<Wobble><On>1</On><Freq>3000</Freq><Shape>0</Shape><TransAmp>0.3</TransAmp><LongAmp>0.3</LongAmp></Wobble></Traveler>
		<Traveler><ID>a</ID>
			<SyncDelay>70</SyncDelay><Power>130</Power><SpotSize>100</SpotSize></Traveler></SegmentStyle>
	<SegmentStyle><ID>cocr_support</ID>
		<VelocityProfileID>5</VelocityProfileID><LaserMode>Independent</LaserMode>
		<Traveler><ID>a</ID>
			<SyncDelay>0</SyncDelay><Power>195</Power><SpotSize>70</SpotSize></Traveler></SegmentStyle>
	<SegmentStyle><ID>jumpstyletest</ID>
		<VelocityProfileID>jumpprofile1</VelocityProfileID></SegmentStyle>
	<SegmentStyle><ID>wobbletraillaser</ID>
		<VelocityProfileID>2</VelocityProfileID><LaserMode>FollowMe</LaserMode>
		<Traveler><ID>b</ID>
			<SyncDelay>0</SyncDelay><Power>222</Power><SpotSize>80</SpotSize>
			<Wobble><On>1</On><Freq>3000</Freq><Shape>0</Shape><TransAmp>0.1</TransAmp><LongAmp>0.3</LongAmp></Wobble></Traveler>
		<Traveler><ID>a</ID>
			<SyncDelay>70</SyncDelay><Power>130</Power><SpotSize>100</SpotSize>
			<Wobble><On>1</On><Freq>3210</Freq><Shape>-1</Shape><TransAmp>0.5</TransAmp><LongAmp>0.2</LongAmp></Wobble></Traveler></SegmentStyle>
	<SegmentStyle><ID>Auto-generated9</ID>
		<VelocityProfileID>jumpprofile1</VelocityProfileID></SegmentStyle>
	<SegmentStyle><ID>Auto-generated10</ID>
		<VelocityProfileID>jumpprofile2</VelocityProfileID></SegmentStyle>
	<SegmentStyle><ID>Auto-generated11</ID>
		<VelocityProfileID>jumpprofile2</VelocityProfileID></SegmentStyle>
	<SegmentStyle><ID>Auto-generated12</ID>
		<VelocityProfileID>jumpprofile2</VelocityProfileID></SegmentStyle>
	<SegmentStyle><ID>Auto-generated13</ID>
		<VelocityProfileID>jumpprofile2</VelocityProfileID></SegmentStyle>
	<SegmentStyle><ID>Auto-generated14</ID>
		<VelocityProfileID>jumpprofile2</VelocityProfileID></SegmentStyle></SegmentStyleList>
<TrajectoryList>
<Trajectory>
	<TrajectoryID>1</TrajectoryID>
	<PathProcessingMode>concurrent</PathProcessingMode>
	<Path>
		<Type>contour</Type>
		<Tag>cube_laser1_concurrent</Tag>
		<NumSegments>26</NumSegments>
		<SkyWritingMode>0</SkyWritingMode>
		<Start><X>-0.900</X><Y>2.640</Y></Start>
		<Segment><SegStyle>cocr_contour_laser1</SegStyle><End><X>-1.900</X><Y>2.640</Y></End></Segment>
		<Segment><SegStyle>cocr_contour_laser1</SegStyle><End><X>-1.900</X><Y>1.640</Y></End></Segment>
		<Segment><SegStyle>cocr_contour_laser1</SegStyle><End><X>-0.900</X><Y>1.640</Y></End></Segment>
		<Segment><SegStyle>cocr_contour_laser1</SegStyle><End><X>-0.900</X><Y>2.640</Y></End></Segment>
		<Segment><SegStyle>Auto-generated10</SegStyle><End><X>-1.489</X><Y>1.907</Y></End></Segment>
		<Segment><SegStyle>cocr_contour_laser1</SegStyle><End><X>-1.574</X><Y>1.949</Y></End></Segment>
		<Segment><SegStyle>cocr_contour_laser1</SegStyle><End><X>-1.624</X><Y>2.004</Y></End></Segment>
		<Segment><SegStyle>cocr_contour_laser1</SegStyle><End><X>-1.657</X><Y>2.071</Y></End></Segment>
		<Segment><SegStyle>cocr_contour_laser1</SegStyle><End><X>-1.665</X><Y>2.124</Y></End></Segment>
		<Segment><SegStyle>cocr_contour_laser1</SegStyle><End><X>-1.657</X><Y>2.218</Y></End></Segment>
		<Segment><SegStyle>cocr_contour_laser1</SegStyle><End><X>-1.624</X><Y>2.286</Y></End></Segment>
		<Segment><SegStyle>cocr_contour_laser1</SegStyle><End><X>-1.574</X><Y>2.340</Y></End></Segment>
		<Segment><SegStyle>cocr_contour_laser1</SegStyle><End><X>-1.509</X><Y>2.377</Y></End></Segment>
		<Segment><SegStyle>cocr_contour_laser1</SegStyle><End><X>-1.437</X><Y>2.394</Y></End></Segment>
		<Segment><SegStyle>cocr_contour_laser1</SegStyle><End><X>-1.362</X><Y>2.388</Y></End></Segment>
		<Segment><SegStyle>cocr_contour_laser1</SegStyle><End><X>-1.280</X><Y>2.356</Y></End></Segment>
		<Segment><SegStyle>cocr_contour_laser1</SegStyle><End><X>-1.235</X><Y>2.315</Y></End></Segment>
		<Segment><SegStyle>cocr_contour_laser1</SegStyle><End><X>-1.193</X><Y>2.253</Y></End></Segment>
		<Segment><SegStyle>cocr_contour_laser1</SegStyle><End><X>-1.171</X><Y>2.182</Y></End></Segment>
		<Segment><SegStyle>cocr_contour_laser1</SegStyle><End><X>-1.171</X><Y>2.107</Y></End></Segment>
		<Segment><SegStyle>cocr_contour_laser1</SegStyle><End><X>-1.193</X><Y>2.036</Y></End></Segment>
		<Segment><SegStyle>cocr_contour_laser1</SegStyle><End><X>-1.235</X><Y>1.975</Y></End></Segment>
		<Segment><SegStyle>cocr_contour_laser1</SegStyle><End><X>-1.293</X><Y>1.928</Y></End></Segment>
		<Segment><SegStyle>cocr_contour_laser1</SegStyle><End><X>-1.362</X><Y>1.901</Y></End></Segment>
		<Segment><SegStyle>cocr_contour_laser1</SegStyle><End><X>-1.437</X><Y>1.895</Y></End></Segment>
		<Segment><SegStyle>cocr_contour_laser1</SegStyle><End><X>-1.489</X><Y>1.907</Y></End></Segment></Path>
	<Path>
		<Type>contour</Type>
		<Tag>cube_laser2_concurrent</Tag>
		<NumSegments>26</NumSegments>
		<SkyWritingMode>0</SkyWritingMode>
		<Start><X>-0.900</X><Y>4.640</Y></Start>
		<Segment><SegStyle>cocr_contour_laser2</SegStyle><End><X>-1.900</X><Y>4.640</Y></End></Segment>
		<Segment><SegStyle>cocr_contour_laser2</SegStyle><End><X>-1.900</X><Y>3.640</Y></End></Segment>
		<Segment><SegStyle>cocr_contour_laser2</SegStyle><End><X>-0.900</X><Y>3.640</Y></End></Segment>
		<Segment><SegStyle>cocr_contour_laser2</SegStyle><End><X>-0.900</X><Y>4.640</Y></End></Segment>
		<Segment><SegStyle>Auto-generated11</SegStyle><End><X>-1.489</X><Y>3.907</Y></End></Segment>
		<Segment><SegStyle>cocr_contour_laser2</SegStyle><End><X>-1.574</X><Y>3.949</Y></End></Segment>
		<Segment><SegStyle>cocr_contour_laser2</SegStyle><End><X>-1.624</X><Y>4.004</Y></End></Segment>
		<Segment><SegStyle>cocr_contour_laser2</SegStyle><End><X>-1.657</X><Y>4.071</Y></End></Segment>
		<Segment><SegStyle>cocr_contour_laser2</SegStyle><End><X>-1.665</X><Y>4.124</Y></End></Segment>
		<Segment><SegStyle>cocr_contour_laser2</SegStyle><End><X>-1.657</X><Y>4.218</Y></End></Segment>
		<Segment><SegStyle>cocr_contour_laser2</SegStyle><End><X>-1.624</X><Y>4.286</Y></End></Segment>
		<Segment><SegStyle>cocr_contour_laser2</SegStyle><End><X>-1.574</X><Y>4.340</Y></End></Segment>
		<Segment><SegStyle>cocr_contour_laser2</SegStyle><End><X>-1.509</X><Y>4.377</Y></End></Segment>
		<Segment><SegStyle>cocr_contour_laser2</SegStyle><End><X>-1.437</X><Y>4.394</Y></End></Segment>
		<Segment><SegStyle>cocr_contour_laser2</SegStyle><End><X>-1.362</X><Y>4.388</Y></End></Segment>
		<Segment><SegStyle>cocr_contour_laser2</SegStyle><End><X>-1.280</X><Y>4.356</Y></End></Segment>
		<Segment><SegStyle>cocr_contour_laser2</SegStyle><End><X>-1.235</X><Y>4.315</Y></End></Segment>
		<Segment><SegStyle>cocr_contour_laser2</SegStyle><End><X>-1.193</X><Y>4.253</Y></End></Segment>
		<Segment><SegStyle>cocr_contour_laser2</SegStyle><End><X>-1.171</X><Y>4.182</Y></End></Segment>
		<Segment><SegStyle>cocr_contour_laser2</SegStyle><End><X>-1.171</X><Y>4.107</Y></End></Segment>
		<Segment><SegStyle>cocr_contour_laser2</SegStyle><End><X>-1.193</X><Y>4.036</Y></End></Segment>
		<Segment><SegStyle>cocr_contour_laser2</SegStyle><End><X>-1.235</X><Y>3.975</Y></End></Segment>
		<Segment><SegStyle>cocr_contour_laser2</SegStyle><End><X>-1.293</X><Y>3.928</Y></End></Segment>
		<Segment><SegStyle>cocr_contour_laser2</SegStyle><End><X>-1.362</X><Y>3.901</Y></End></Segment>
		<Segment><SegStyle>cocr_contour_laser2</SegStyle><End><X>-1.437</X><Y>3.895</Y></End></Segment>
		<Segment><SegStyle>cocr_contour_laser2</SegStyle><End><X>-1.489</X><Y>3.907</Y></End></Segment></Path>
	<Path>
		<Type>contour</Type>
		<Tag>cube_laser1_sequential</Tag>
		<NumSegments>4</NumSegments>
		<SkyWritingMode>0</SkyWritingMode>
		<Start><X>5.000</X><Y>1.000</Y></Start>
		<Segment><SegStyle>cocr_contour_laser1</SegStyle><End><X>4.000</X><Y>1.000</Y></End></Segment>
		<Segment><SegStyle>cocr_contour_laser1</SegStyle><End><X>4.000</X><Y>0.000</Y></End></Segment>
		<Segment><SegStyle>cocr_contour_laser1</SegStyle><End><X>5.000</X><Y>0.000</Y></End></Segment>
		<Segment><SegStyle>cocr_contour_laser1</SegStyle><End><X>5.000</X><Y>1.000</Y></End></Segment></Path>
	<Path>
		<Type>contour</Type>
		<Tag>cube_laser2_sequential</Tag>
		<NumSegments>9</NumSegments>
		<SkyWritingMode>0</SkyWritingMode>
		<Start><X>5.000</X><Y>3.000</Y></Start>
		<Segment><SegStyle>cocr_contour_laser2</SegStyle><End><X>4.000</X><Y>3.000</Y></End></Segment>
		<Segment><SegStyle>cocr_contour_laser2</SegStyle><End><X>4.000</X><Y>2.000</Y></End></Segment>
		<Segment><SegStyle>cocr_contour_laser2</SegStyle><End><X>5.000</X><Y>2.000</Y></End></Segment>
		<Segment><SegStyle>cocr_contour_laser2</SegStyle><End><X>5.000</X><Y>3.000</Y></End></Segment>
		<Segment><SegStyle>Auto-generated14</SegStyle><End><X>5.000</X><Y>5.000</Y></End></Segment>
		<Segment><SegStyle>cocr_contour_laser2</SegStyle><End><X>4.000</X><Y>5.000</Y></End></Segment>
		<Segment><SegStyle>cocr_contour_laser2</SegStyle><End><X>4.000</X><Y>4.000</Y></End></Segment>
		<Segment><SegStyle>cocr_contour_laser2</SegStyle><End><X>5.000</X><Y>4.000</Y></End></Segment>
		<Segment><SegStyle>cocr_contour_laser2</SegStyle><End><X>5.000</X><Y>5.000</Y></End></Segment></Path></Trajectory>
<Trajectory>
	<TrajectoryID>3</TrajectoryID>
	<PathProcessingMode>concurrent</PathProcessingMode>
	<Path>
		<Type>hatch</Type>
		<Tag>cube_laser1_concurrent</Tag>
		<NumSegments>56</NumSegments>
		<SkyWritingMode>0</SkyWritingMode>
		<Start><X>-0.968</X><Y>1.690</Y></Start>
		<Segment><SegStyle>cocr_hatch_laser1</SegStyle><End><X>-0.950</X><Y>1.764</Y></End></Segment>
		<Segment><SegStyle>Auto-generated10</SegStyle><End><X>-0.950</X><Y>2.177</Y></End></Segment>
		<Segment><SegStyle>cocr_hatch_laser1</SegStyle><End><X>-1.072</X><Y>1.690</Y></End></Segment>
		<Segment><SegStyle>Auto-generated10</SegStyle><End><X>-1.175</X><Y>1.690</Y></End></Segment>
		<Segment><SegStyle>cocr_hatch_laser1</SegStyle><End><X>-0.950</X><Y>2.591</Y></End></Segment>
		<Segment><SegStyle>Auto-generated10</SegStyle><End><X>-1.175</X><Y>1.690</Y></End></Segment>
		<Segment><SegStyle>Auto-generated10</SegStyle><End><X>-1.220</X><Y>1.923</Y></End></Segment>
		<Segment><SegStyle>Auto-generated10</SegStyle><End><X>-1.053</X><Y>2.590</Y></End></Segment>
		<Segment><SegStyle>cocr_hatch_laser1</SegStyle><End><X>-1.139</X><Y>2.248</Y></End></Segment>
		<Segment><SegStyle>Auto-generated10</SegStyle><End><X>-1.220</X><Y>1.923</Y></End></Segment>
		<Segment><SegStyle>cocr_hatch_laser1</SegStyle><End><X>-1.278</X><Y>1.690</Y></End></Segment>
		<Segment><SegStyle>Auto-generated10</SegStyle><End><X>-1.213</X><Y>2.363</Y></End></Segment>
		<Segment><SegStyle>cocr_hatch_laser1</SegStyle><End><X>-1.156</X><Y>2.590</Y></End></Segment>
		<Segment><SegStyle>Auto-generated10</SegStyle><End><X>-1.213</X><Y>2.363</Y></End></Segment>
		<Segment><SegStyle>Auto-generated10</SegStyle><End><X>-1.445</X><Y>1.846</Y></End></Segment>
		<Segment><SegStyle>cocr_hatch_laser1</SegStyle><End><X>-1.484</X><Y>1.690</Y></End></Segment>
		<Segment><SegStyle>Auto-generated10</SegStyle><End><X>-1.399</X><Y>2.441</Y></End></Segment>
		<Segment><SegStyle>cocr_hatch_laser1</SegStyle><End><X>-1.362</X><Y>2.590</Y></End></Segment>
		<Segment><SegStyle>Auto-generated10</SegStyle><End><X>-1.399</X><Y>2.441</Y></End></Segment>
		<Segment><SegStyle>Auto-generated10</SegStyle><End><X>-1.629</X><Y>1.935</Y></End></Segment>
		<Segment><SegStyle>cocr_hatch_laser1</SegStyle><End><X>-1.690</X><Y>1.690</Y></End></Segment>
		<Segment><SegStyle>Auto-generated10</SegStyle><End><X>-1.627</X><Y>2.357</Y></End></Segment>
		<Segment><SegStyle>cocr_hatch_laser1</SegStyle><End><X>-1.569</X><Y>2.590</Y></End></Segment>
		<Segment><SegStyle>Auto-generated10</SegStyle><End><X>-1.627</X><Y>2.357</Y></End></Segment>
		<Segment><SegStyle>Auto-generated10</SegStyle><End><X>-1.672</X><Y>2.590</Y></End></Segment>
		<Segment><SegStyle>cocr_hatch_laser1</SegStyle><End><X>-1.850</X><Y>1.874</Y></End></Segment>
		<Segment><SegStyle>Auto-generated10</SegStyle><End><X>-1.850</X><Y>2.288</Y></End></Segment>
		<Segment><SegStyle>cocr_hatch_laser1</SegStyle><End><X>-1.775</X><Y>2.590</Y></End></Segment>
		<Segment><SegStyle>Auto-generated10</SegStyle><End><X>-1.850</X><Y>2.288</Y></End></Segment>
		<Segment><SegStyle>Auto-generated10</SegStyle><End><X>-1.053</X><Y>2.590</Y></End></Segment>
		<Segment><SegStyle>cocr_hatch_laser1</SegStyle><End><X>-1.139</X><Y>2.248</Y></End></Segment>
		<Segment><SegStyle>Auto-generated10</SegStyle><End><X>-1.381</X><Y>1.690</Y></End></Segment>
		<Segment><SegStyle>cocr_hatch_laser1</SegStyle><End><X>-1.339</X><Y>1.856</Y></End></Segment>
		<Segment><SegStyle>Auto-generated10</SegStyle><End><X>-1.381</X><Y>1.690</Y></End></Segment>
		<Segment><SegStyle>Auto-generated10</SegStyle><End><X>-1.259</X><Y>2.590</Y></End></Segment>
		<Segment><SegStyle>cocr_hatch_laser1</SegStyle><End><X>-1.302</X><Y>2.419</Y></End></Segment>
		<Segment><SegStyle>Auto-generated10</SegStyle><End><X>-1.587</X><Y>1.690</Y></End></Segment>
		<Segment><SegStyle>cocr_hatch_laser1</SegStyle><End><X>-1.540</X><Y>1.877</Y></End></Segment>
		<Segment><SegStyle>Auto-generated10</SegStyle><End><X>-1.587</X><Y>1.690</Y></End></Segment>
		<Segment><SegStyle>Auto-generated10</SegStyle><End><X>-1.465</X><Y>2.590</Y></End></Segment>
		<Segment><SegStyle>cocr_hatch_laser1</SegStyle><End><X>-1.505</X><Y>2.430</Y></End></Segment>
		<Segment><SegStyle>Auto-generated10</SegStyle><End><X>-1.793</X><Y>1.690</Y></End></Segment>
		<Segment><SegStyle>cocr_hatch_laser1</SegStyle><End><X>-1.703</X><Y>2.051</Y></End></Segment>
		<Segment><SegStyle>Auto-generated10</SegStyle><End><X>-1.053</X><Y>2.590</Y></End></Segment>
		<Segment><SegStyle>cocr_hatch_laser1</SegStyle><End><X>-1.139</X><Y>2.248</Y></End></Segment>
		<Segment><SegStyle>Auto-generated10</SegStyle><End><X>-1.381</X><Y>1.690</Y></End></Segment>
		<Segment><SegStyle>cocr_hatch_laser1</SegStyle><End><X>-1.339</X><Y>1.856</Y></End></Segment>
		<Segment><SegStyle>Auto-generated10</SegStyle><End><X>-1.381</X><Y>1.690</Y></End></Segment>
		<Segment><SegStyle>Auto-generated10</SegStyle><End><X>-1.259</X><Y>2.590</Y></End></Segment>
		<Segment><SegStyle>cocr_hatch_laser1</SegStyle><End><X>-1.302</X><Y>2.419</Y></End></Segment>
		<Segment><SegStyle>Auto-generated10</SegStyle><End><X>-1.587</X><Y>1.690</Y></End></Segment>
		<Segment><SegStyle>cocr_hatch_laser1</SegStyle><End><X>-1.540</X><Y>1.877</Y></End></Segment>
		<Segment><SegStyle>Auto-generated10</SegStyle><End><X>-1.587</X><Y>1.690</Y></End></Segment>
		<Segment><SegStyle>Auto-generated10</SegStyle><End><X>-1.465</X><Y>2.590</Y></End></Segment>
		<Segment><SegStyle>cocr_hatch_laser1</SegStyle><End><X>-1.505</X><Y>2.430</Y></End></Segment>
		<Segment><SegStyle>Auto-generated10</SegStyle><End><X>-1.793</X><Y>1.690</Y></End></Segment></Path>
	<Path>
		<Type>hatch</Type>
		<Tag>cube_laser2_concurrent</Tag>
		<NumSegments>45</NumSegments>
		<SkyWritingMode>0</SkyWritingMode>
		<Start><X>-1.850</X><Y>4.547</Y></Start>
		<Segment><SegStyle>cocr_hatch_laser2</SegStyle><End><X>-1.608</X><Y>4.590</Y></End></Segment>
		<Segment><SegStyle>Auto-generated11</SegStyle><End><X>-1.032</X><Y>4.590</Y></End></Segment>
		<Segment><SegStyle>cocr_hatch_laser2</SegStyle><End><X>-1.850</X><Y>4.446</Y></End></Segment>
		<Segment><SegStyle>Auto-generated11</SegStyle><End><X>-1.850</X><Y>4.344</Y></End></Segment>
		<Segment><SegStyle>cocr_hatch_laser2</SegStyle><End><X>-1.586</X><Y>4.391</Y></End></Segment>
		<Segment><SegStyle>Auto-generated11</SegStyle><End><X>-0.950</X><Y>4.401</Y></End></Segment>
		<Segment><SegStyle>cocr_hatch_laser2</SegStyle><End><X>-1.206</X><Y>4.356</Y></End></Segment>
		<Segment><SegStyle>Auto-generated11</SegStyle><End><X>-1.850</X><Y>4.141</Y></End></Segment>
		<Segment><SegStyle>cocr_hatch_laser2</SegStyle><End><X>-1.712</X><Y>4.166</Y></End></Segment>
		<Segment><SegStyle>Auto-generated11</SegStyle><End><X>-1.850</X><Y>4.141</Y></End></Segment>
		<Segment><SegStyle>Auto-generated11</SegStyle><End><X>-0.950</X><Y>4.198</Y></End></Segment>
		<Segment><SegStyle>cocr_hatch_laser2</SegStyle><End><X>-1.121</X><Y>4.168</Y></End></Segment>
		<Segment><SegStyle>Auto-generated11</SegStyle><End><X>-1.850</X><Y>3.938</Y></End></Segment>
		<Segment><SegStyle>cocr_hatch_laser2</SegStyle><End><X>-1.662</X><Y>3.971</Y></End></Segment>
		<Segment><SegStyle>Auto-generated11</SegStyle><End><X>-1.850</X><Y>3.938</Y></End></Segment>
		<Segment><SegStyle>Auto-generated11</SegStyle><End><X>-0.950</X><Y>3.995</Y></End></Segment>
		<Segment><SegStyle>cocr_hatch_laser2</SegStyle><End><X>-1.189</X><Y>3.953</Y></End></Segment>
		<Segment><SegStyle>Auto-generated11</SegStyle><End><X>-1.341</X><Y>4.434</Y></End></Segment>
		<Segment><SegStyle>Auto-generated11</SegStyle><End><X>-1.850</X><Y>4.344</Y></End></Segment>
		<Segment><SegStyle>cocr_hatch_laser2</SegStyle><End><X>-1.586</X><Y>4.391</Y></End></Segment>
		<Segment><SegStyle>Auto-generated11</SegStyle><End><X>-1.341</X><Y>4.434</Y></End></Segment>
		<Segment><SegStyle>cocr_hatch_laser2</SegStyle><End><X>-0.950</X><Y>4.503</Y></End></Segment>
		<Segment><SegStyle>Auto-generated11</SegStyle><End><X>-1.687</X><Y>4.271</Y></End></Segment>
		<Segment><SegStyle>cocr_hatch_laser2</SegStyle><End><X>-1.850</X><Y>4.243</Y></End></Segment>
		<Segment><SegStyle>Auto-generated11</SegStyle><End><X>-1.144</X><Y>4.266</Y></End></Segment>
		<Segment><SegStyle>cocr_hatch_laser2</SegStyle><End><X>-0.950</X><Y>4.300</Y></End></Segment>
		<Segment><SegStyle>Auto-generated11</SegStyle><End><X>-1.144</X><Y>4.266</Y></End></Segment>
		<Segment><SegStyle>Auto-generated11</SegStyle><End><X>-1.706</X><Y>4.065</Y></End></Segment>
		<Segment><SegStyle>cocr_hatch_laser2</SegStyle><End><X>-1.850</X><Y>4.040</Y></End></Segment>
		<Segment><SegStyle>Auto-generated11</SegStyle><End><X>-1.132</X><Y>4.065</Y></End></Segment>
		<Segment><SegStyle>cocr_hatch_laser2</SegStyle><End><X>-0.950</X><Y>4.097</Y></End></Segment>
		<Segment><SegStyle>Auto-generated11</SegStyle><End><X>-1.132</X><Y>4.065</Y></End></Segment>
		<Segment><SegStyle>Auto-generated11</SegStyle><End><X>-1.561</X><Y>3.887</Y></End></Segment>
		<Segment><SegStyle>cocr_hatch_laser2</SegStyle><End><X>-1.850</X><Y>3.836</Y></End></Segment>
		<Segment><SegStyle>Auto-generated11</SegStyle><End><X>-1.850</X><Y>3.735</Y></End></Segment>
		<Segment><SegStyle>cocr_hatch_laser2</SegStyle><End><X>-0.950</X><Y>3.894</Y></End></Segment>
		<Segment><SegStyle>Auto-generated11</SegStyle><End><X>-0.950</X><Y>3.792</Y></End></Segment>
		<Segment><SegStyle>cocr_hatch_laser2</SegStyle><End><X>-1.529</X><Y>3.690</Y></End></Segment>
		<Segment><SegStyle>Auto-generated11</SegStyle><End><X>-0.953</X><Y>3.690</Y></End></Segment>
		<Segment><SegStyle>cocr_hatch_laser2</SegStyle><End><X>-0.950</X><Y>3.691</Y></End></Segment>
		<Segment><SegStyle>Auto-generated11</SegStyle><End><X>-1.850</X><Y>3.735</Y></End></Segment>
		<Segment><SegStyle>cocr_hatch_laser2</SegStyle><End><X>-0.950</X><Y>3.894</Y></End></Segment>
		<Segment><SegStyle>Auto-generated11</SegStyle><End><X>-0.950</X><Y>3.792</Y></End></Segment>
		<Segment><SegStyle>cocr_hatch_laser2</SegStyle><End><X>-1.529</X><Y>3.690</Y></End></Segment>
		<Segment><SegStyle>Auto-generated11</SegStyle><End><X>-0.953</X><Y>3.690</Y></End></Segment></Path></Trajectory>
<Trajectory>
	<TrajectoryID>2</TrajectoryID>
	<PathProcessingMode>concurrent</PathProcessingMode>
	<Path>
		<Type>contour</Type>
		<Tag>supports</Tag>
		<NumSegments>26</NumSegments>
		<SkyWritingMode>0</SkyWritingMode>
		<Start><X>-0.900</X><Y>0.640</Y></Start>
		<Segment><SegStyle>cocr_support</SegStyle><End><X>-1.900</X><Y>0.640</Y></End></Segment>
		<Segment><SegStyle>cocr_support</SegStyle><End><X>-1.900</X><Y>-0.360</Y></End></Segment>
		<Segment><SegStyle>cocr_support</SegStyle><End><X>-0.900</X><Y>-0.360</Y></End></Segment>
		<Segment><SegStyle>cocr_support</SegStyle><End><X>-0.900</X><Y>0.640</Y></End></Segment>
		<Segment><SegStyle>Auto-generated9</SegStyle><End><X>-1.489</X><Y>-0.093</Y></End></Segment>
		<Segment><SegStyle>cocr_support</SegStyle><End><X>-1.574</X><Y>-0.051</Y></End></Segment>
		<Segment><SegStyle>cocr_support</SegStyle><End><X>-1.624</X><Y>0.004</Y></End></Segment>
		<Segment><SegStyle>cocr_support</SegStyle><End><X>-1.657</X><Y>0.071</Y></End></Segment>
		<Segment><SegStyle>cocr_support</SegStyle><End><X>-1.665</X><Y>0.124</Y></End></Segment>
		<Segment><SegStyle>cocr_support</SegStyle><End><X>-1.657</X><Y>0.218</Y></End></Segment>
		<Segment><SegStyle>cocr_support</SegStyle><End><X>-1.624</X><Y>0.286</Y></End></Segment>
		<Segment><SegStyle>cocr_support</SegStyle><End><X>-1.574</X><Y>0.340</Y></End></Segment>
		<Segment><SegStyle>cocr_support</SegStyle><End><X>-1.509</X><Y>0.377</Y></End></Segment>
		<Segment><SegStyle>cocr_support</SegStyle><End><X>-1.437</X><Y>0.394</Y></End></Segment>
		<Segment><SegStyle>cocr_support</SegStyle><End><X>-1.362</X><Y>0.388</Y></End></Segment>
		<Segment><SegStyle>cocr_support</SegStyle><End><X>-1.280</X><Y>0.356</Y></End></Segment>
		<Segment><SegStyle>cocr_support</SegStyle><End><X>-1.235</X><Y>0.315</Y></End></Segment>
		<Segment><SegStyle>cocr_support</SegStyle><End><X>-1.193</X><Y>0.253</Y></End></Segment>
		<Segment><SegStyle>cocr_support</SegStyle><End><X>-1.171</X><Y>0.182</Y></End></Segment>
		<Segment><SegStyle>cocr_support</SegStyle><End><X>-1.171</X><Y>0.107</Y></End></Segment>
		<Segment><SegStyle>cocr_support</SegStyle><End><X>-1.193</X><Y>0.036</Y></End></Segment>
		<Segment><SegStyle>cocr_support</SegStyle><End><X>-1.235</X><Y>-0.025</Y></End></Segment>
		<Segment><SegStyle>cocr_support</SegStyle><End><X>-1.293</X><Y>-0.072</Y></End></Segment>
		<Segment><SegStyle>cocr_support</SegStyle><End><X>-1.362</X><Y>-0.099</Y></End></Segment>
		<Segment><SegStyle>cocr_support</SegStyle><End><X>-1.437</X><Y>-0.105</Y></End></Segment>
		<Segment><SegStyle>cocr_support</SegStyle><End><X>-1.489</X><Y>-0.093</Y></End></Segment></Path>
	<Path>
		<Type>contour</Type>
		<Tag>supports</Tag>
		<NumSegments>26</NumSegments>
		<SkyWritingMode>0</SkyWritingMode>
		<Start><X>-0.950</X><Y>0.590</Y></Start>
		<Segment><SegStyle>cocr_support</SegStyle><End><X>-1.850</X><Y>0.590</Y></End></Segment>
		<Segment><SegStyle>cocr_support</SegStyle><End><X>-1.850</X><Y>-0.310</Y></End></Segment>
		<Segment><SegStyle>cocr_support</SegStyle><End><X>-0.950</X><Y>-0.310</Y></End></Segment>
		<Segment><SegStyle>cocr_support</SegStyle><End><X>-0.950</X><Y>0.590</Y></End></Segment>
		<Segment><SegStyle>Auto-generated9</SegStyle><End><X>-1.506</X><Y>-0.140</Y></End></Segment>
		<Segment><SegStyle>cocr_support</SegStyle><End><X>-1.604</X><Y>-0.091</Y></End></Segment>
		<Segment><SegStyle>cocr_support</SegStyle><End><X>-1.666</X><Y>-0.025</Y></End></Segment>
		<Segment><SegStyle>cocr_support</SegStyle><End><X>-1.705</X><Y>0.056</Y></End></Segment>
		<Segment><SegStyle>cocr_support</SegStyle><End><X>-1.715</X><Y>0.123</Y></End></Segment>
		<Segment><SegStyle>cocr_support</SegStyle><End><X>-1.706</X><Y>0.232</Y></End></Segment>
		<Segment><SegStyle>cocr_support</SegStyle><End><X>-1.666</X><Y>0.314</Y></End></Segment>
		<Segment><SegStyle>cocr_support</SegStyle><End><X>-1.605</X><Y>0.380</Y></End></Segment>
		<Segment><SegStyle>cocr_support</SegStyle><End><X>-1.528</X><Y>0.425</Y></End></Segment>
		<Segment><SegStyle>cocr_support</SegStyle><End><X>-1.440</X><Y>0.444</Y></End></Segment>
		<Segment><SegStyle>cocr_support</SegStyle><End><X>-1.351</X><Y>0.438</Y></End></Segment>
		<Segment><SegStyle>cocr_support</SegStyle><End><X>-1.254</X><Y>0.399</Y></End></Segment>
		<Segment><SegStyle>cocr_support</SegStyle><End><X>-1.197</X><Y>0.348</Y></End></Segment>
		<Segment><SegStyle>cocr_support</SegStyle><End><X>-1.147</X><Y>0.275</Y></End></Segment>
		<Segment><SegStyle>cocr_support</SegStyle><End><X>-1.121</X><Y>0.190</Y></End></Segment>
		<Segment><SegStyle>cocr_support</SegStyle><End><X>-1.121</X><Y>0.100</Y></End></Segment>
		<Segment><SegStyle>cocr_support</SegStyle><End><X>-1.147</X><Y>0.014</Y></End></Segment>
		<Segment><SegStyle>cocr_support</SegStyle><End><X>-1.198</X><Y>-0.060</Y></End></Segment>
		<Segment><SegStyle>cocr_support</SegStyle><End><X>-1.268</X><Y>-0.116</Y></End></Segment>
		<Segment><SegStyle>cocr_support</SegStyle><End><X>-1.351</X><Y>-0.148</Y></End></Segment>
		<Segment><SegStyle>cocr_support</SegStyle><End><X>-1.440</X><Y>-0.155</Y></End></Segment>
		<Segment><SegStyle>cocr_support</SegStyle><End><X>-1.506</X><Y>-0.140</Y></End></Segment></Path>
	<Path>
		<Type>contour</Type>
		<Tag>supports</Tag>
		<NumSegments>26</NumSegments>
		<SkyWritingMode>0</SkyWritingMode>
		<Start><X>-1.000</X><Y>0.540</Y></Start>
		<Segment><SegStyle>cocr_support</SegStyle><End><X>-1.800</X><Y>0.540</Y></End></Segment>
		<Segment><SegStyle>cocr_support</SegStyle><End><X>-1.800</X><Y>-0.260</Y></End></Segment>
		<Segment><SegStyle>cocr_support</SegStyle><End><X>-1.000</X><Y>-0.260</Y></End></Segment>
		<Segment><SegStyle>cocr_support</SegStyle><End><X>-1.000</X><Y>0.540</Y></End></Segment>
		<Segment><SegStyle>Auto-generated9</SegStyle><End><X>-1.523</X><Y>-0.187</Y></End></Segment>
		<Segment><SegStyle>cocr_support</SegStyle><End><X>-1.635</X><Y>-0.132</Y></End></Segment>
		<Segment><SegStyle>cocr_support</SegStyle><End><X>-1.708</X><Y>-0.053</Y></End></Segment>
		<Segment><SegStyle>cocr_support</SegStyle><End><X>-1.753</X><Y>0.041</Y></End></Segment>
		<Segment><SegStyle>cocr_support</SegStyle><End><X>-1.766</X><Y>0.121</Y></End></Segment>
		<Segment><SegStyle>cocr_support</SegStyle><End><X>-1.755</X><Y>0.245</Y></End></Segment>
		<Segment><SegStyle>cocr_support</SegStyle><End><X>-1.708</X><Y>0.343</Y></End></Segment>
		<Segment><SegStyle>cocr_support</SegStyle><End><X>-1.637</X><Y>0.419</Y></End></Segment>
		<Segment><SegStyle>cocr_support</SegStyle><End><X>-1.546</X><Y>0.472</Y></End></Segment>
		<Segment><SegStyle>cocr_support</SegStyle><End><X>-1.444</X><Y>0.495</Y></End></Segment>
		<Segment><SegStyle>cocr_support</SegStyle><End><X>-1.340</X><Y>0.487</Y></End></Segment>
		<Segment><SegStyle>cocr_support</SegStyle><End><X>-1.227</X><Y>0.443</Y></End></Segment>
		<Segment><SegStyle>cocr_support</SegStyle><End><X>-1.159</X><Y>0.381</Y></End></Segment>
		<Segment><SegStyle>cocr_support</SegStyle><End><X>-1.102</X><Y>0.297</Y></End></Segment>
		<Segment><SegStyle>cocr_support</SegStyle><End><X>-1.071</X><Y>0.197</Y></End></Segment>
		<Segment><SegStyle>cocr_support</SegStyle><End><X>-1.071</X><Y>0.092</Y></End></Segment>
		<Segment><SegStyle>cocr_support</SegStyle><End><X>-1.102</X><Y>-0.008</Y></End></Segment>
		<Segment><SegStyle>cocr_support</SegStyle><End><X>-1.161</X><Y>-0.094</Y></End></Segment>
		<Segment><SegStyle>cocr_support</SegStyle><End><X>-1.242</X><Y>-0.159</Y></End></Segment>
		<Segment><SegStyle>cocr_support</SegStyle><End><X>-1.340</X><Y>-0.198</Y></End></Segment>
		<Segment><SegStyle>cocr_support</SegStyle><End><X>-1.444</X><Y>-0.205</Y></End></Segment>
		<Segment><SegStyle>cocr_support</SegStyle><End><X>-1.523</X><Y>-0.187</Y></End></Segment></Path></Trajectory>
<Trajectory>
	<TrajectoryID>9999</TrajectoryID>
	<PathProcessingMode>sequential</PathProcessingMode></Trajectory>
<Trajectory>
	<TrajectoryID>5</TrajectoryID>
	<PathProcessingMode>sequential</PathProcessingMode>
	<Path>
		<Type>hatch</Type>
		<Tag>cube_laser1_sequential</Tag>
		<NumSegments>40</NumSegments>
		<SkyWritingMode>0</SkyWritingMode>
		<Start><X>4.050</X><Y>0.938</Y></Start>
		<Segment><SegStyle>cocr_hatch_laser1</SegStyle><End><X>4.950</X><Y>0.898</Y></End></Segment>
		<Segment><SegStyle>Auto-generated13</SegStyle><End><X>4.950</X><Y>0.798</Y></End></Segment>
		<Segment><SegStyle>cocr_hatch_laser1</SegStyle><End><X>4.050</X><Y>0.837</Y></End></Segment>
		<Segment><SegStyle>Auto-generated13</SegStyle><End><X>4.050</X><Y>0.737</Y></End></Segment>
		<Segment><SegStyle>cocr_hatch_laser1</SegStyle><End><X>4.950</X><Y>0.698</Y></End></Segment>
		<Segment><SegStyle>Auto-generated13</SegStyle><End><X>4.050</X><Y>0.737</Y></End></Segment>
		<Segment><SegStyle>Auto-generated13</SegStyle><End><X>4.950</X><Y>0.598</Y></End></Segment>
		<Segment><SegStyle>cocr_hatch_laser1</SegStyle><End><X>4.050</X><Y>0.637</Y></End></Segment>
		<Segment><SegStyle>Auto-generated13</SegStyle><End><X>4.050</X><Y>0.537</Y></End></Segment>
		<Segment><SegStyle>cocr_hatch_laser1</SegStyle><End><X>4.950</X><Y>0.498</Y></End></Segment>
		<Segment><SegStyle>Auto-generated13</SegStyle><End><X>4.050</X><Y>0.537</Y></End></Segment>
		<Segment><SegStyle>Auto-generated13</SegStyle><End><X>4.950</X><Y>0.398</Y></End></Segment>
		<Segment><SegStyle>cocr_hatch_laser1</SegStyle><End><X>4.050</X><Y>0.437</Y></End></Segment>
		<Segment><SegStyle>Auto-generated13</SegStyle><End><X>4.050</X><Y>0.337</Y></End></Segment>
		<Segment><SegStyle>cocr_hatch_laser1</SegStyle><End><X>4.950</X><Y>0.298</Y></End></Segment>
		<Segment><SegStyle>Auto-generated13</SegStyle><End><X>4.050</X><Y>0.337</Y></End></Segment>
		<Segment><SegStyle>Auto-generated13</SegStyle><End><X>4.950</X><Y>0.198</Y></End></Segment>
		<Segment><SegStyle>cocr_hatch_laser1</SegStyle><End><X>4.050</X><Y>0.237</Y></End></Segment>
		<Segment><SegStyle>Auto-generated13</SegStyle><End><X>4.050</X><Y>0.137</Y></End></Segment>
		<Segment><SegStyle>cocr_hatch_laser1</SegStyle><End><X>4.950</X><Y>0.098</Y></End></Segment>
		<Segment><SegStyle>Auto-generated13</SegStyle><End><X>4.050</X><Y>0.938</Y></End></Segment>
		<Segment><SegStyle>cocr_hatch_laser1</SegStyle><End><X>4.950</X><Y>0.898</Y></End></Segment>
		<Segment><SegStyle>Auto-generated13</SegStyle><End><X>4.950</X><Y>0.798</Y></End></Segment>
		<Segment><SegStyle>cocr_hatch_laser1</SegStyle><End><X>4.050</X><Y>0.837</Y></End></Segment>
		<Segment><SegStyle>Auto-generated13</SegStyle><End><X>4.050</X><Y>0.737</Y></End></Segment>
		<Segment><SegStyle>cocr_hatch_laser1</SegStyle><End><X>4.950</X><Y>0.698</Y></End></Segment>
		<Segment><SegStyle>Auto-generated13</SegStyle><End><X>4.050</X><Y>0.737</Y></End></Segment>
		<Segment><SegStyle>Auto-generated13</SegStyle><End><X>4.950</X><Y>0.598</Y></End></Segment>
		<Segment><SegStyle>cocr_hatch_laser1</SegStyle><End><X>4.050</X><Y>0.637</Y></End></Segment>
		<Segment><SegStyle>Auto-generated13</SegStyle><End><X>4.050</X><Y>0.537</Y></End></Segment>
		<Segment><SegStyle>cocr_hatch_laser1</SegStyle><End><X>4.950</X><Y>0.498</Y></End></Segment>
		<Segment><SegStyle>Auto-generated13</SegStyle><End><X>4.050</X><Y>0.537</Y></End></Segment>
		<Segment><SegStyle>Auto-generated13</SegStyle><End><X>4.950</X><Y>0.398</Y></End></Segment>
		<Segment><SegStyle>cocr_hatch_laser1</SegStyle><End><X>4.050</X><Y>0.437</Y></End></Segment>
		<Segment><SegStyle>Auto-generated13</SegStyle><End><X>4.050</X><Y>0.337</Y></End></Segment>
		<Segment><SegStyle>cocr_hatch_laser1</SegStyle><End><X>4.950</X><Y>0.298</Y></End></Segment>
		<Segment><SegStyle>Auto-generated13</SegStyle><End><X>4.050</X><Y>0.337</Y></End></Segment>
		<Segment><SegStyle>Auto-generated13</SegStyle><End><X>4.950</X><Y>0.198</Y></End></Segment>
		<Segment><SegStyle>cocr_hatch_laser1</SegStyle><End><X>4.050</X><Y>0.237</Y></End></Segment>
		<Segment><SegStyle>Auto-generated13</SegStyle><End><X>4.050</X><Y>0.137</Y></End></Segment></Path>
	<Path>
		<Type>hatch</Type>
		<Tag>cube_laser2_sequential</Tag>
		<NumSegments>67</NumSegments>
		<SkyWritingMode>0</SkyWritingMode>
		<Start><X>4.846</X><Y>2.050</Y></Start>
		<Segment><SegStyle>cocr_hatch_laser2</SegStyle><End><X>4.950</X><Y>2.360</Y></End></Segment>
		<Segment><SegStyle>Auto-generated14</SegStyle><End><X>4.950</X><Y>2.673</Y></End></Segment>
		<Segment><SegStyle>cocr_hatch_laser2</SegStyle><End><X>4.740</X><Y>2.050</Y></End></Segment>
		<Segment><SegStyle>Auto-generated14</SegStyle><End><X>4.635</X><Y>2.050</Y></End></Segment>
		<Segment><SegStyle>cocr_hatch_laser2</SegStyle><End><X>4.938</X><Y>2.950</Y></End></Segment>
		<Segment><SegStyle>Auto-generated14</SegStyle><End><X>4.635</X><Y>2.050</Y></End></Segment>
		<Segment><SegStyle>Auto-generated14</SegStyle><End><X>4.832</X><Y>2.950</Y></End></Segment>
		<Segment><SegStyle>cocr_hatch_laser2</SegStyle><End><X>4.529</X><Y>2.050</Y></End></Segment>
		<Segment><SegStyle>Auto-generated14</SegStyle><End><X>4.424</X><Y>2.050</Y></End></Segment>
		<Segment><SegStyle>cocr_hatch_laser2</SegStyle><End><X>4.727</X><Y>2.950</Y></End></Segment>
		<Segment><SegStyle>Auto-generated14</SegStyle><End><X>4.424</X><Y>2.050</Y></End></Segment>
		<Segment><SegStyle>Auto-generated14</SegStyle><End><X>4.621</X><Y>2.950</Y></End></Segment>
		<Segment><SegStyle>cocr_hatch_laser2</SegStyle><End><X>4.318</X><Y>2.050</Y></End></Segment>
		<Segment><SegStyle>Auto-generated14</SegStyle><End><X>4.213</X><Y>2.050</Y></End></Segment>
		<Segment><SegStyle>cocr_hatch_laser2</SegStyle><End><X>4.516</X><Y>2.950</Y></End></Segment>
		<Segment><SegStyle>Auto-generated14</SegStyle><End><X>4.950</X><Y>4.554</Y></End></Segment>
		<Segment><SegStyle>cocr_hatch_laser2</SegStyle><End><X>4.780</X><Y>4.050</Y></End></Segment>
		<Segment><SegStyle>Auto-generated14</SegStyle><End><X>4.050</X><Y>2.193</Y></End></Segment>
		<Segment><SegStyle>cocr_hatch_laser2</SegStyle><End><X>4.305</X><Y>2.950</Y></End></Segment>
		<Segment><SegStyle>Auto-generated14</SegStyle><End><X>4.050</X><Y>2.193</Y></End></Segment>
		<Segment><SegStyle>Auto-generated14</SegStyle><End><X>4.872</X><Y>4.950</Y></End></Segment>
		<Segment><SegStyle>cocr_hatch_laser2</SegStyle><End><X>4.569</X><Y>4.050</Y></End></Segment>
		<Segment><SegStyle>Auto-generated14</SegStyle><End><X>4.050</X><Y>2.820</Y></End></Segment>
		<Segment><SegStyle>cocr_hatch_laser2</SegStyle><End><X>4.094</X><Y>2.950</Y></End></Segment>
		<Segment><SegStyle>Auto-generated14</SegStyle><End><X>4.050</X><Y>2.820</Y></End></Segment>
		<Segment><SegStyle>Auto-generated14</SegStyle><End><X>4.886</X><Y>4.050</Y></End></Segment>
		<Segment><SegStyle>Auto-generated14</SegStyle><End><X>4.213</X><Y>2.050</Y></End></Segment>
		<Segment><SegStyle>cocr_hatch_laser2</SegStyle><End><X>4.516</X><Y>2.950</Y></End></Segment>
		<Segment><SegStyle>Auto-generated14</SegStyle><End><X>4.886</X><Y>4.050</Y></End></Segment>
		<Segment><SegStyle>cocr_hatch_laser2</SegStyle><End><X>4.950</X><Y>4.241</Y></End></Segment>
		<Segment><SegStyle>Auto-generated14</SegStyle><End><X>4.410</X><Y>2.950</Y></End></Segment>
		<Segment><SegStyle>cocr_hatch_laser2</SegStyle><End><X>4.107</X><Y>2.050</Y></End></Segment>
		<Segment><SegStyle>Auto-generated14</SegStyle><End><X>4.675</X><Y>4.050</Y></End></Segment>
		<Segment><SegStyle>cocr_hatch_laser2</SegStyle><End><X>4.950</X><Y>4.868</Y></End></Segment>
		<Segment><SegStyle>Auto-generated14</SegStyle><End><X>4.675</X><Y>4.050</Y></End></Segment>
		<Segment><SegStyle>Auto-generated14</SegStyle><End><X>4.199</X><Y>2.950</Y></End></Segment>
		<Segment><SegStyle>cocr_hatch_laser2</SegStyle><End><X>4.050</X><Y>2.507</Y></End></Segment>
		<Segment><SegStyle>Auto-generated14</SegStyle><End><X>4.464</X><Y>4.050</Y></End></Segment>
		<Segment><SegStyle>cocr_hatch_laser2</SegStyle><End><X>4.767</X><Y>4.950</Y></End></Segment>
		<Segment><SegStyle>Auto-generated14</SegStyle><End><X>4.464</X><Y>4.050</Y></End></Segment>
		<Segment><SegStyle>Auto-generated14</SegStyle><End><X>4.661</X><Y>4.950</Y></End></Segment>
		<Segment><SegStyle>cocr_hatch_laser2</SegStyle><End><X>4.358</X><Y>4.050</Y></End></Segment>
		<Segment><SegStyle>Auto-generated14</SegStyle><End><X>4.253</X><Y>4.050</Y></End></Segment>
		<Segment><SegStyle>cocr_hatch_laser2</SegStyle><End><X>4.556</X><Y>4.950</Y></End></Segment>
		<Segment><SegStyle>Auto-generated14</SegStyle><End><X>4.253</X><Y>4.050</Y></End></Segment>
		<Segment><SegStyle>Auto-generated14</SegStyle><End><X>4.450</X><Y>4.950</Y></End></Segment>
		<Segment><SegStyle>cocr_hatch_laser2</SegStyle><End><X>4.147</X><Y>4.050</Y></End></Segment>
		<Segment><SegStyle>Auto-generated14</SegStyle><End><X>4.050</X><Y>4.075</Y></End></Segment>
		<Segment><SegStyle>cocr_hatch_laser2</SegStyle><End><X>4.345</X><Y>4.950</Y></End></Segment>
		<Segment><SegStyle>Auto-generated14</SegStyle><End><X>4.050</X><Y>4.075</Y></End></Segment>
		<Segment><SegStyle>Auto-generated14</SegStyle><End><X>4.239</X><Y>4.950</Y></End></Segment>
		<Segment><SegStyle>cocr_hatch_laser2</SegStyle><End><X>4.050</X><Y>4.388</Y></End></Segment>
		<Segment><SegStyle>Auto-generated14</SegStyle><End><X>4.050</X><Y>4.702</Y></End></Segment>
		<Segment><SegStyle>cocr_hatch_laser2</SegStyle><End><X>4.134</X><Y>4.950</Y></End></Segment>
		<Segment><SegStyle>Auto-generated14</SegStyle><End><X>4.661</X><Y>4.950</Y></End></Segment>
		<Segment><SegStyle>cocr_hatch_laser2</SegStyle><End><X>4.358</X><Y>4.050</Y></End></Segment>
		<Segment><SegStyle>Auto-generated14</SegStyle><End><X>4.253</X><Y>4.050</Y></End></Segment>
		<Segment><SegStyle>cocr_hatch_laser2</SegStyle><End><X>4.556</X><Y>4.950</Y></End></Segment>
		<Segment><SegStyle>Auto-generated14</SegStyle><End><X>4.253</X><Y>4.050</Y></End></Segment>
		<Segment><SegStyle>Auto-generated14</SegStyle><End><X>4.450</X><Y>4.950</Y></End></Segment>
		<Segment><SegStyle>cocr_hatch_laser2</SegStyle><End><X>4.147</X><Y>4.050</Y></End></Segment>
		<Segment><SegStyle>Auto-generated14</SegStyle><End><X>4.050</X><Y>4.075</Y></End></Segment>
		<Segment><SegStyle>cocr_hatch_laser2</SegStyle><End><X>4.345</X><Y>4.950</Y></End></Segment>
		<Segment><SegStyle>Auto-generated14</SegStyle><End><X>4.050</X><Y>4.075</Y></End></Segment>
		<Segment><SegStyle>Auto-generated14</SegStyle><End><X>4.239</X><Y>4.950</Y></End></Segment>
		<Segment><SegStyle>cocr_hatch_laser2</SegStyle><End><X>4.050</X><Y>4.388</Y></End></Segment>
		<Segment><SegStyle>Auto-generated14</SegStyle><End><X>4.050</X><Y>4.702</Y></End></Segment></Path></Trajectory></TrajectoryList></Layer>