<?xml version="1.0"?><!--Scan file created using MSXML 6.0.--><Layer>
<Header>
	<AmericaMakesSchemaVersion>2020-03-23</AmericaMakesSchemaVersion>
	<LayerNum>6</LayerNum>
	<LayerThickness>0.05</LayerThickness>
	<AbsoluteHeight>0.3</AbsoluteHeight>
	<DosingFactor>1.75</DosingFactor>
	<BuildDescription>Placeholder</BuildDescription></Header>
<VelocityProfileList>
	<VelocityProfile><ID>0</ID>
		<Velocity>10000</Velocity><Mode>Delay</Mode>
		<LaserOnDelay>600</LaserOnDelay><LaserOffDelay>0</LaserOffDelay><JumpDelay>0</JumpDelay>
		<MarkDelay>0</MarkDelay><PolygonDelay>0</PolygonDelay></VelocityProfile>
	<VelocityProfile><ID>1</ID>
		<Velocity>850</Velocity><Mode>Delay</Mode>
		<LaserOnDelay>300</LaserOnDelay><LaserOffDelay>0</LaserOffDelay><JumpDelay>300</JumpDelay>
		<MarkDelay>300</MarkDelay><PolygonDelay>0</PolygonDelay></VelocityProfile>
	<VelocityProfile><ID>2</ID>
		<Velocity>1200</Velocity><Mode>Delay</Mode>
		<LaserOnDelay>100</LaserOnDelay><LaserOffDelay>0</LaserOffDelay><JumpDelay>400</JumpDelay>
		<MarkDelay>400</MarkDelay><PolygonDelay>0</PolygonDelay></VelocityProfile>
	<VelocityProfile><ID>jumpprofile1</ID>
		<Velocity>5000</Velocity><Mode>Delay</Mode>
		<LaserOnDelay>300</LaserOnDelay><LaserOffDelay>0</LaserOffDelay><JumpDelay>0</JumpDelay>
		<MarkDelay>0</MarkDelay><PolygonDelay>0</PolygonDelay></VelocityProfile>
	<VelocityProfile><ID>test profile</ID>
		<Velocity>3000</Velocity><Mode>Delay</Mode>
		<LaserOnDelay>300</LaserOnDelay><LaserOffDelay>0</LaserOffDelay><JumpDelay>0</JumpDelay>
		<MarkDelay>0</MarkDelay><PolygonDelay>0</PolygonDelay></VelocityProfile>
	<VelocityProfile><ID>5</ID>
		<Velocity>6000</Velocity><Mode>Delay</Mode>
		<LaserOnDelay>300</LaserOnDelay><LaserOffDelay>0</LaserOffDelay><JumpDelay>0</JumpDelay>
		<MarkDelay>0</MarkDelay><PolygonDelay>0</PolygonDelay></VelocityProfile>
	<VelocityProfile><ID>jumpprofile2</ID>
		<Velocity>4000</Velocity><Mode>Delay</Mode>
		<LaserOnDelay>300</LaserOnDelay><LaserOffDelay>0</LaserOffDelay><JumpDelay>0</JumpDelay>
		<MarkDelay>0</MarkDelay><PolygonDelay>0</PolygonDelay></VelocityProfile></VelocityProfileList>
<SegmentStyleList>
	<SegmentStyle><ID>cocr_hatch_laser1</ID>
		<VelocityProfileID>0</VelocityProfileID><LaserMode>Independent</LaserMode>
		<Traveler><ID>a</ID>
			<SyncDelay>0</SyncDelay><Power>195</Power><SpotSize>50</SpotSize></Traveler></SegmentStyle>
	<SegmentStyle><ID>cocr_contour_laser1</ID>
		<VelocityProfileID>2</VelocityProfileID><LaserMode>Independent</LaserMode>
		<Traveler><ID>a</ID>
			<SyncDelay>0</SyncDelay><Power>195</Power><SpotSize>50</SpotSize></Traveler></SegmentStyle>
	<SegmentStyle><ID>cocr_hatch_laser2</ID>
		<VelocityProfileID>2</VelocityProfileID><LaserMode>Independent</LaserMode>
		<Traveler><ID>b</ID>
			<SyncDelay>0</SyncDelay><Power>195</Power><SpotSize>50</SpotSize></Traveler></SegmentStyle>
	<SegmentStyle><ID>cocr_contour_laser2</ID>
		<VelocityProfileID>1</VelocityProfileID><LaserMode>Independent</LaserMode>
		<Traveler><ID>b</ID>
			<SyncDelay>0</SyncDelay><Power>195</Power><SpotSize>50</SpotSize></Traveler></SegmentStyle>
	<SegmentStyle><ID>cocr_followme</ID>
		<VelocityProfileID>2</VelocityProfileID><LaserMode>FollowMe</LaserMode>
		<Traveler><ID>b</ID>
			<SyncDelay>0</SyncDelay><Power>222</Power><SpotSize>80</SpotSize>
			<Wobble><On>1</On><Freq>3000</Freq><Shape>0</Shape><TransAmp>0.3</TransAmp><LongAmp>0.3</LongAmp></Wobble></Traveler>
		<Traveler><ID>a</ID>
			<SyncDelay>70</SyncDelay><Power>130</Power><SpotSize>100</SpotSize></Traveler></SegmentStyle>
	<SegmentStyle><ID>cocr_support</ID>
		<VelocityProfileID>5</VelocityProfileID><LaserMode>Independent</LaserMode>
		<Traveler><ID>a</ID>
			<SyncDelay>0</SyncDelay><Power>195</Power><SpotSize>70</SpotSize></Traveler></SegmentStyle>
	<SegmentStyle><ID>jumpstyletest</ID>
		<VelocityProfileID>jumpprofile1</VelocityProfileID></SegmentStyle>
	<SegmentStyle><ID>wobbletraillaser</ID>
		<VelocityProfileID>2</VelocityProfileID><LaserMode>FollowMe</LaserMode>
		<Traveler><ID>b</ID>
			<SyncDelay>0</SyncDelay><Power>222</Power><SpotSize>80</SpotSize>
			<Wobble><On>1</On><Freq>3000</Freq><Shape>0</Shape><TransAmp>0.1</TransAmp><LongAmp>0.3</LongAmp></Wobble></Traveler>
		<Traveler><ID>a</ID>
			<SyncDelay>70</SyncDelay><Power>130</Power><SpotSize>100</SpotSize>
			<Wobble><On>1</On><Freq>3210</Freq><Shape>-1</Shape><TransAmp>0.5</TransAmp><LongAmp>0.2</LongAmp></Wobble></Traveler></SegmentStyle>
	<SegmentStyle><ID>Auto-generated9</ID>
		<VelocityProfileID>jumpprofile1</VelocityProfileID></SegmentStyle>
	<SegmentStyle><ID>Auto-generated10</ID>
		<VelocityProfileID>jumpprofile2</VelocityProfileID></SegmentStyle>
	<SegmentStyle><ID>Auto-generated11</ID>
		<VelocityProfileID>jumpprofile2</VelocityProfileID></SegmentStyle>
	<SegmentStyle><ID>Auto-generated12</ID>
		<VelocityProfileID>jumpprofile2</VelocityProfileID></SegmentStyle>
	<SegmentStyle><ID>Auto-generated13</ID>
		<VelocityProfileID>jumpprofile2</VelocityProfileID></SegmentStyle>
	<SegmentStyle><ID>Auto-generated14</ID>
		<VelocityProfileID>jumpprofile2</VelocityProfileID></SegmentStyle></SegmentStyleList>
<TrajectoryList>
<Trajectory>
	<TrajectoryID>1</TrajectoryID>
	<PathProcessingMode>concurrent</PathProcessingMode>
	<Path>
		<Type>contour</Type>
		<Tag>cube_laser1_concurrent</Tag>
		<NumSegments>26</NumSegments>
		<SkyWritingMode>0</SkyWritingMode>
		<Start><X>-0.900</X><Y>2.640</Y></Start>
		<Segment><SegStyle>cocr_contour_laser1</SegStyle><End><X>-1.900</X><Y>2.640</Y></End></Segment>
		<Segment><SegStyle>cocr_contour_laser1</SegStyle><End><X>-1.900</X><Y>1.640</Y></End></Segment>
		<Segment><SegStyle>cocr_contour_laser1</SegStyle><End><X>-0.900</X><Y>1.640</Y></End></Segment>
		<Segment><SegStyle>cocr_contour_laser1</SegStyle><End><X>-0.900</X><Y>2.640</Y></End></Segment>
		<Segment><SegStyle>Auto-generated10</SegStyle><End><X>-1.509</X><Y>1.912</Y></End></Segment>
		<Segment><SegStyle>cocr_contour_laser1</SegStyle><End><X>-1.574</X><Y>1.949</Y></End></Segment>
		<Segment><SegStyle>cocr_contour_laser1</SegStyle><End><X>-1.624</X><Y>2.004</Y></End></Segment>
		<Segment><SegStyle>cocr_contour_laser1</SegStyle><End><X>-1.657</X><Y>2.071</Y></End></Segment>
		<Segment><SegStyle>cocr_contour_laser1</SegStyle><End><X>-1.668</X><Y>2.145</Y></End></Segment>
		<Segment><SegStyle>cocr_contour_laser1</SegStyle><End><X>-1.657</X><Y>2.218</Y></End></Segment>
		<Segment><SegStyle>cocr_contour_laser1</SegStyle><End><X>-1.611</X><Y>2.301</Y></End></Segment>
		<Segment><SegStyle>cocr_contour_laser1</SegStyle><End><X>-1.574</X><Y>2.340</Y></End></Segment>
		<Segment><SegStyle>cocr_contour_laser1</SegStyle><End><X>-1.509</X><Y>2.377</Y></End></Segment>
		<Segment><SegStyle>cocr_contour_laser1</SegStyle><End><X>-1.437</X><Y>2.394</Y></End></Segment>
		<Segment><SegStyle>cocr_contour_laser1</SegStyle><End><X>-1.362</X><Y>2.388</Y></End></Segment>
		<Segment><SegStyle>cocr_contour_laser1</SegStyle><End><X>-1.293</X><Y>2.361</Y></End></Segment>
		<Segment><SegStyle>cocr_contour_laser1</SegStyle><End><X>-1.235</X><Y>2.315</Y></End></Segment>
		<Segment><SegStyle>cocr_contour_laser1</SegStyle><End><X>-1.193</X><Y>2.253</Y></End></Segment>
		<Segment><SegStyle>cocr_contour_laser1</SegStyle><End><X>-1.171</X><Y>2.182</Y></End></Segment>
		<Segment><SegStyle>cocr_contour_laser1</SegStyle><End><X>-1.171</X><Y>2.107</Y></End></Segment>
		<Segment><SegStyle>cocr_contour_laser1</SegStyle><End><X>-1.193</X><Y>2.036</Y></End></Segment>
		<Segment><SegStyle>cocr_contour_laser1</SegStyle><End><X>-1.235</X><Y>1.975</Y></End></Segment>
		<Segment><SegStyle>cocr_contour_laser1</SegStyle><End><X>-1.293</X><Y>1.928</Y></End></Segment>
		<Segment><SegStyle>cocr_contour_laser1</SegStyle><End><X>-1.362</X><Y>1.901</Y></End></Segment>
		<Segment><SegStyle>cocr_contour_laser1</SegStyle><End><X>-1.457</X><Y>1.900</Y></End></Segment>
		<Segment><SegStyle>cocr_contour_laser1</SegStyle><End><X>-1.509</X><Y>1.912</Y></End></Segment></Path>
	<Path>
		<Type>contour</Type>
		<Tag>cube_laser2_concurrent</Tag>
		<NumSegments>26</NumSegments>
		<SkyWritingMode>0</SkyWritingMode>
		<Start><X>-0.900</X><Y>4.640</Y></Start>
		<Segment><SegStyle>cocr_contour_laser2</SegStyle><End><X>-1.900</X><Y>4.640</Y></End></Segment>
		<Segment><SegStyle>cocr_contour_laser2</SegStyle><End><X>-1.900</X><Y>3.640</Y></End></Segment>
		<Segment><SegStyle>cocr_contour_laser2</SegStyle><End><X>-0.900</X><Y>3.640</Y></End></Segment>
		<Segment><SegStyle>cocr_contour_laser2</SegStyle><End><X>-0.900</X><Y>4.640</Y></End></Segment>
		<Segment><SegStyle>Auto-generated11</SegStyle><End><X>-1.509</X><Y>3.912</Y></End></Segment>
		<Segment><SegStyle>cocr_contour_laser2</SegStyle><End><X>-1.574</X><Y>3.949</Y></End></Segment>
		<Segment><SegStyle>cocr_contour_laser2</SegStyle><End><X>-1.624</X><Y>4.004</Y></End></Segment>
		<Segment><SegStyle>cocr_contour_laser2</SegStyle><End><X>-1.657</X><Y>4.071</Y></End></Segment>
		<Segment><SegStyle>cocr_contour_laser2</SegStyle><End><X>-1.668</X><Y>4.145</Y></End></Segment>
		<Segment><SegStyle>cocr_contour_laser2</SegStyle><End><X>-1.657</X><Y>4.218</Y></End></Segment>
		<Segment><SegStyle>cocr_contour_laser2</SegStyle><End><X>-1.611</X><Y>4.301</Y></End></Segment>
		<Segment><SegStyle>cocr_contour_laser2</SegStyle><End><X>-1.574</X><Y>4.340</Y></End></Segment>
		<Segment><SegStyle>cocr_contour_laser2</SegStyle><End><X>-1.509</X><Y>4.377</Y></End></Segment>
		<Segment><SegStyle>cocr_contour_laser2</SegStyle><End><X>-1.437</X><Y>4.394</Y></End></Segment>
		<Segment><SegStyle>cocr_contour_laser2</SegStyle><End><X>-1.362</X><Y>4.388</Y></End></Segment>
		<Segment><SegStyle>cocr_contour_laser2</SegStyle><End><X>-1.293</X><Y>4.361</Y></End></Segment>
		<Segment><SegStyle>cocr_contour_laser2</SegStyle><End><X>-1.235</X><Y>4.315</Y></End></Segment>
		<Segment><SegStyle>cocr_contour_laser2</SegStyle><End><X>-1.193</X><Y>4.253</Y></End></Segment>
		<Segment><SegStyle>cocr_contour_laser2</SegStyle><End><X>-1.171</X><Y>4.182</Y></End></Segment>
		<Segment><SegStyle>cocr_contour_laser2</SegStyle><End><X>-1.171</X><Y>4.107</Y></End></Segment>
		<Segment><SegStyle>cocr_contour_laser2</SegStyle><End><X>-1.193</X><Y>4.036</Y></End></Segment>
		<Segment><SegStyle>cocr_contour_laser2</SegStyle><End><X>-1.235</X><Y>3.975</Y></End></Segment>
		<Segment><SegStyle>cocr_contour_laser2</SegStyle><End><X>-1.293</X><Y>3.928</Y></End></Segment>
		<Segment><SegStyle>cocr_contour_laser2</SegStyle><End><X>-1.362</X><Y>3.901</Y></End></Segment>
		<Segment><SegStyle>cocr_contour_laser2</SegStyle><End><X>-1.457</X><Y>3.900</Y></End></Segment>
		<Segment><SegStyle>cocr_contour_laser2</SegStyle><End><X>-1.509</X><Y>3.912</Y></End></Segment></Path>
	<Path>
		<Type>contour</Type>
		<Tag>cube_laser1_sequential</Tag>
		<NumSegments>4</NumSegments>
		<SkyWritingMode>0</SkyWritingMode>
		<Start><X>5.000</X><Y>1.000</Y></Start>
		<Segment><SegStyle>cocr_contour_laser1</SegStyle><End><X>4.000</X><Y>1.000</Y></End></Segment>
		<Segment><SegStyle>cocr_contour_laser1</SegStyle><End><X>4.000</X><Y>0.000</Y></End></Segment>
		<Segment><SegStyle>cocr_contour_laser1</SegStyle><End><X>5.000</X><Y>0.000</Y></End></Segment>
		<Segment><SegStyle>cocr_contour_laser1</SegStyle><End><X>5.000</X><Y>1.000</Y></End></Segment></Path>
	<Path>
		<Type>contour</Type>
		<Tag>cube_laser2_sequential</Tag>
		<NumSegments>9</NumSegments>
		<SkyWritingMode>0</SkyWritingMode>
		<Start><X>5.000</X><Y>3.000</Y></Start>
		<Segment><SegStyle>cocr_contour_laser2</SegStyle><End><X>4.000</X><Y>3.000</Y></End></Segment>
		<Segment><SegStyle>cocr_contour_laser2</SegStyle><End><X>4.000</X><Y>2.000</Y></End></Segment>
		<Segment><SegStyle>cocr_contour_laser2</SegStyle><End><X>5.000</X><Y>2.000</Y></End></Segment>
		<Segment><SegStyle>cocr_contour_laser2</SegStyle><End><X>5.000</X><Y>3.000</Y></End></Segment>
		<Segment><SegStyle>Auto-generated14</SegStyle><End><X>5.000</X><Y>5.000</Y></End></Segment>
		<Segment><SegStyle>cocr_contour_laser2</SegStyle><End><X>4.000</X><Y>5.000</Y></End></Segment>
		<Segment><SegStyle>cocr_contour_laser2</SegStyle><End><X>4.000</X><Y>4.000</Y></End></Segment>
		<Segment><SegStyle>cocr_contour_laser2</SegStyle><End><X>5.000</X><Y>4.000</Y></End></Segment>
		<Segment><SegStyle>cocr_contour_laser2</SegStyle><End><X>5.000</X><Y>5.000</Y></End></Segment></Path></Trajectory>
<Trajectory>
	<TrajectoryID>3</TrajectoryID>
	<PathProcessingMode>concurrent</PathProcessingMode>
	<Path>
		<Type>hatch</Type>
		<Tag>cube_laser1_concurrent</Tag>
		<NumSegments>58</NumSegments>
		<SkyWritingMode>0</SkyWritingMode>
		<Start><X>-1.850</X><Y>2.463</Y></Start>
		<Segment><SegStyle>cocr_hatch_laser1</SegStyle><End><X>-1.698</X><Y>2.590</Y></End></Segment>
		<Segment><SegStyle>Auto-generated10</SegStyle><End><X>-1.543</X><Y>2.590</Y></End></Segment>
		<Segment><SegStyle>cocr_hatch_laser1</SegStyle><End><X>-1.850</X><Y>2.332</Y></End></Segment>
		<Segment><SegStyle>Auto-generated10</SegStyle><End><X>-1.850</X><Y>2.202</Y></End></Segment>
		<Segment><SegStyle>cocr_hatch_laser1</SegStyle><End><X>-1.387</X><Y>2.590</Y></End></Segment>
		<Segment><SegStyle>Auto-generated10</SegStyle><End><X>-1.850</X><Y>2.202</Y></End></Segment>
		<Segment><SegStyle>Auto-generated10</SegStyle><End><X>-1.712</X><Y>2.187</Y></End></Segment>
		<Segment><SegStyle>Auto-generated10</SegStyle><End><X>-1.232</X><Y>2.590</Y></End></Segment>
		<Segment><SegStyle>cocr_hatch_laser1</SegStyle><End><X>-1.408</X><Y>2.442</Y></End></Segment>
		<Segment><SegStyle>Auto-generated10</SegStyle><End><X>-1.712</X><Y>2.187</Y></End></Segment>
		<Segment><SegStyle>cocr_hatch_laser1</SegStyle><End><X>-1.850</X><Y>2.071</Y></End></Segment>
		<Segment><SegStyle>Auto-generated10</SegStyle><End><X>-1.287</X><Y>2.413</Y></End></Segment>
		<Segment><SegStyle>cocr_hatch_laser1</SegStyle><End><X>-1.076</X><Y>2.590</Y></End></Segment>
		<Segment><SegStyle>Auto-generated10</SegStyle><End><X>-1.287</X><Y>2.413</Y></End></Segment>
		<Segment><SegStyle>Auto-generated10</SegStyle><End><X>-1.660</X><Y>1.969</Y></End></Segment>
		<Segment><SegStyle>cocr_hatch_laser1</SegStyle><End><X>-1.850</X><Y>1.810</Y></End></Segment>
		<Segment><SegStyle>Auto-generated10</SegStyle><End><X>-1.146</X><Y>2.270</Y></End></Segment>
		<Segment><SegStyle>cocr_hatch_laser1</SegStyle><End><X>-0.950</X><Y>2.435</Y></End></Segment>
		<Segment><SegStyle>Auto-generated10</SegStyle><End><X>-1.146</X><Y>2.270</Y></End></Segment>
		<Segment><SegStyle>Auto-generated10</SegStyle><End><X>-1.485</X><Y>1.855</Y></End></Segment>
		<Segment><SegStyle>cocr_hatch_laser1</SegStyle><End><X>-1.682</X><Y>1.690</Y></End></Segment>
		<Segment><SegStyle>Auto-generated10</SegStyle><End><X>-1.157</X><Y>2.000</Y></End></Segment>
		<Segment><SegStyle>cocr_hatch_laser1</SegStyle><End><X>-0.950</X><Y>2.174</Y></End></Segment>
		<Segment><SegStyle>Auto-generated10</SegStyle><End><X>-1.157</X><Y>2.000</Y></End></Segment>
		<Segment><SegStyle>Auto-generated10</SegStyle><End><X>-0.950</X><Y>2.043</Y></End></Segment>
		<Segment><SegStyle>cocr_hatch_laser1</SegStyle><End><X>-1.371</X><Y>1.690</Y></End></Segment>
		<Segment><SegStyle>Auto-generated10</SegStyle><End><X>-1.215</X><Y>1.690</Y></End></Segment>
		<Segment><SegStyle>cocr_hatch_laser1</SegStyle><End><X>-0.950</X><Y>1.913</Y></End></Segment>
		<Segment><SegStyle>Auto-generated10</SegStyle><End><X>-1.215</X><Y>1.690</Y></End></Segment>
		<Segment><SegStyle>Auto-generated10</SegStyle><End><X>-0.950</X><Y>1.782</Y></End></Segment>
		<Segment><SegStyle>cocr_hatch_laser1</SegStyle><End><X>-1.060</X><Y>1.690</Y></End></Segment>
		<Segment><SegStyle>Auto-generated10</SegStyle><End><X>-1.232</X><Y>2.590</Y></End></Segment>
		<Segment><SegStyle>cocr_hatch_laser1</SegStyle><End><X>-1.408</X><Y>2.442</Y></End></Segment>
		<Segment><SegStyle>Auto-generated10</SegStyle><End><X>-1.850</X><Y>1.941</Y></End></Segment>
		<Segment><SegStyle>cocr_hatch_laser1</SegStyle><End><X>-1.706</X><Y>2.061</Y></End></Segment>
		<Segment><SegStyle>Auto-generated10</SegStyle><End><X>-1.850</X><Y>1.941</Y></End></Segment>
		<Segment><SegStyle>Auto-generated10</SegStyle><End><X>-0.950</X><Y>2.565</Y></End></Segment>
		<Segment><SegStyle>cocr_hatch_laser1</SegStyle><End><X>-1.203</X><Y>2.353</Y></End></Segment>
		<Segment><SegStyle>Auto-generated10</SegStyle><End><X>-1.838</X><Y>1.690</Y></End></Segment>
		<Segment><SegStyle>cocr_hatch_laser1</SegStyle><End><X>-1.588</X><Y>1.900</Y></End></Segment>
		<Segment><SegStyle>Auto-generated10</SegStyle><End><X>-1.838</X><Y>1.690</Y></End></Segment>
		<Segment><SegStyle>Auto-generated10</SegStyle><End><X>-0.950</X><Y>2.304</Y></End></Segment>
		<Segment><SegStyle>cocr_hatch_laser1</SegStyle><End><X>-1.121</X><Y>2.161</Y></End></Segment>
		<Segment><SegStyle>Auto-generated10</SegStyle><End><X>-1.526</X><Y>1.690</Y></End></Segment>
		<Segment><SegStyle>cocr_hatch_laser1</SegStyle><End><X>-1.318</X><Y>1.864</Y></End></Segment>
		<Segment><SegStyle>Auto-generated10</SegStyle><End><X>-1.232</X><Y>2.590</Y></End></Segment>
		<Segment><SegStyle>cocr_hatch_laser1</SegStyle><End><X>-1.408</X><Y>2.442</Y></End></Segment>
		<Segment><SegStyle>Auto-generated10</SegStyle><End><X>-1.850</X><Y>1.941</Y></End></Segment>
		<Segment><SegStyle>cocr_hatch_laser1</SegStyle><End><X>-1.706</X><Y>2.061</Y></End></Segment>
		<Segment><SegStyle>Auto-generated10</SegStyle><End><X>-1.850</X><Y>1.941</Y></End></Segment>
		<Segment><SegStyle>Auto-generated10</SegStyle><End><X>-0.950</X><Y>2.565</Y></End></Segment>
		<Segment><SegStyle>cocr_hatch_laser1</SegStyle><End><X>-1.203</X><Y>2.353</Y></End></Segment>
		<Segment><SegStyle>Auto-generated10</SegStyle><End><X>-1.838</X><Y>1.690</Y></End></Segment>
		<Segment><SegStyle>cocr_hatch_laser1</SegStyle><End><X>-1.588</X><Y>1.900</Y></End></Segment>
		<Segment><SegStyle>Auto-generated10</SegStyle><End><X>-1.838</X><Y>1.690</Y></End></Segment>
		<Segment><SegStyle>Auto-generated10</SegStyle><End><X>-0.950</X><Y>2.304</Y></End></Segment>
		<Segment><SegStyle>cocr_hatch_laser1</SegStyle><End><X>-1.121</X><Y>2.161</Y></End></Segment>
		<Segment><SegStyle>Auto-generated10</SegStyle><End><X>-1.526</X><Y>1.690</Y></End></Segment></Path>
	<Path>
		<Type>hatch</Type>
		<Tag>cube_laser2_concurrent</Tag>
		<NumSegments>41</NumSegments>
		<SkyWritingMode>0</SkyWritingMode>
		<Start><X>-1.802</X><Y>3.690</Y></Start>
		<Segment><SegStyle>cocr_hatch_laser2</SegStyle><End><X>-1.850</X><Y>3.963</Y></End></Segment>
		<Segment><SegStyle>Auto-generated11</SegStyle><End><X>-1.850</X><Y>4.539</Y></End></Segment>
		<Segment><SegStyle>cocr_hatch_laser2</SegStyle><End><X>-1.700</X><Y>3.690</Y></End></Segment>
		<Segment><SegStyle>Auto-generated11</SegStyle><End><X>-1.599</X><Y>3.690</Y></End></Segment>
		<Segment><SegStyle>cocr_hatch_laser2</SegStyle><End><X>-1.645</X><Y>3.952</Y></End></Segment>
		<Segment><SegStyle>Auto-generated11</SegStyle><End><X>-1.656</X><Y>4.590</Y></End></Segment>
		<Segment><SegStyle>cocr_hatch_laser2</SegStyle><End><X>-1.617</X><Y>4.368</Y></End></Segment>
		<Segment><SegStyle>Auto-generated11</SegStyle><End><X>-1.396</X><Y>3.690</Y></End></Segment>
		<Segment><SegStyle>cocr_hatch_laser2</SegStyle><End><X>-1.424</X><Y>3.850</Y></End></Segment>
		<Segment><SegStyle>Auto-generated11</SegStyle><End><X>-1.396</X><Y>3.690</Y></End></Segment>
		<Segment><SegStyle>Auto-generated11</SegStyle><End><X>-1.453</X><Y>4.590</Y></End></Segment>
		<Segment><SegStyle>cocr_hatch_laser2</SegStyle><End><X>-1.427</X><Y>4.443</Y></End></Segment>
		<Segment><SegStyle>Auto-generated11</SegStyle><End><X>-1.193</X><Y>3.690</Y></End></Segment>
		<Segment><SegStyle>cocr_hatch_laser2</SegStyle><End><X>-1.232</X><Y>3.913</Y></End></Segment>
		<Segment><SegStyle>Auto-generated11</SegStyle><End><X>-1.193</X><Y>3.690</Y></End></Segment>
		<Segment><SegStyle>Auto-generated11</SegStyle><End><X>-1.250</X><Y>4.590</Y></End></Segment>
		<Segment><SegStyle>cocr_hatch_laser2</SegStyle><End><X>-1.209</X><Y>4.358</Y></End></Segment>
		<Segment><SegStyle>Auto-generated11</SegStyle><End><X>-1.697</X><Y>4.249</Y></End></Segment>
		<Segment><SegStyle>Auto-generated11</SegStyle><End><X>-1.599</X><Y>3.690</Y></End></Segment>
		<Segment><SegStyle>cocr_hatch_laser2</SegStyle><End><X>-1.645</X><Y>3.952</Y></End></Segment>
		<Segment><SegStyle>Auto-generated11</SegStyle><End><X>-1.697</X><Y>4.249</Y></End></Segment>
		<Segment><SegStyle>cocr_hatch_laser2</SegStyle><End><X>-1.757</X><Y>4.590</Y></End></Segment>
		<Segment><SegStyle>Auto-generated11</SegStyle><End><X>-1.528</X><Y>3.865</Y></End></Segment>
		<Segment><SegStyle>cocr_hatch_laser2</SegStyle><End><X>-1.497</X><Y>3.690</Y></End></Segment>
		<Segment><SegStyle>Auto-generated11</SegStyle><End><X>-1.525</X><Y>4.425</Y></End></Segment>
		<Segment><SegStyle>cocr_hatch_laser2</SegStyle><End><X>-1.554</X><Y>4.590</Y></End></Segment>
		<Segment><SegStyle>Auto-generated11</SegStyle><End><X>-1.525</X><Y>4.425</Y></End></Segment>
		<Segment><SegStyle>Auto-generated11</SegStyle><End><X>-1.324</X><Y>3.862</Y></End></Segment>
		<Segment><SegStyle>cocr_hatch_laser2</SegStyle><End><X>-1.294</X><Y>3.690</Y></End></Segment>
		<Segment><SegStyle>Auto-generated11</SegStyle><End><X>-1.322</X><Y>4.427</Y></End></Segment>
		<Segment><SegStyle>cocr_hatch_laser2</SegStyle><End><X>-1.351</X><Y>4.590</Y></End></Segment>
		<Segment><SegStyle>Auto-generated11</SegStyle><End><X>-1.322</X><Y>4.427</Y></End></Segment>
		<Segment><SegStyle>Auto-generated11</SegStyle><End><X>-1.148</X><Y>4.013</Y></End></Segment>
		<Segment><SegStyle>cocr_hatch_laser2</SegStyle><End><X>-1.091</X><Y>3.690</Y></End></Segment>
		<Segment><SegStyle>Auto-generated11</SegStyle><End><X>-0.989</X><Y>3.690</Y></End></Segment>
		<Segment><SegStyle>cocr_hatch_laser2</SegStyle><End><X>-1.148</X><Y>4.590</Y></End></Segment>
		<Segment><SegStyle>Auto-generated11</SegStyle><End><X>-1.047</X><Y>4.590</Y></End></Segment>
		<Segment><SegStyle>cocr_hatch_laser2</SegStyle><End><X>-0.950</X><Y>4.042</Y></End></Segment>
		<Segment><SegStyle>Auto-generated11</SegStyle><End><X>-0.989</X><Y>3.690</Y></End></Segment>
		<Segment><SegStyle>cocr_hatch_laser2</SegStyle><End><X>-1.148</X><Y>4.590</Y></End></Segment>
		<Segment><SegStyle>Auto-generated11</SegStyle><End><X>-1.047</X><Y>4.590</Y></End></Segment></Path></Trajectory>
<Trajectory>
	<TrajectoryID>2</TrajectoryID>
	<PathProcessingMode>concurrent</PathProcessingMode>
	<Path>
		<Type>contour</Type>
		<Tag>supports</Tag>
		<NumSegments>26</NumSegments>
		<SkyWritingMode>0</SkyWritingMode>
		<Start><X>-0.900</X><Y>0.640</Y></Start>
		<Segment><SegStyle>cocr_support</SegStyle><End><X>-1.900</X><Y>0.640</Y></End></Segment>
		<Segment><SegStyle>cocr_support</SegStyle><End><X>-1.900</X><Y>-0.360</Y></End></Segment>
		<Segment><SegStyle>cocr_support</SegStyle><End><X>-0.900</X><Y>-0.360</Y></End></Segment>
		<Segment><SegStyle>cocr_support</SegStyle><End><X>-0.900</X><Y>0.640</Y></End></Segment>
		<Segment><SegStyle>Auto-generated9</SegStyle><End><X>-1.509</X><Y>-0.088</Y></End></Segment>
		<Segment><SegStyle>cocr_support</SegStyle><End><X>-1.574</X><Y>-0.051</Y></End></Segment>
		<Segment><SegStyle>cocr_support</SegStyle><End><X>-1.624</X><Y>0.004</Y></End></Segment>
		<Segment><SegStyle>cocr_support</SegStyle><End><X>-1.657</X><Y>0.071</Y></End></Segment>
		<Segment><SegStyle>cocr_support</SegStyle><End><X>-1.668</X><Y>0.145</Y></End></Segment>
		<Segment><SegStyle>cocr_support</SegStyle><End><X>-1.657</X><Y>0.218</Y></End></Segment>
		<Segment><SegStyle>cocr_support</SegStyle><End><X>-1.611</X><Y>0.301</Y></End></Segment>
		<Segment><SegStyle>cocr_support</SegStyle><End><X>-1.574</X><Y>0.340</Y></End></Segment>
		<Segment><SegStyle>cocr_support</SegStyle><End><X>-1.509</X><Y>0.377</Y></End></Segment>
		<Segment><SegStyle>cocr_support</SegStyle><End><X>-1.437</X><Y>0.394</Y></End></Segment>
		<Segment><SegStyle>cocr_support</SegStyle><End><X>-1.362</X><Y>0.388</Y></End></Segment>
		<Segment><SegStyle>cocr_support</SegStyle><End><X>-1.293</X><Y>0.361</Y></End></Segment>
		<Segment><SegStyle>cocr_support</SegStyle><End><X>-1.235</X><Y>0.315</Y></End></Segment>
		<Segment><SegStyle>cocr_support</SegStyle><End><X>-1.193</X><Y>0.253</Y></End></Segment>
		<Segment><SegStyle>cocr_support</SegStyle><End><X>-1.171</X><Y>0.182</Y></End></Segment>
		<Segment><SegStyle>cocr_support</SegStyle><End><X>-1.171</X><Y>0.107</Y></End></Segment>
		<Segment><SegStyle>cocr_support</SegStyle><End><X>-1.193</X><Y>0.036</Y></End></Segment>
		<Segment><SegStyle>cocr_support</SegStyle><End><X>-1.235</X><Y>-0.025</Y></End></Segment>
		<Segment><SegStyle>cocr_support</SegStyle><End><X>-1.293</X><Y>-0.072</Y></End></Segment>
		<Segment><SegStyle>cocr_support</SegStyle><End><X>-1.362</X><Y>-0.099</Y></End></Segment>
		<Segment><SegStyle>cocr_support</SegStyle><End><X>-1.457</X><Y>-0.100</Y></End></Segment>
		<Segment><SegStyle>cocr_support</SegStyle><End><X>-1.509</X><Y>-0.088</Y></End></Segment></Path>
	<Path>
		<Type>contour</Type>
		<Tag>supports</Tag>
		<NumSegments>26</NumSegments>
		<SkyWritingMode>0</SkyWritingMode>
		<Start><X>-0.950</X><Y>0.590</Y></Start>
		<Segment><SegStyle>cocr_support</SegStyle><End><X>-1.850</X><Y>0.590</Y></End></Segment>
		<Segment><SegStyle>cocr_support</SegStyle><End><X>-1.850</X><Y>-0.310</Y></End></Segment>
		<Segment><SegStyle>cocr_support</SegStyle><End><X>-0.950</X><Y>-0.310</Y></End></Segment>
		<Segment><SegStyle>cocr_support</SegStyle><End><X>-0.950</X><Y>0.590</Y></End></Segment>
		<Segment><SegStyle>Auto-generated9</SegStyle><End><X>-1.528</X><Y>-0.135</Y></End></Segment>
		<Segment><SegStyle>cocr_support</SegStyle><End><X>-1.605</X><Y>-0.090</Y></End></Segment>
		<Segment><SegStyle>cocr_support</SegStyle><End><X>-1.666</X><Y>-0.025</Y></End></Segment>
		<Segment><SegStyle>cocr_support</SegStyle><End><X>-1.705</X><Y>0.056</Y></End></Segment>
		<Segment><SegStyle>cocr_support</SegStyle><End><X>-1.718</X><Y>0.145</Y></End></Segment>
		<Segment><SegStyle>cocr_support</SegStyle><End><X>-1.705</X><Y>0.235</Y></End></Segment>
		<Segment><SegStyle>cocr_support</SegStyle><End><X>-1.651</X><Y>0.330</Y></End></Segment>
		<Segment><SegStyle>cocr_support</SegStyle><End><X>-1.605</X><Y>0.380</Y></End></Segment>
		<Segment><SegStyle>cocr_support</SegStyle><End><X>-1.528</X><Y>0.425</Y></End></Segment>
		<Segment><SegStyle>cocr_support</SegStyle><End><X>-1.440</X><Y>0.444</Y></End></Segment>
		<Segment><SegStyle>cocr_support</SegStyle><End><X>-1.351</X><Y>0.438</Y></End></Segment>
		<Segment><SegStyle>cocr_support</SegStyle><End><X>-1.268</X><Y>0.405</Y></End></Segment>
		<Segment><SegStyle>cocr_support</SegStyle><End><X>-1.198</X><Y>0.349</Y></End></Segment>
		<Segment><SegStyle>cocr_support</SegStyle><End><X>-1.147</X><Y>0.275</Y></End></Segment>
		<Segment><SegStyle>cocr_support</SegStyle><End><X>-1.121</X><Y>0.190</Y></End></Segment>
		<Segment><SegStyle>cocr_support</SegStyle><End><X>-1.121</X><Y>0.100</Y></End></Segment>
		<Segment><SegStyle>cocr_support</SegStyle><End><X>-1.147</X><Y>0.014</Y></End></Segment>
		<Segment><SegStyle>cocr_support</SegStyle><End><X>-1.198</X><Y>-0.060</Y></End></Segment>
		<Segment><SegStyle>cocr_support</SegStyle><End><X>-1.268</X><Y>-0.116</Y></End></Segment>
		<Segment><SegStyle>cocr_support</SegStyle><End><X>-1.353</X><Y>-0.149</Y></End></Segment>
		<Segment><SegStyle>cocr_support</SegStyle><End><X>-1.462</X><Y>-0.150</Y></End></Segment>
		<Segment><SegStyle>cocr_support</SegStyle><End><X>-1.528</X><Y>-0.135</Y></End></Segment></Path>
	<Path>
		<Type>contour</Type>
		<Tag>supports</Tag>
		<NumSegments>26</NumSegments>
		<SkyWritingMode>0</SkyWritingMode>
		<Start><X>-1.000</X><Y>0.540</Y></Start>
		<Segment><SegStyle>cocr_support</SegStyle><End><X>-1.800</X><Y>0.540</Y></End></Segment>
		<Segment><SegStyle>cocr_support</SegStyle><End><X>-1.800</X><Y>-0.260</Y></End></Segment>
		<Segment><SegStyle>cocr_support</SegStyle><End><X>-1.000</X><Y>-0.260</Y></End></Segment>
		<Segment><SegStyle>cocr_support</SegStyle><End><X>-1.000</X><Y>0.540</Y></End></Segment>
		<Segment><SegStyle>Auto-generated9</SegStyle><End><X>-1.546</X><Y>-0.182</Y></End></Segment>
		<Segment><SegStyle>cocr_support</SegStyle><End><X>-1.637</X><Y>-0.130</Y></End></Segment>
		<Segment><SegStyle>cocr_support</SegStyle><End><X>-1.708</X><Y>-0.053</Y></End></Segment>
		<Segment><SegStyle>cocr_support</SegStyle><End><X>-1.753</X><Y>0.041</Y></End></Segment>
		<Segment><SegStyle>cocr_support</SegStyle><End><X>-1.769</X><Y>0.145</Y></End></Segment>
		<Segment><SegStyle>cocr_support</SegStyle><End><X>-1.753</X><Y>0.251</Y></End></Segment>
		<Segment><SegStyle>cocr_support</SegStyle><End><X>-1.692</X><Y>0.360</Y></End></Segment>
		<Segment><SegStyle>cocr_support</SegStyle><End><X>-1.637</X><Y>0.419</Y></End></Segment>
		<Segment><SegStyle>cocr_support</SegStyle><End><X>-1.546</X><Y>0.472</Y></End></Segment>
		<Segment><SegStyle>cocr_support</SegStyle><End><X>-1.444</X><Y>0.495</Y></End></Segment>
		<Segment><SegStyle>cocr_support</SegStyle><End><X>-1.340</X><Y>0.487</Y></End></Segment>
		<Segment><SegStyle>cocr_support</SegStyle><End><X>-1.242</X><Y>0.449</Y></End></Segment>
		<Segment><SegStyle>cocr_support</SegStyle><End><X>-1.161</X><Y>0.384</Y></End></Segment>
		<Segment><SegStyle>cocr_support</SegStyle><End><X>-1.102</X><Y>0.297</Y></End></Segment>
		<Segment><SegStyle>cocr_support</SegStyle><End><X>-1.071</X><Y>0.197</Y></End></Segment>
		<Segment><SegStyle>cocr_support</SegStyle><End><X>-1.071</X><Y>0.092</Y></End></Segment>
		<Segment><SegStyle>cocr_support</SegStyle><End><X>-1.102</X><Y>-0.008</Y></End></Segment>
		<Segment><SegStyle>cocr_support</SegStyle><End><X>-1.161</X><Y>-0.094</Y></End></Segment>
		<Segment><SegStyle>cocr_support</SegStyle><End><X>-1.242</X><Y>-0.159</Y></End></Segment>
		<Segment><SegStyle>cocr_support</SegStyle><End><X>-1.343</X><Y>-0.199</Y></End></Segment>
		<Segment><SegStyle>cocr_support</SegStyle><End><X>-1.467</X><Y>-0.200</Y></End></Segment>
		<Segment><SegStyle>cocr_support</SegStyle><End><X>-1.546</X><Y>-0.182</Y></End></Segment></Path></Trajectory>
<Trajectory>
	<TrajectoryID>9999</TrajectoryID>
	<PathProcessingMode>sequential</PathProcessingMode></Trajectory>
<Trajectory>
	<TrajectoryID>5</TrajectoryID>
	<PathProcessingMode>sequential</PathProcessingMode>
	<Path>
		<Type>hatch</Type>
		<Tag>cube_laser1_sequential</Tag>
		<NumSegments>60</NumSegments>
		<SkyWritingMode>0</SkyWritingMode>
		<Start><X>4.950</X><Y>0.910</Y></Start>
		<Segment><SegStyle>cocr_hatch_laser1</SegStyle><End><X>4.913</X><Y>0.950</Y></End></Segment>
		<Segment><SegStyle>Auto-generated13</SegStyle><End><X>4.778</X><Y>0.950</Y></End></Segment>
		<Segment><SegStyle>cocr_hatch_laser1</SegStyle><End><X>4.950</X><Y>0.762</Y></End></Segment>
		<Segment><SegStyle>Auto-generated13</SegStyle><End><X>4.950</X><Y>0.614</Y></End></Segment>
		<Segment><SegStyle>cocr_hatch_laser1</SegStyle><End><X>4.642</X><Y>0.950</Y></End></Segment>
		<Segment><SegStyle>Auto-generated13</SegStyle><End><X>4.950</X><Y>0.614</Y></End></Segment>
		<Segment><SegStyle>Auto-generated13</SegStyle><End><X>4.506</X><Y>0.950</Y></End></Segment>
		<Segment><SegStyle>cocr_hatch_laser1</SegStyle><End><X>4.950</X><Y>0.466</Y></End></Segment>
		<Segment><SegStyle>Auto-generated13</SegStyle><End><X>4.950</X><Y>0.318</Y></End></Segment>
		<Segment><SegStyle>cocr_hatch_laser1</SegStyle><End><X>4.371</X><Y>0.950</Y></End></Segment>
		<Segment><SegStyle>Auto-generated13</SegStyle><End><X>4.950</X><Y>0.318</Y></End></Segment>
		<Segment><SegStyle>Auto-generated13</SegStyle><End><X>4.235</X><Y>0.950</Y></End></Segment>
		<Segment><SegStyle>cocr_hatch_laser1</SegStyle><End><X>4.950</X><Y>0.170</Y></End></Segment>
		<Segment><SegStyle>Auto-generated13</SegStyle><End><X>4.924</X><Y>0.050</Y></End></Segment>
		<Segment><SegStyle>cocr_hatch_laser1</SegStyle><End><X>4.100</X><Y>0.950</Y></End></Segment>
		<Segment><SegStyle>Auto-generated13</SegStyle><End><X>4.924</X><Y>0.050</Y></End></Segment>
		<Segment><SegStyle>Auto-generated13</SegStyle><End><X>4.050</X><Y>0.856</Y></End></Segment>
		<Segment><SegStyle>cocr_hatch_laser1</SegStyle><End><X>4.789</X><Y>0.050</Y></End></Segment>
		<Segment><SegStyle>Auto-generated13</SegStyle><End><X>4.653</X><Y>0.050</Y></End></Segment>
		<Segment><SegStyle>cocr_hatch_laser1</SegStyle><End><X>4.050</X><Y>0.708</Y></End></Segment>
		<Segment><SegStyle>Auto-generated13</SegStyle><End><X>4.653</X><Y>0.050</Y></End></Segment>
		<Segment><SegStyle>Auto-generated13</SegStyle><End><X>4.050</X><Y>0.560</Y></End></Segment>
		<Segment><SegStyle>cocr_hatch_laser1</SegStyle><End><X>4.517</X><Y>0.050</Y></End></Segment>
		<Segment><SegStyle>Auto-generated13</SegStyle><End><X>4.382</X><Y>0.050</Y></End></Segment>
		<Segment><SegStyle>cocr_hatch_laser1</SegStyle><End><X>4.050</X><Y>0.412</Y></End></Segment>
		<Segment><SegStyle>Auto-generated13</SegStyle><End><X>4.382</X><Y>0.050</Y></End></Segment>
		<Segment><SegStyle>Auto-generated13</SegStyle><End><X>4.050</X><Y>0.264</Y></End></Segment>
		<Segment><SegStyle>cocr_hatch_laser1</SegStyle><End><X>4.246</X><Y>0.050</Y></End></Segment>
		<Segment><SegStyle>Auto-generated13</SegStyle><End><X>4.110</X><Y>0.050</Y></End></Segment>
		<Segment><SegStyle>cocr_hatch_laser1</SegStyle><End><X>4.050</X><Y>0.116</Y></End></Segment>
		<Segment><SegStyle>Auto-generated13</SegStyle><End><X>4.950</X><Y>0.910</Y></End></Segment>
		<Segment><SegStyle>cocr_hatch_laser1</SegStyle><End><X>4.913</X><Y>0.950</Y></End></Segment>
		<Segment><SegStyle>Auto-generated13</SegStyle><End><X>4.778</X><Y>0.950</Y></End></Segment>
		<Segment><SegStyle>cocr_hatch_laser1</SegStyle><End><X>4.950</X><Y>0.762</Y></End></Segment>
		<Segment><SegStyle>Auto-generated13</SegStyle><End><X>4.950</X><Y>0.614</Y></End></Segment>
		<Segment><SegStyle>cocr_hatch_laser1</SegStyle><End><X>4.642</X><Y>0.950</Y></End></Segment>
		<Segment><SegStyle>Auto-generated13</SegStyle><End><X>4.950</X><Y>0.614</Y></End></Segment>
		<Segment><SegStyle>Auto-generated13</SegStyle><End><X>4.506</X><Y>0.950</Y></End></Segment>
		<Segment><SegStyle>cocr_hatch_laser1</SegStyle><End><X>4.950</X><Y>0.466</Y></End></Segment>
		<Segment><SegStyle>Auto-generated13</SegStyle><End><X>4.950</X><Y>0.318</Y></End></Segment>
		<Segment><SegStyle>cocr_hatch_laser1</SegStyle><End><X>4.371</X><Y>0.950</Y></End></Segment>
		<Segment><SegStyle>Auto-generated13</SegStyle><End><X>4.950</X><Y>0.318</Y></End></Segment>
		<Segment><SegStyle>Auto-generated13</SegStyle><End><X>4.235</X><Y>0.950</Y></End></Segment>
		<Segment><SegStyle>cocr_hatch_laser1</SegStyle><End><X>4.950</X><Y>0.170</Y></End></Segment>
		<Segment><SegStyle>Auto-generated13</SegStyle><End><X>4.924</X><Y>0.050</Y></End></Segment>
		<Segment><SegStyle>cocr_hatch_laser1</SegStyle><End><X>4.100</X><Y>0.950</Y></End></Segment>
		<Segment><SegStyle>Auto-generated13</SegStyle><End><X>4.924</X><Y>0.050</Y></End></Segment>
		<Segment><SegStyle>Auto-generated13</SegStyle><End><X>4.050</X><Y>0.856</Y></End></Segment>
		<Segment><SegStyle>cocr_hatch_laser1</SegStyle><End><X>4.789</X><Y>0.050</Y></End></Segment>
		<Segment><SegStyle>Auto-generated13</SegStyle><End><X>4.653</X><Y>0.050</Y></End></Segment>
		<Segment><SegStyle>cocr_hatch_laser1</SegStyle><End><X>4.050</X><Y>0.708</Y></End></Segment>
		<Segment><SegStyle>Auto-generated13</SegStyle><End><X>4.653</X><Y>0.050</Y></End></Segment>
		<Segment><SegStyle>Auto-generated13</SegStyle><End><X>4.050</X><Y>0.560</Y></End></Segment>
		<Segment><SegStyle>cocr_hatch_laser1</SegStyle><End><X>4.517</X><Y>0.050</Y></End></Segment>
		<Segment><SegStyle>Auto-generated13</SegStyle><End><X>4.382</X><Y>0.050</Y></End></Segment>
		<Segment><SegStyle>cocr_hatch_laser1</SegStyle><End><X>4.050</X><Y>0.412</Y></End></Segment>
		<Segment><SegStyle>Auto-generated13</SegStyle><End><X>4.382</X><Y>0.050</Y></End></Segment>
		<Segment><SegStyle>Auto-generated13</SegStyle><End><X>4.050</X><Y>0.264</Y></End></Segment>
		<Segment><SegStyle>cocr_hatch_laser1</SegStyle><End><X>4.246</X><Y>0.050</Y></End></Segment>
		<Segment><SegStyle>Auto-generated13</SegStyle><End><X>4.110</X><Y>0.050</Y></End></Segment></Path>
	<Path>
		<Type>hatch</Type>
		<Tag>cube_laser2_sequential</Tag>
		<NumSegments>85</NumSegments>
		<SkyWritingMode>0</SkyWritingMode>
		<Start><X>4.050</X><Y>2.151</Y></Start>
		<Segment><SegStyle>cocr_hatch_laser2</SegStyle><End><X>4.219</X><Y>2.050</Y></End></Segment>
		<Segment><SegStyle>Auto-generated14</SegStyle><End><X>4.415</X><Y>2.050</Y></End></Segment>
		<Segment><SegStyle>cocr_hatch_laser2</SegStyle><End><X>4.050</X><Y>2.267</Y></End></Segment>
		<Segment><SegStyle>Auto-generated14</SegStyle><End><X>4.050</X><Y>2.384</Y></End></Segment>
		<Segment><SegStyle>cocr_hatch_laser2</SegStyle><End><X>4.611</X><Y>2.050</Y></End></Segment>
		<Segment><SegStyle>Auto-generated14</SegStyle><End><X>4.050</X><Y>2.384</Y></End></Segment>
		<Segment><SegStyle>Auto-generated14</SegStyle><End><X>4.806</X><Y>2.050</Y></End></Segment>
		<Segment><SegStyle>cocr_hatch_laser2</SegStyle><End><X>4.050</X><Y>2.500</Y></End></Segment>
		<Segment><SegStyle>Auto-generated14</SegStyle><End><X>4.050</X><Y>2.616</Y></End></Segment>
		<Segment><SegStyle>cocr_hatch_laser2</SegStyle><End><X>4.950</X><Y>2.081</Y></End></Segment>
		<Segment><SegStyle>Auto-generated14</SegStyle><End><X>4.050</X><Y>2.616</Y></End></Segment>
		<Segment><SegStyle>Auto-generated14</SegStyle><End><X>4.950</X><Y>2.197</Y></End></Segment>
		<Segment><SegStyle>cocr_hatch_laser2</SegStyle><End><X>4.050</X><Y>2.733</Y></End></Segment>
		<Segment><SegStyle>Auto-generated14</SegStyle><End><X>4.050</X><Y>2.849</Y></End></Segment>
		<Segment><SegStyle>cocr_hatch_laser2</SegStyle><End><X>4.950</X><Y>2.314</Y></End></Segment>
		<Segment><SegStyle>Auto-generated14</SegStyle><End><X>4.050</X><Y>2.849</Y></End></Segment>
		<Segment><SegStyle>Auto-generated14</SegStyle><End><X>4.950</X><Y>2.430</Y></End></Segment>
		<Segment><SegStyle>cocr_hatch_laser2</SegStyle><End><X>4.076</X><Y>2.950</Y></End></Segment>
		<Segment><SegStyle>Auto-generated14</SegStyle><End><X>4.271</X><Y>2.950</Y></End></Segment>
		<Segment><SegStyle>cocr_hatch_laser2</SegStyle><End><X>4.950</X><Y>2.546</Y></End></Segment>
		<Segment><SegStyle>Auto-generated14</SegStyle><End><X>4.271</X><Y>2.950</Y></End></Segment>
		<Segment><SegStyle>Auto-generated14</SegStyle><End><X>4.950</X><Y>2.663</Y></End></Segment>
		<Segment><SegStyle>cocr_hatch_laser2</SegStyle><End><X>4.467</X><Y>2.950</Y></End></Segment>
		<Segment><SegStyle>Auto-generated14</SegStyle><End><X>4.663</X><Y>2.950</Y></End></Segment>
		<Segment><SegStyle>cocr_hatch_laser2</SegStyle><End><X>4.950</X><Y>2.779</Y></End></Segment>
		<Segment><SegStyle>Auto-generated14</SegStyle><End><X>4.663</X><Y>2.950</Y></End></Segment>
		<Segment><SegStyle>Auto-generated14</SegStyle><End><X>4.950</X><Y>2.895</Y></End></Segment>
		<Segment><SegStyle>cocr_hatch_laser2</SegStyle><End><X>4.858</X><Y>2.950</Y></End></Segment>
		<Segment><SegStyle>Auto-generated14</SegStyle><End><X>4.050</X><Y>4.129</Y></End></Segment>
		<Segment><SegStyle>cocr_hatch_laser2</SegStyle><End><X>4.183</X><Y>4.050</Y></End></Segment>
		<Segment><SegStyle>Auto-generated14</SegStyle><End><X>4.378</X><Y>4.050</Y></End></Segment>
		<Segment><SegStyle>cocr_hatch_laser2</SegStyle><End><X>4.050</X><Y>4.245</Y></End></Segment>
		<Segment><SegStyle>Auto-generated14</SegStyle><End><X>4.050</X><Y>4.362</Y></End></Segment>
		<Segment><SegStyle>cocr_hatch_laser2</SegStyle><End><X>4.574</X><Y>4.050</Y></End></Segment>
		<Segment><SegStyle>Auto-generated14</SegStyle><End><X>4.050</X><Y>4.362</Y></End></Segment>
		<Segment><SegStyle>Auto-generated14</SegStyle><End><X>4.769</X><Y>4.050</Y></End></Segment>
		<Segment><SegStyle>cocr_hatch_laser2</SegStyle><End><X>4.050</X><Y>4.478</Y></End></Segment>
		<Segment><SegStyle>Auto-generated14</SegStyle><End><X>4.050</X><Y>4.594</Y></End></Segment>
		<Segment><SegStyle>cocr_hatch_laser2</SegStyle><End><X>4.950</X><Y>4.059</Y></End></Segment>
		<Segment><SegStyle>Auto-generated14</SegStyle><End><X>4.050</X><Y>4.594</Y></End></Segment>
		<Segment><SegStyle>Auto-generated14</SegStyle><End><X>4.950</X><Y>4.175</Y></End></Segment>
		<Segment><SegStyle>cocr_hatch_laser2</SegStyle><End><X>4.050</X><Y>4.711</Y></End></Segment>
		<Segment><SegStyle>Auto-generated14</SegStyle><End><X>4.050</X><Y>4.827</Y></End></Segment>
		<Segment><SegStyle>cocr_hatch_laser2</SegStyle><End><X>4.950</X><Y>4.292</Y></End></Segment>
		<Segment><SegStyle>Auto-generated14</SegStyle><End><X>4.050</X><Y>4.827</Y></End></Segment>
		<Segment><SegStyle>Auto-generated14</SegStyle><End><X>4.950</X><Y>4.408</Y></End></Segment>
		<Segment><SegStyle>cocr_hatch_laser2</SegStyle><End><X>4.050</X><Y>4.943</Y></End></Segment>
		<Segment><SegStyle>Auto-generated14</SegStyle><End><X>4.235</X><Y>4.950</Y></End></Segment>
		<Segment><SegStyle>cocr_hatch_laser2</SegStyle><End><X>4.950</X><Y>4.524</Y></End></Segment>
		<Segment><SegStyle>Auto-generated14</SegStyle><End><X>4.235</X><Y>4.950</Y></End></Segment>
		<Segment><SegStyle>Auto-generated14</SegStyle><End><X>4.950</X><Y>4.641</Y></End></Segment>
		<Segment><SegStyle>cocr_hatch_laser2</SegStyle><End><X>4.430</X><Y>4.950</Y></End></Segment>
		<Segment><SegStyle>Auto-generated14</SegStyle><End><X>4.626</X><Y>4.950</Y></End></Segment>
		<Segment><SegStyle>cocr_hatch_laser2</SegStyle><End><X>4.950</X><Y>4.757</Y></End></Segment>
		<Segment><SegStyle>Auto-generated14</SegStyle><End><X>4.626</X><Y>4.950</Y></End></Segment>
		<Segment><SegStyle>Auto-generated14</SegStyle><End><X>4.950</X><Y>4.873</Y></End></Segment>
		<Segment><SegStyle>cocr_hatch_laser2</SegStyle><End><X>4.821</X><Y>4.950</Y></End></Segment>
		<Segment><SegStyle>Auto-generated14</SegStyle><End><X>4.050</X><Y>4.129</Y></End></Segment>
		<Segment><SegStyle>cocr_hatch_laser2</SegStyle><End><X>4.183</X><Y>4.050</Y></End></Segment>
		<Segment><SegStyle>Auto-generated14</SegStyle><End><X>4.378</X><Y>4.050</Y></End></Segment>
		<Segment><SegStyle>cocr_hatch_laser2</SegStyle><End><X>4.050</X><Y>4.245</Y></End></Segment>
		<Segment><SegStyle>Auto-generated14</SegStyle><End><X>4.050</X><Y>4.362</Y></End></Segment>
		<Segment><SegStyle>cocr_hatch_laser2</SegStyle><End><X>4.574</X><Y>4.050</Y></End></Segment>
		<Segment><SegStyle>Auto-generated14</SegStyle><End><X>4.050</X><Y>4.362</Y></End></Segment>
		<Segment><SegStyle>Auto-generated14</SegStyle><End><X>4.769</X><Y>4.050</Y></End></Segment>
		<Segment><SegStyle>cocr_hatch_laser2</SegStyle><End><X>4.050</X><Y>4.478</Y></End></Segment>
		<Segment><SegStyle>Auto-generated14</SegStyle><End><X>4.050</X><Y>4.594</Y></End></Segment>
		<Segment><SegStyle>cocr_hatch_laser2</SegStyle><End><X>4.950</X><Y>4.059</Y></End></Segment>
		<Segment><SegStyle>Auto-generated14</SegStyle><End><X>4.050</X><Y>4.594</Y></End></Segment>
		<Segment><SegStyle>Auto-generated14</SegStyle><End><X>4.950</X><Y>4.175</Y></End></Segment>
		<Segment><SegStyle>cocr_hatch_laser2</SegStyle><End><X>4.050</X><Y>4.711</Y></End></Segment>
		<Segment><SegStyle>Auto-generated14</SegStyle><End><X>4.050</X><Y>4.827</Y></End></Segment>
		<Segment><SegStyle>cocr_hatch_laser2</SegStyle><End><X>4.950</X><Y>4.292</Y></End></Segment>
		<Segment><SegStyle>Auto-generated14</SegStyle><End><X>4.050</X><Y>4.827</Y></End></Segment>
		<Segment><SegStyle>Auto-generated14</SegStyle><End><X>4.950</X><Y>4.408</Y></End></Segment>
		<Segment><SegStyle>cocr_hatch_laser2</SegStyle><End><X>4.050</X><Y>4.943</Y></End></Segment>
		<Segment><SegStyle>Auto-generated14</SegStyle><End><X>4.235</X><Y>4.950</Y></End></Segment>
		<Segment><SegStyle>cocr_hatch_laser2</SegStyle><End><X>4.950</X><Y>4.524</Y></End></Segment>
		<Segment><SegStyle>Auto-generated14</SegStyle><End><X>4.235</X><Y>4.950</Y></End></Segment>
		<Segment><SegStyle>Auto-generated14</SegStyle><End><X>4.950</X><Y>4.641</Y></End></Segment>
		<Segment><SegStyle>cocr_hatch_laser2</SegStyle><End><X>4.430</X><Y>4.950</Y></End></Segment>
		<Segment><SegStyle>Auto-generated14</SegStyle><End><X>4.626</X><Y>4.950</Y></End></Segment>
		<Segment><SegStyle>cocr_hatch_laser2</SegStyle><End><X>4.950</X><Y>4.757</Y></End></Segment>
		<Segment><SegStyle>Auto-generated14</SegStyle><End><X>4.626</X><Y>4.950</Y></End></Segment>
		<Segment><SegStyle>Auto-generated14</SegStyle><End><X>4.950</X><Y>4.873</Y></End></Segment></Path></Trajectory></TrajectoryList></Layer>