<?xml version="1.0"?><!--Scan file created using MSXML 6.0.--><Layer>
<Header>
	<AmericaMakesSchemaVersion>2020-03-23</AmericaMakesSchemaVersion>
	<LayerNum>5</LayerNum>
	<LayerThickness>0.05</LayerThickness>
	<AbsoluteHeight>0.25</AbsoluteHeight>
	<DosingFactor>1.75</DosingFactor>
	<BuildDescription>Placeholder</BuildDescription></Header>
<VelocityProfileList>
	<VelocityProfile><ID>0</ID>
		<Velocity>10000</Velocity><Mode>Delay</Mode>
		<LaserOnDelay>600</LaserOnDelay><LaserOffDelay>0</LaserOffDelay><JumpDelay>0</JumpDelay>
		<MarkDelay>0</MarkDelay><PolygonDelay>0</PolygonDelay></VelocityProfile>
	<VelocityProfile><ID>1</ID>
		<Velocity>850</Velocity><Mode>Delay</Mode>
		<LaserOnDelay>300</LaserOnDelay><LaserOffDelay>0</LaserOffDelay><JumpDelay>300</JumpDelay>
		<MarkDelay>300</MarkDelay><PolygonDelay>0</PolygonDelay></VelocityProfile>
	<VelocityProfile><ID>2</ID>
		<Velocity>1200</Velocity><Mode>Delay</Mode>
		<LaserOnDelay>100</LaserOnDelay><LaserOffDelay>0</LaserOffDelay><JumpDelay>400</JumpDelay>
		<MarkDelay>400</MarkDelay><PolygonDelay>0</PolygonDelay></VelocityProfile>
	<VelocityProfile><ID>jumpprofile1</ID>
		<Velocity>5000</Velocity><Mode>Delay</Mode>
		<LaserOnDelay>300</LaserOnDelay><LaserOffDelay>0</LaserOffDelay><JumpDelay>0</JumpDelay>
		<MarkDelay>0</MarkDelay><PolygonDelay>0</PolygonDelay></VelocityProfile>
	<VelocityProfile><ID>test profile</ID>
		<Velocity>3000</Velocity><Mode>Delay</Mode>
		<LaserOnDelay>300</LaserOnDelay><LaserOffDelay>0</LaserOffDelay><JumpDelay>0</JumpDelay>
		<MarkDelay>0</MarkDelay><PolygonDelay>0</PolygonDelay></VelocityProfile>
	<VelocityProfile><ID>5</ID>
		<Velocity>6000</Velocity><Mode>Delay</Mode>
		<LaserOnDelay>300</LaserOnDelay><LaserOffDelay>0</LaserOffDelay><JumpDelay>0</JumpDelay>
		<MarkDelay>0</MarkDelay><PolygonDelay>0</PolygonDelay></VelocityProfile>
	<VelocityProfile><ID>jumpprofile2</ID>
		<Velocity>4000</Velocity><Mode>Delay</Mode>
		<LaserOnDelay>300</LaserOnDelay><LaserOffDelay>0</LaserOffDelay><JumpDelay>0</JumpDelay>
		<MarkDelay>0</MarkDelay><PolygonDelay>0</PolygonDelay></VelocityProfile></VelocityProfileList>
<SegmentStyleList>
	<SegmentStyle><ID>cocr_hatch_laser1</ID>
		<VelocityProfileID>0</VelocityProfileID><LaserMode>Independent</LaserMode>
		<Traveler><ID>a</ID>
			<SyncDelay>0</SyncDelay><Power>195</Power><SpotSize>50</SpotSize></Traveler></SegmentStyle>
	<SegmentStyle><ID>cocr_contour_laser1</ID>
		<VelocityProfileID>2</VelocityProfileID><LaserMode>Independent</LaserMode>
		<Traveler><ID>a</ID>
			<SyncDelay>0</SyncDelay><Power>195</Power><SpotSize>50</SpotSize></Traveler></SegmentStyle>
	<SegmentStyle><ID>cocr_hatch_laser2</ID>
		<VelocityProfileID>2</VelocityProfileID><LaserMode>Independent</LaserMode>
		<Traveler><ID>b</ID>
			<SyncDelay>0</SyncDelay><Power>195</Power><SpotSize>50</SpotSize></Traveler></SegmentStyle>
	<SegmentStyle><ID>cocr_contour_laser2</ID>
		<VelocityProfileID>1</VelocityProfileID><LaserMode>Independent</LaserMode>
		<Traveler><ID>b</ID>
			<SyncDelay>0</SyncDelay><Power>195</Power><SpotSize>50</SpotSize></Traveler></SegmentStyle>
	<SegmentStyle><ID>cocr_followme</ID>
		<VelocityProfileID>2</VelocityProfileID><LaserMode>FollowMe</LaserMode>
		<Traveler><ID>b</ID>
			<SyncDelay>0</SyncDelay><Power>222</Power><SpotSize>80</SpotSize>
			<Wobble><On>1</On><Freq>3000</Freq><Shape>0</Shape><TransAmp>0.3</TransAmp><LongAmp>0.3</LongAmp></Wobble></Traveler>
		<Traveler><ID>a</ID>
			<SyncDelay>70</SyncDelay><Power>130</Power><SpotSize>100</SpotSize></Traveler></SegmentStyle>
	<SegmentStyle><ID>cocr_support</ID>
		<VelocityProfileID>5</VelocityProfileID><LaserMode>Independent</LaserMode>
		<Traveler><ID>a</ID>
			<SyncDelay>0</SyncDelay><Power>195</Power><SpotSize>70</SpotSize></Traveler></SegmentStyle>
	<SegmentStyle><ID>jumpstyletest</ID>
		<VelocityProfileID>jumpprofile1</VelocityProfileID></SegmentStyle>
	<SegmentStyle><ID>wobbletraillaser</ID>
		<VelocityProfileID>2</VelocityProfileID><LaserMode>FollowMe</LaserMode>
		<Traveler><ID>b</ID>
			<SyncDelay>0</SyncDelay><Power>222</Power><SpotSize>80</SpotSize>
			<Wobble><On>1</On><Freq>3000</Freq><Shape>0</Shape><TransAmp>0.1</TransAmp><LongAmp>0.3</LongAmp></Wobble></Traveler>
		<Traveler><ID>a</ID>
			<SyncDelay>70</SyncDelay><Power>130</Power><SpotSize>100</SpotSize>
			<Wobble><On>1</On><Freq>3210</Freq><Shape>-1</Shape><TransAmp>0.5</TransAmp><LongAmp>0.2</LongAmp></Wobble></Traveler></SegmentStyle>
	<SegmentStyle><ID>Auto-generated9</ID>
		<VelocityProfileID>jumpprofile1</VelocityProfileID></SegmentStyle>
	<SegmentStyle><ID>Auto-generated10</ID>
		<VelocityProfileID>jumpprofile2</VelocityProfileID></SegmentStyle>
	<SegmentStyle><ID>Auto-generated11</ID>
		<VelocityProfileID>jumpprofile2</VelocityProfileID></SegmentStyle>
	<SegmentStyle><ID>Auto-generated12</ID>
		<VelocityProfileID>jumpprofile2</VelocityProfileID></SegmentStyle>
	<SegmentStyle><ID>Auto-generated13</ID>
		<VelocityProfileID>jumpprofile2</VelocityProfileID></SegmentStyle>
	<SegmentStyle><ID>Auto-generated14</ID>
		<VelocityProfileID>jumpprofile2</VelocityProfileID></SegmentStyle></SegmentStyleList>
<TrajectoryList>
<Trajectory>
	<TrajectoryID>1</TrajectoryID>
	<PathProcessingMode>concurrent</PathProcessingMode>
	<Path>
		<Type>contour</Type>
		<Tag>cube_laser1_concurrent</Tag>
		<NumSegments>26</NumSegments>
		<SkyWritingMode>0</SkyWritingMode>
		<Start><X>-0.900</X><Y>2.640</Y></Start>
		<Segment><SegStyle>cocr_contour_laser1</SegStyle><End><X>-1.900</X><Y>2.640</Y></End></Segment>
		<Segment><SegStyle>cocr_contour_laser1</SegStyle><End><X>-1.900</X><Y>1.640</Y></End></Segment>
		<Segment><SegStyle>cocr_contour_laser1</SegStyle><End><X>-0.900</X><Y>1.640</Y></End></Segment>
		<Segment><SegStyle>cocr_contour_laser1</SegStyle><End><X>-0.900</X><Y>2.640</Y></End></Segment>
		<Segment><SegStyle>Auto-generated10</SegStyle><End><X>-1.509</X><Y>1.912</Y></End></Segment>
		<Segment><SegStyle>cocr_contour_laser1</SegStyle><End><X>-1.574</X><Y>1.949</Y></End></Segment>
		<Segment><SegStyle>cocr_contour_laser1</SegStyle><End><X>-1.624</X><Y>2.004</Y></End></Segment>
		<Segment><SegStyle>cocr_contour_laser1</SegStyle><End><X>-1.657</X><Y>2.071</Y></End></Segment>
		<Segment><SegStyle>cocr_contour_laser1</SegStyle><End><X>-1.668</X><Y>2.145</Y></End></Segment>
		<Segment><SegStyle>cocr_contour_laser1</SegStyle><End><X>-1.657</X><Y>2.218</Y></End></Segment>
		<Segment><SegStyle>cocr_contour_laser1</SegStyle><End><X>-1.624</X><Y>2.286</Y></End></Segment>
		<Segment><SegStyle>cocr_contour_laser1</SegStyle><End><X>-1.574</X><Y>2.340</Y></End></Segment>
		<Segment><SegStyle>cocr_contour_laser1</SegStyle><End><X>-1.493</X><Y>2.381</Y></End></Segment>
		<Segment><SegStyle>cocr_contour_laser1</SegStyle><End><X>-1.437</X><Y>2.394</Y></End></Segment>
		<Segment><SegStyle>cocr_contour_laser1</SegStyle><End><X>-1.362</X><Y>2.388</Y></End></Segment>
		<Segment><SegStyle>cocr_contour_laser1</SegStyle><End><X>-1.293</X><Y>2.361</Y></End></Segment>
		<Segment><SegStyle>cocr_contour_laser1</SegStyle><End><X>-1.235</X><Y>2.315</Y></End></Segment>
		<Segment><SegStyle>cocr_contour_laser1</SegStyle><End><X>-1.193</X><Y>2.253</Y></End></Segment>
		<Segment><SegStyle>cocr_contour_laser1</SegStyle><End><X>-1.171</X><Y>2.182</Y></End></Segment>
		<Segment><SegStyle>cocr_contour_laser1</SegStyle><End><X>-1.171</X><Y>2.107</Y></End></Segment>
		<Segment><SegStyle>cocr_contour_laser1</SegStyle><End><X>-1.193</X><Y>2.036</Y></End></Segment>
		<Segment><SegStyle>cocr_contour_laser1</SegStyle><End><X>-1.235</X><Y>1.975</Y></End></Segment>
		<Segment><SegStyle>cocr_contour_laser1</SegStyle><End><X>-1.293</X><Y>1.928</Y></End></Segment>
		<Segment><SegStyle>cocr_contour_laser1</SegStyle><End><X>-1.362</X><Y>1.901</Y></End></Segment>
		<Segment><SegStyle>cocr_contour_laser1</SegStyle><End><X>-1.453</X><Y>1.899</Y></End></Segment>
		<Segment><SegStyle>cocr_contour_laser1</SegStyle><End><X>-1.509</X><Y>1.912</Y></End></Segment></Path>
	<Path>
		<Type>contour</Type>
		<Tag>cube_laser2_concurrent</Tag>
		<NumSegments>26</NumSegments>
		<SkyWritingMode>0</SkyWritingMode>
		<Start><X>-0.900</X><Y>4.640</Y></Start>
		<Segment><SegStyle>cocr_contour_laser2</SegStyle><End><X>-1.900</X><Y>4.640</Y></End></Segment>
		<Segment><SegStyle>cocr_contour_laser2</SegStyle><End><X>-1.900</X><Y>3.640</Y></End></Segment>
		<Segment><SegStyle>cocr_contour_laser2</SegStyle><End><X>-0.900</X><Y>3.640</Y></End></Segment>
		<Segment><SegStyle>cocr_contour_laser2</SegStyle><End><X>-0.900</X><Y>4.640</Y></End></Segment>
		<Segment><SegStyle>Auto-generated11</SegStyle><End><X>-1.509</X><Y>3.912</Y></End></Segment>
		<Segment><SegStyle>cocr_contour_laser2</SegStyle><End><X>-1.574</X><Y>3.949</Y></End></Segment>
		<Segment><SegStyle>cocr_contour_laser2</SegStyle><End><X>-1.624</X><Y>4.004</Y></End></Segment>
		<Segment><SegStyle>cocr_contour_laser2</SegStyle><End><X>-1.657</X><Y>4.071</Y></End></Segment>
		<Segment><SegStyle>cocr_contour_laser2</SegStyle><End><X>-1.668</X><Y>4.145</Y></End></Segment>
		<Segment><SegStyle>cocr_contour_laser2</SegStyle><End><X>-1.657</X><Y>4.218</Y></End></Segment>
		<Segment><SegStyle>cocr_contour_laser2</SegStyle><End><X>-1.624</X><Y>4.286</Y></End></Segment>
		<Segment><SegStyle>cocr_contour_laser2</SegStyle><End><X>-1.574</X><Y>4.340</Y></End></Segment>
		<Segment><SegStyle>cocr_contour_laser2</SegStyle><End><X>-1.493</X><Y>4.381</Y></End></Segment>
		<Segment><SegStyle>cocr_contour_laser2</SegStyle><End><X>-1.437</X><Y>4.394</Y></End></Segment>
		<Segment><SegStyle>cocr_contour_laser2</SegStyle><End><X>-1.362</X><Y>4.388</Y></End></Segment>
		<Segment><SegStyle>cocr_contour_laser2</SegStyle><End><X>-1.293</X><Y>4.361</Y></End></Segment>
		<Segment><SegStyle>cocr_contour_laser2</SegStyle><End><X>-1.235</X><Y>4.315</Y></End></Segment>
		<Segment><SegStyle>cocr_contour_laser2</SegStyle><End><X>-1.193</X><Y>4.253</Y></End></Segment>
		<Segment><SegStyle>cocr_contour_laser2</SegStyle><End><X>-1.171</X><Y>4.182</Y></End></Segment>
		<Segment><SegStyle>cocr_contour_laser2</SegStyle><End><X>-1.171</X><Y>4.107</Y></End></Segment>
		<Segment><SegStyle>cocr_contour_laser2</SegStyle><End><X>-1.193</X><Y>4.036</Y></End></Segment>
		<Segment><SegStyle>cocr_contour_laser2</SegStyle><End><X>-1.235</X><Y>3.975</Y></End></Segment>
		<Segment><SegStyle>cocr_contour_laser2</SegStyle><End><X>-1.293</X><Y>3.928</Y></End></Segment>
		<Segment><SegStyle>cocr_contour_laser2</SegStyle><End><X>-1.362</X><Y>3.901</Y></End></Segment>
		<Segment><SegStyle>cocr_contour_laser2</SegStyle><End><X>-1.453</X><Y>3.899</Y></End></Segment>
		<Segment><SegStyle>cocr_contour_laser2</SegStyle><End><X>-1.509</X><Y>3.912</Y></End></Segment></Path>
	<Path>
		<Type>contour</Type>
		<Tag>cube_laser1_sequential</Tag>
		<NumSegments>4</NumSegments>
		<SkyWritingMode>0</SkyWritingMode>
		<Start><X>5.000</X><Y>1.000</Y></Start>
		<Segment><SegStyle>cocr_contour_laser1</SegStyle><End><X>4.000</X><Y>1.000</Y></End></Segment>
		<Segment><SegStyle>cocr_contour_laser1</SegStyle><End><X>4.000</X><Y>0.000</Y></End></Segment>
		<Segment><SegStyle>cocr_contour_laser1</SegStyle><End><X>5.000</X><Y>0.000</Y></End></Segment>
		<Segment><SegStyle>cocr_contour_laser1</SegStyle><End><X>5.000</X><Y>1.000</Y></End></Segment></Path>
	<Path>
		<Type>contour</Type>
		<Tag>cube_laser2_sequential</Tag>
		<NumSegments>9</NumSegments>
		<SkyWritingMode>0</SkyWritingMode>
		<Start><X>5.000</X><Y>3.000</Y></Start>
		<Segment><SegStyle>cocr_contour_laser2</SegStyle><End><X>4.000</X><Y>3.000</Y></End></Segment>
		<Segment><SegStyle>cocr_contour_laser2</SegStyle><End><X>4.000</X><Y>2.000</Y></End></Segment>
		<Segment><SegStyle>cocr_contour_laser2</SegStyle><End><X>5.000</X><Y>2.000</Y></End></Segment>
		<Segment><SegStyle>cocr_contour_laser2</SegStyle><End><X>5.000</X><Y>3.000</Y></End></Segment>
		<Segment><SegStyle>Auto-generated14</SegStyle><End><X>5.000</X><Y>5.000</Y></End></Segment>
		<Segment><SegStyle>cocr_contour_laser2</SegStyle><End><X>4.000</X><Y>5.000</Y></End></Segment>
		<Segment><SegStyle>cocr_contour_laser2</SegStyle><End><X>4.000</X><Y>4.000</Y></End></Segment>
		<Segment><SegStyle>cocr_contour_laser2</SegStyle><End><X>5.000</X><Y>4.000</Y></End></Segment>
		<Segment><SegStyle>cocr_contour_laser2</SegStyle><End><X>5.000</X><Y>5.000</Y></End></Segment></Path></Trajectory>
<Trajectory>
	<TrajectoryID>3</TrajectoryID>
	<PathProcessingMode>concurrent</PathProcessingMode>
	<Path>
		<Type>hatch</Type>
		<Tag>cube_laser1_concurrent</Tag>
		<NumSegments>41</NumSegments>
		<SkyWritingMode>0</SkyWritingMode>
		<Start><X>-1.850</X><Y>2.572</Y></Start>
		<Segment><SegStyle>cocr_hatch_laser1</SegStyle><End><X>-0.950</X><Y>2.509</Y></End></Segment>
		<Segment><SegStyle>Auto-generated10</SegStyle><End><X>-0.950</X><Y>2.409</Y></End></Segment>
		<Segment><SegStyle>cocr_hatch_laser1</SegStyle><End><X>-1.348</X><Y>2.437</Y></End></Segment>
		<Segment><SegStyle>Auto-generated10</SegStyle><End><X>-1.850</X><Y>2.371</Y></End></Segment>
		<Segment><SegStyle>cocr_hatch_laser1</SegStyle><End><X>-1.627</X><Y>2.356</Y></End></Segment>
		<Segment><SegStyle>Auto-generated10</SegStyle><End><X>-1.850</X><Y>2.371</Y></End></Segment>
		<Segment><SegStyle>Auto-generated10</SegStyle><End><X>-0.950</X><Y>2.208</Y></End></Segment>
		<Segment><SegStyle>cocr_hatch_laser1</SegStyle><End><X>-1.130</X><Y>2.221</Y></End></Segment>
		<Segment><SegStyle>Auto-generated10</SegStyle><End><X>-1.850</X><Y>2.171</Y></End></Segment>
		<Segment><SegStyle>cocr_hatch_laser1</SegStyle><End><X>-1.716</X><Y>2.162</Y></End></Segment>
		<Segment><SegStyle>Auto-generated10</SegStyle><End><X>-1.850</X><Y>2.171</Y></End></Segment>
		<Segment><SegStyle>Auto-generated10</SegStyle><End><X>-0.950</X><Y>2.008</Y></End></Segment>
		<Segment><SegStyle>cocr_hatch_laser1</SegStyle><End><X>-1.145</X><Y>2.021</Y></End></Segment>
		<Segment><SegStyle>Auto-generated10</SegStyle><End><X>-1.850</X><Y>1.970</Y></End></Segment>
		<Segment><SegStyle>cocr_hatch_laser1</SegStyle><End><X>-1.649</X><Y>1.956</Y></End></Segment>
		<Segment><SegStyle>Auto-generated10</SegStyle><End><X>-1.850</X><Y>1.970</Y></End></Segment>
		<Segment><SegStyle>Auto-generated10</SegStyle><End><X>-1.445</X><Y>2.443</Y></End></Segment>
		<Segment><SegStyle>Auto-generated10</SegStyle><End><X>-0.950</X><Y>2.409</Y></End></Segment>
		<Segment><SegStyle>cocr_hatch_laser1</SegStyle><End><X>-1.348</X><Y>2.437</Y></End></Segment>
		<Segment><SegStyle>Auto-generated10</SegStyle><End><X>-1.445</X><Y>2.443</Y></End></Segment>
		<Segment><SegStyle>cocr_hatch_laser1</SegStyle><End><X>-1.850</X><Y>2.472</Y></End></Segment>
		<Segment><SegStyle>Auto-generated10</SegStyle><End><X>-1.181</X><Y>2.325</Y></End></Segment>
		<Segment><SegStyle>cocr_hatch_laser1</SegStyle><End><X>-0.950</X><Y>2.308</Y></End></Segment>
		<Segment><SegStyle>Auto-generated10</SegStyle><End><X>-1.181</X><Y>2.325</Y></End></Segment>
		<Segment><SegStyle>Auto-generated10</SegStyle><End><X>-1.692</X><Y>2.260</Y></End></Segment>
		<Segment><SegStyle>cocr_hatch_laser1</SegStyle><End><X>-1.850</X><Y>2.271</Y></End></Segment>
		<Segment><SegStyle>Auto-generated10</SegStyle><End><X>-1.121</X><Y>2.120</Y></End></Segment>
		<Segment><SegStyle>cocr_hatch_laser1</SegStyle><End><X>-0.950</X><Y>2.108</Y></End></Segment>
		<Segment><SegStyle>Auto-generated10</SegStyle><End><X>-1.121</X><Y>2.120</Y></End></Segment>
		<Segment><SegStyle>Auto-generated10</SegStyle><End><X>-1.706</X><Y>2.061</Y></End></Segment>
		<Segment><SegStyle>cocr_hatch_laser1</SegStyle><End><X>-1.850</X><Y>2.071</Y></End></Segment>
		<Segment><SegStyle>Auto-generated10</SegStyle><End><X>-1.215</X><Y>1.926</Y></End></Segment>
		<Segment><SegStyle>cocr_hatch_laser1</SegStyle><End><X>-0.950</X><Y>1.908</Y></End></Segment>
		<Segment><SegStyle>Auto-generated10</SegStyle><End><X>-1.215</X><Y>1.926</Y></End></Segment>
		<Segment><SegStyle>Auto-generated10</SegStyle><End><X>-0.950</X><Y>1.807</Y></End></Segment>
		<Segment><SegStyle>cocr_hatch_laser1</SegStyle><End><X>-1.850</X><Y>1.870</Y></End></Segment>
		<Segment><SegStyle>Auto-generated10</SegStyle><End><X>-1.850</X><Y>1.770</Y></End></Segment>
		<Segment><SegStyle>cocr_hatch_laser1</SegStyle><End><X>-0.950</X><Y>1.707</Y></End></Segment>
		<Segment><SegStyle>Auto-generated10</SegStyle><End><X>-0.950</X><Y>1.807</Y></End></Segment>
		<Segment><SegStyle>cocr_hatch_laser1</SegStyle><End><X>-1.850</X><Y>1.870</Y></End></Segment>
		<Segment><SegStyle>Auto-generated10</SegStyle><End><X>-1.850</X><Y>1.770</Y></End></Segment></Path>
	<Path>
		<Type>hatch</Type>
		<Tag>cube_laser2_concurrent</Tag>
		<NumSegments>45</NumSegments>
		<SkyWritingMode>0</SkyWritingMode>
		<Start><X>-1.139</X><Y>3.690</Y></Start>
		<Segment><SegStyle>cocr_hatch_laser2</SegStyle><End><X>-0.950</X><Y>3.723</Y></End></Segment>
		<Segment><SegStyle>Auto-generated11</SegStyle><End><X>-0.950</X><Y>3.825</Y></End></Segment>
		<Segment><SegStyle>cocr_hatch_laser2</SegStyle><End><X>-1.715</X><Y>3.690</Y></End></Segment>
		<Segment><SegStyle>Auto-generated11</SegStyle><End><X>-1.850</X><Y>3.768</Y></End></Segment>
		<Segment><SegStyle>cocr_hatch_laser2</SegStyle><End><X>-1.380</X><Y>3.851</Y></End></Segment>
		<Segment><SegStyle>Auto-generated11</SegStyle><End><X>-0.950</X><Y>4.028</Y></End></Segment>
		<Segment><SegStyle>cocr_hatch_laser2</SegStyle><End><X>-1.163</X><Y>3.990</Y></End></Segment>
		<Segment><SegStyle>Auto-generated11</SegStyle><End><X>-1.850</X><Y>3.971</Y></End></Segment>
		<Segment><SegStyle>cocr_hatch_laser2</SegStyle><End><X>-1.679</X><Y>4.001</Y></End></Segment>
		<Segment><SegStyle>Auto-generated11</SegStyle><End><X>-1.850</X><Y>3.971</Y></End></Segment>
		<Segment><SegStyle>Auto-generated11</SegStyle><End><X>-0.950</X><Y>4.231</Y></End></Segment>
		<Segment><SegStyle>cocr_hatch_laser2</SegStyle><End><X>-1.124</X><Y>4.200</Y></End></Segment>
		<Segment><SegStyle>Auto-generated11</SegStyle><End><X>-1.850</X><Y>4.174</Y></End></Segment>
		<Segment><SegStyle>cocr_hatch_laser2</SegStyle><End><X>-1.710</X><Y>4.199</Y></End></Segment>
		<Segment><SegStyle>Auto-generated11</SegStyle><End><X>-1.850</X><Y>4.174</Y></End></Segment>
		<Segment><SegStyle>Auto-generated11</SegStyle><End><X>-0.950</X><Y>4.434</Y></End></Segment>
		<Segment><SegStyle>cocr_hatch_laser2</SegStyle><End><X>-1.240</X><Y>4.383</Y></End></Segment>
		<Segment><SegStyle>Auto-generated11</SegStyle><End><X>-1.332</X><Y>3.859</Y></End></Segment>
		<Segment><SegStyle>Auto-generated11</SegStyle><End><X>-1.850</X><Y>3.768</Y></End></Segment>
		<Segment><SegStyle>cocr_hatch_laser2</SegStyle><End><X>-1.380</X><Y>3.851</Y></End></Segment>
		<Segment><SegStyle>Auto-generated11</SegStyle><End><X>-1.332</X><Y>3.859</Y></End></Segment>
		<Segment><SegStyle>cocr_hatch_laser2</SegStyle><End><X>-0.950</X><Y>3.926</Y></End></Segment>
		<Segment><SegStyle>Auto-generated11</SegStyle><End><X>-1.607</X><Y>3.912</Y></End></Segment>
		<Segment><SegStyle>cocr_hatch_laser2</SegStyle><End><X>-1.850</X><Y>3.869</Y></End></Segment>
		<Segment><SegStyle>Auto-generated11</SegStyle><End><X>-1.121</X><Y>4.099</Y></End></Segment>
		<Segment><SegStyle>cocr_hatch_laser2</SegStyle><End><X>-0.950</X><Y>4.130</Y></End></Segment>
		<Segment><SegStyle>Auto-generated11</SegStyle><End><X>-1.121</X><Y>4.099</Y></End></Segment>
		<Segment><SegStyle>Auto-generated11</SegStyle><End><X>-1.711</X><Y>4.097</Y></End></Segment>
		<Segment><SegStyle>cocr_hatch_laser2</SegStyle><End><X>-1.850</X><Y>4.072</Y></End></Segment>
		<Segment><SegStyle>Auto-generated11</SegStyle><End><X>-1.161</X><Y>4.295</Y></End></Segment>
		<Segment><SegStyle>cocr_hatch_laser2</SegStyle><End><X>-0.950</X><Y>4.333</Y></End></Segment>
		<Segment><SegStyle>Auto-generated11</SegStyle><End><X>-1.161</X><Y>4.295</Y></End></Segment>
		<Segment><SegStyle>Auto-generated11</SegStyle><End><X>-1.670</X><Y>4.307</Y></End></Segment>
		<Segment><SegStyle>cocr_hatch_laser2</SegStyle><End><X>-1.850</X><Y>4.275</Y></End></Segment>
		<Segment><SegStyle>Auto-generated11</SegStyle><End><X>-1.850</X><Y>4.377</Y></End></Segment>
		<Segment><SegStyle>cocr_hatch_laser2</SegStyle><End><X>-0.950</X><Y>4.536</Y></End></Segment>
		<Segment><SegStyle>Auto-generated11</SegStyle><End><X>-1.218</X><Y>4.590</Y></End></Segment>
		<Segment><SegStyle>cocr_hatch_laser2</SegStyle><End><X>-1.850</X><Y>4.479</Y></End></Segment>
		<Segment><SegStyle>Auto-generated11</SegStyle><End><X>-1.850</X><Y>4.580</Y></End></Segment>
		<Segment><SegStyle>cocr_hatch_laser2</SegStyle><End><X>-1.794</X><Y>4.590</Y></End></Segment>
		<Segment><SegStyle>Auto-generated11</SegStyle><End><X>-1.850</X><Y>4.377</Y></End></Segment>
		<Segment><SegStyle>cocr_hatch_laser2</SegStyle><End><X>-0.950</X><Y>4.536</Y></End></Segment>
		<Segment><SegStyle>Auto-generated11</SegStyle><End><X>-1.218</X><Y>4.590</Y></End></Segment>
		<Segment><SegStyle>cocr_hatch_laser2</SegStyle><End><X>-1.850</X><Y>4.479</Y></End></Segment>
		<Segment><SegStyle>Auto-generated11</SegStyle><End><X>-1.850</X><Y>4.580</Y></End></Segment></Path></Trajectory>
<Trajectory>
	<TrajectoryID>2</TrajectoryID>
	<PathProcessingMode>concurrent</PathProcessingMode>
	<Path>
		<Type>contour</Type>
		<Tag>supports</Tag>
		<NumSegments>26</NumSegments>
		<SkyWritingMode>0</SkyWritingMode>
		<Start><X>-0.900</X><Y>0.640</Y></Start>
		<Segment><SegStyle>cocr_support</SegStyle><End><X>-1.900</X><Y>0.640</Y></End></Segment>
		<Segment><SegStyle>cocr_support</SegStyle><End><X>-1.900</X><Y>-0.360</Y></End></Segment>
		<Segment><SegStyle>cocr_support</SegStyle><End><X>-0.900</X><Y>-0.360</Y></End></Segment>
		<Segment><SegStyle>cocr_support</SegStyle><End><X>-0.900</X><Y>0.640</Y></End></Segment>
		<Segment><SegStyle>Auto-generated9</SegStyle><End><X>-1.509</X><Y>-0.088</Y></End></Segment>
		<Segment><SegStyle>cocr_support</SegStyle><End><X>-1.574</X><Y>-0.051</Y></End></Segment>
		<Segment><SegStyle>cocr_support</SegStyle><End><X>-1.624</X><Y>0.004</Y></End></Segment>
		<Segment><SegStyle>cocr_support</SegStyle><End><X>-1.657</X><Y>0.071</Y></End></Segment>
		<Segment><SegStyle>cocr_support</SegStyle><End><X>-1.668</X><Y>0.145</Y></End></Segment>
		<Segment><SegStyle>cocr_support</SegStyle><End><X>-1.657</X><Y>0.218</Y></End></Segment>
		<Segment><SegStyle>cocr_support</SegStyle><End><X>-1.624</X><Y>0.286</Y></End></Segment>
		<Segment><SegStyle>cocr_support</SegStyle><End><X>-1.574</X><Y>0.340</Y></End></Segment>
		<Segment><SegStyle>cocr_support</SegStyle><End><X>-1.493</X><Y>0.381</Y></End></Segment>
		<Segment><SegStyle>cocr_support</SegStyle><End><X>-1.437</X><Y>0.394</Y></End></Segment>
		<Segment><SegStyle>cocr_support</SegStyle><End><X>-1.362</X><Y>0.388</Y></End></Segment>
		<Segment><SegStyle>cocr_support</SegStyle><End><X>-1.293</X><Y>0.361</Y></End></Segment>
		<Segment><SegStyle>cocr_support</SegStyle><End><X>-1.235</X><Y>0.315</Y></End></Segment>
		<Segment><SegStyle>cocr_support</SegStyle><End><X>-1.193</X><Y>0.253</Y></End></Segment>
		<Segment><SegStyle>cocr_support</SegStyle><End><X>-1.171</X><Y>0.182</Y></End></Segment>
		<Segment><SegStyle>cocr_support</SegStyle><End><X>-1.171</X><Y>0.107</Y></End></Segment>
		<Segment><SegStyle>cocr_support</SegStyle><End><X>-1.193</X><Y>0.036</Y></End></Segment>
		<Segment><SegStyle>cocr_support</SegStyle><End><X>-1.235</X><Y>-0.025</Y></End></Segment>
		<Segment><SegStyle>cocr_support</SegStyle><End><X>-1.293</X><Y>-0.072</Y></End></Segment>
		<Segment><SegStyle>cocr_support</SegStyle><End><X>-1.362</X><Y>-0.099</Y></End></Segment>
		<Segment><SegStyle>cocr_support</SegStyle><End><X>-1.453</X><Y>-0.101</Y></End></Segment>
		<Segment><SegStyle>cocr_support</SegStyle><End><X>-1.509</X><Y>-0.088</Y></End></Segment></Path>
	<Path>
		<Type>contour</Type>
		<Tag>supports</Tag>
		<NumSegments>26</NumSegments>
		<SkyWritingMode>0</SkyWritingMode>
		<Start><X>-0.950</X><Y>0.590</Y></Start>
		<Segment><SegStyle>cocr_support</SegStyle><End><X>-1.850</X><Y>0.590</Y></End></Segment>
		<Segment><SegStyle>cocr_support</SegStyle><End><X>-1.850</X><Y>-0.310</Y></End></Segment>
		<Segment><SegStyle>cocr_support</SegStyle><End><X>-0.950</X><Y>-0.310</Y></End></Segment>
		<Segment><SegStyle>cocr_support</SegStyle><End><X>-0.950</X><Y>0.590</Y></End></Segment>
		<Segment><SegStyle>Auto-generated9</SegStyle><End><X>-1.528</X><Y>-0.135</Y></End></Segment>
		<Segment><SegStyle>cocr_support</SegStyle><End><X>-1.605</X><Y>-0.090</Y></End></Segment>
		<Segment><SegStyle>cocr_support</SegStyle><End><X>-1.666</X><Y>-0.025</Y></End></Segment>
		<Segment><SegStyle>cocr_support</SegStyle><End><X>-1.705</X><Y>0.056</Y></End></Segment>
		<Segment><SegStyle>cocr_support</SegStyle><End><X>-1.718</X><Y>0.145</Y></End></Segment>
		<Segment><SegStyle>cocr_support</SegStyle><End><X>-1.705</X><Y>0.233</Y></End></Segment>
		<Segment><SegStyle>cocr_support</SegStyle><End><X>-1.666</X><Y>0.314</Y></End></Segment>
		<Segment><SegStyle>cocr_support</SegStyle><End><X>-1.604</X><Y>0.381</Y></End></Segment>
		<Segment><SegStyle>cocr_support</SegStyle><End><X>-1.510</X><Y>0.429</Y></End></Segment>
		<Segment><SegStyle>cocr_support</SegStyle><End><X>-1.440</X><Y>0.444</Y></End></Segment>
		<Segment><SegStyle>cocr_support</SegStyle><End><X>-1.351</X><Y>0.438</Y></End></Segment>
		<Segment><SegStyle>cocr_support</SegStyle><End><X>-1.268</X><Y>0.405</Y></End></Segment>
		<Segment><SegStyle>cocr_support</SegStyle><End><X>-1.198</X><Y>0.349</Y></End></Segment>
		<Segment><SegStyle>cocr_support</SegStyle><End><X>-1.147</X><Y>0.275</Y></End></Segment>
		<Segment><SegStyle>cocr_support</SegStyle><End><X>-1.121</X><Y>0.190</Y></End></Segment>
		<Segment><SegStyle>cocr_support</SegStyle><End><X>-1.121</X><Y>0.100</Y></End></Segment>
		<Segment><SegStyle>cocr_support</SegStyle><End><X>-1.147</X><Y>0.014</Y></End></Segment>
		<Segment><SegStyle>cocr_support</SegStyle><End><X>-1.198</X><Y>-0.060</Y></End></Segment>
		<Segment><SegStyle>cocr_support</SegStyle><End><X>-1.268</X><Y>-0.116</Y></End></Segment>
		<Segment><SegStyle>cocr_support</SegStyle><End><X>-1.352</X><Y>-0.149</Y></End></Segment>
		<Segment><SegStyle>cocr_support</SegStyle><End><X>-1.458</X><Y>-0.151</Y></End></Segment>
		<Segment><SegStyle>cocr_support</SegStyle><End><X>-1.528</X><Y>-0.135</Y></End></Segment></Path>
	<Path>
		<Type>contour</Type>
		<Tag>supports</Tag>
		<NumSegments>26</NumSegments>
		<SkyWritingMode>0</SkyWritingMode>
		<Start><X>-1.000</X><Y>0.540</Y></Start>
		<Segment><SegStyle>cocr_support</SegStyle><End><X>-1.800</X><Y>0.540</Y></End></Segment>
		<Segment><SegStyle>cocr_support</SegStyle><End><X>-1.800</X><Y>-0.260</Y></End></Segment>
		<Segment><SegStyle>cocr_support</SegStyle><End><X>-1.000</X><Y>-0.260</Y></End></Segment>
		<Segment><SegStyle>cocr_support</SegStyle><End><X>-1.000</X><Y>0.540</Y></End></Segment>
		<Segment><SegStyle>Auto-generated9</SegStyle><End><X>-1.546</X><Y>-0.182</Y></End></Segment>
		<Segment><SegStyle>cocr_support</SegStyle><End><X>-1.637</X><Y>-0.130</Y></End></Segment>
		<Segment><SegStyle>cocr_support</SegStyle><End><X>-1.708</X><Y>-0.053</Y></End></Segment>
		<Segment><SegStyle>cocr_support</SegStyle><End><X>-1.753</X><Y>0.041</Y></End></Segment>
		<Segment><SegStyle>cocr_support</SegStyle><End><X>-1.769</X><Y>0.145</Y></End></Segment>
		<Segment><SegStyle>cocr_support</SegStyle><End><X>-1.753</X><Y>0.248</Y></End></Segment>
		<Segment><SegStyle>cocr_support</SegStyle><End><X>-1.708</X><Y>0.343</Y></End></Segment>
		<Segment><SegStyle>cocr_support</SegStyle><End><X>-1.635</X><Y>0.421</Y></End></Segment>
		<Segment><SegStyle>cocr_support</SegStyle><End><X>-1.527</X><Y>0.476</Y></End></Segment>
		<Segment><SegStyle>cocr_support</SegStyle><End><X>-1.444</X><Y>0.495</Y></End></Segment>
		<Segment><SegStyle>cocr_support</SegStyle><End><X>-1.340</X><Y>0.487</Y></End></Segment>
		<Segment><SegStyle>cocr_support</SegStyle><End><X>-1.242</X><Y>0.449</Y></End></Segment>
		<Segment><SegStyle>cocr_support</SegStyle><End><X>-1.161</X><Y>0.384</Y></End></Segment>
		<Segment><SegStyle>cocr_support</SegStyle><End><X>-1.102</X><Y>0.297</Y></End></Segment>
		<Segment><SegStyle>cocr_support</SegStyle><End><X>-1.071</X><Y>0.197</Y></End></Segment>
		<Segment><SegStyle>cocr_support</SegStyle><End><X>-1.071</X><Y>0.092</Y></End></Segment>
		<Segment><SegStyle>cocr_support</SegStyle><End><X>-1.102</X><Y>-0.008</Y></End></Segment>
		<Segment><SegStyle>cocr_support</SegStyle><End><X>-1.161</X><Y>-0.094</Y></End></Segment>
		<Segment><SegStyle>cocr_support</SegStyle><End><X>-1.242</X><Y>-0.159</Y></End></Segment>
		<Segment><SegStyle>cocr_support</SegStyle><End><X>-1.342</X><Y>-0.199</Y></End></Segment>
		<Segment><SegStyle>cocr_support</SegStyle><End><X>-1.463</X><Y>-0.201</Y></End></Segment>
		<Segment><SegStyle>cocr_support</SegStyle><End><X>-1.546</X><Y>-0.182</Y></End></Segment></Path></Trajectory>
<Trajectory>
	<TrajectoryID>9999</TrajectoryID>
	<PathProcessingMode>sequential</PathProcessingMode></Trajectory>
<Trajectory>
	<TrajectoryID>5</TrajectoryID>
	<PathProcessingMode>sequential</PathProcessingMode>
	<Path>
		<Type>hatch</Type>
		<Tag>cube_laser1_sequential</Tag>
		<NumSegments>56</NumSegments>
		<SkyWritingMode>0</SkyWritingMode>
		<Start><X>4.912</X><Y>0.050</Y></Start>
		<Segment><SegStyle>cocr_hatch_laser1</SegStyle><End><X>4.950</X><Y>0.141</Y></End></Segment>
		<Segment><SegStyle>Auto-generated13</SegStyle><End><X>4.950</X><Y>0.402</Y></End></Segment>
		<Segment><SegStyle>cocr_hatch_laser1</SegStyle><End><X>4.804</X><Y>0.050</Y></End></Segment>
		<Segment><SegStyle>Auto-generated13</SegStyle><End><X>4.696</X><Y>0.050</Y></End></Segment>
		<Segment><SegStyle>cocr_hatch_laser1</SegStyle><End><X>4.950</X><Y>0.663</Y></End></Segment>
		<Segment><SegStyle>Auto-generated13</SegStyle><End><X>4.696</X><Y>0.050</Y></End></Segment>
		<Segment><SegStyle>Auto-generated13</SegStyle><End><X>4.950</X><Y>0.925</Y></End></Segment>
		<Segment><SegStyle>cocr_hatch_laser1</SegStyle><End><X>4.588</X><Y>0.050</Y></End></Segment>
		<Segment><SegStyle>Auto-generated13</SegStyle><End><X>4.480</X><Y>0.050</Y></End></Segment>
		<Segment><SegStyle>cocr_hatch_laser1</SegStyle><End><X>4.852</X><Y>0.950</Y></End></Segment>
		<Segment><SegStyle>Auto-generated13</SegStyle><End><X>4.480</X><Y>0.050</Y></End></Segment>
		<Segment><SegStyle>Auto-generated13</SegStyle><End><X>4.744</X><Y>0.950</Y></End></Segment>
		<Segment><SegStyle>cocr_hatch_laser1</SegStyle><End><X>4.371</X><Y>0.050</Y></End></Segment>
		<Segment><SegStyle>Auto-generated13</SegStyle><End><X>4.263</X><Y>0.050</Y></End></Segment>
		<Segment><SegStyle>cocr_hatch_laser1</SegStyle><End><X>4.636</X><Y>0.950</Y></End></Segment>
		<Segment><SegStyle>Auto-generated13</SegStyle><End><X>4.263</X><Y>0.050</Y></End></Segment>
		<Segment><SegStyle>Auto-generated13</SegStyle><End><X>4.528</X><Y>0.950</Y></End></Segment>
		<Segment><SegStyle>cocr_hatch_laser1</SegStyle><End><X>4.155</X><Y>0.050</Y></End></Segment>
		<Segment><SegStyle>Auto-generated13</SegStyle><End><X>4.050</X><Y>0.058</Y></End></Segment>
		<Segment><SegStyle>cocr_hatch_laser1</SegStyle><End><X>4.419</X><Y>0.950</Y></End></Segment>
		<Segment><SegStyle>Auto-generated13</SegStyle><End><X>4.050</X><Y>0.058</Y></End></Segment>
		<Segment><SegStyle>Auto-generated13</SegStyle><End><X>4.311</X><Y>0.950</Y></End></Segment>
		<Segment><SegStyle>cocr_hatch_laser1</SegStyle><End><X>4.050</X><Y>0.320</Y></End></Segment>
		<Segment><SegStyle>Auto-generated13</SegStyle><End><X>4.050</X><Y>0.581</Y></End></Segment>
		<Segment><SegStyle>cocr_hatch_laser1</SegStyle><End><X>4.203</X><Y>0.950</Y></End></Segment>
		<Segment><SegStyle>Auto-generated13</SegStyle><End><X>4.050</X><Y>0.581</Y></End></Segment>
		<Segment><SegStyle>Auto-generated13</SegStyle><End><X>4.095</X><Y>0.950</Y></End></Segment>
		<Segment><SegStyle>cocr_hatch_laser1</SegStyle><End><X>4.050</X><Y>0.842</Y></End></Segment>
		<Segment><SegStyle>Auto-generated13</SegStyle><End><X>4.912</X><Y>0.050</Y></End></Segment>
		<Segment><SegStyle>cocr_hatch_laser1</SegStyle><End><X>4.950</X><Y>0.141</Y></End></Segment>
		<Segment><SegStyle>Auto-generated13</SegStyle><End><X>4.950</X><Y>0.402</Y></End></Segment>
		<Segment><SegStyle>cocr_hatch_laser1</SegStyle><End><X>4.804</X><Y>0.050</Y></End></Segment>
		<Segment><SegStyle>Auto-generated13</SegStyle><End><X>4.696</X><Y>0.050</Y></End></Segment>
		<Segment><SegStyle>cocr_hatch_laser1</SegStyle><End><X>4.950</X><Y>0.663</Y></End></Segment>
		<Segment><SegStyle>Auto-generated13</SegStyle><End><X>4.696</X><Y>0.050</Y></End></Segment>
		<Segment><SegStyle>Auto-generated13</SegStyle><End><X>4.950</X><Y>0.925</Y></End></Segment>
		<Segment><SegStyle>cocr_hatch_laser1</SegStyle><End><X>4.588</X><Y>0.050</Y></End></Segment>
		<Segment><SegStyle>Auto-generated13</SegStyle><End><X>4.480</X><Y>0.050</Y></End></Segment>
		<Segment><SegStyle>cocr_hatch_laser1</SegStyle><End><X>4.852</X><Y>0.950</Y></End></Segment>
		<Segment><SegStyle>Auto-generated13</SegStyle><End><X>4.480</X><Y>0.050</Y></End></Segment>
		<Segment><SegStyle>Auto-generated13</SegStyle><End><X>4.744</X><Y>0.950</Y></End></Segment>
		<Segment><SegStyle>cocr_hatch_laser1</SegStyle><End><X>4.371</X><Y>0.050</Y></End></Segment>
		<Segment><SegStyle>Auto-generated13</SegStyle><End><X>4.263</X><Y>0.050</Y></End></Segment>
		<Segment><SegStyle>cocr_hatch_laser1</SegStyle><End><X>4.636</X><Y>0.950</Y></End></Segment>
		<Segment><SegStyle>Auto-generated13</SegStyle><End><X>4.263</X><Y>0.050</Y></End></Segment>
		<Segment><SegStyle>Auto-generated13</SegStyle><End><X>4.528</X><Y>0.950</Y></End></Segment>
		<Segment><SegStyle>cocr_hatch_laser1</SegStyle><End><X>4.155</X><Y>0.050</Y></End></Segment>
		<Segment><SegStyle>Auto-generated13</SegStyle><End><X>4.050</X><Y>0.058</Y></End></Segment>
		<Segment><SegStyle>cocr_hatch_laser1</SegStyle><End><X>4.419</X><Y>0.950</Y></End></Segment>
		<Segment><SegStyle>Auto-generated13</SegStyle><End><X>4.050</X><Y>0.058</Y></End></Segment>
		<Segment><SegStyle>Auto-generated13</SegStyle><End><X>4.311</X><Y>0.950</Y></End></Segment>
		<Segment><SegStyle>cocr_hatch_laser1</SegStyle><End><X>4.050</X><Y>0.320</Y></End></Segment>
		<Segment><SegStyle>Auto-generated13</SegStyle><End><X>4.050</X><Y>0.581</Y></End></Segment>
		<Segment><SegStyle>cocr_hatch_laser1</SegStyle><End><X>4.203</X><Y>0.950</Y></End></Segment>
		<Segment><SegStyle>Auto-generated13</SegStyle><End><X>4.050</X><Y>0.581</Y></End></Segment>
		<Segment><SegStyle>Auto-generated13</SegStyle><End><X>4.095</X><Y>0.950</Y></End></Segment></Path>
	<Path>
		<Type>hatch</Type>
		<Tag>cube_laser2_sequential</Tag>
		<NumSegments>89</NumSegments>
		<SkyWritingMode>0</SkyWritingMode>
		<Start><X>4.050</X><Y>4.836</Y></Start>
		<Segment><SegStyle>cocr_hatch_laser2</SegStyle><End><X>4.196</X><Y>4.950</Y></End></Segment>
		<Segment><SegStyle>Auto-generated14</SegStyle><End><X>4.359</X><Y>4.950</Y></End></Segment>
		<Segment><SegStyle>cocr_hatch_laser2</SegStyle><End><X>4.050</X><Y>4.710</Y></End></Segment>
		<Segment><SegStyle>Auto-generated14</SegStyle><End><X>4.050</X><Y>4.583</Y></End></Segment>
		<Segment><SegStyle>cocr_hatch_laser2</SegStyle><End><X>4.521</X><Y>4.950</Y></End></Segment>
		<Segment><SegStyle>Auto-generated14</SegStyle><End><X>4.050</X><Y>4.583</Y></End></Segment>
		<Segment><SegStyle>Auto-generated14</SegStyle><End><X>4.684</X><Y>4.950</Y></End></Segment>
		<Segment><SegStyle>cocr_hatch_laser2</SegStyle><End><X>4.050</X><Y>4.456</Y></End></Segment>
		<Segment><SegStyle>Auto-generated14</SegStyle><End><X>4.050</X><Y>4.330</Y></End></Segment>
		<Segment><SegStyle>cocr_hatch_laser2</SegStyle><End><X>4.847</X><Y>4.950</Y></End></Segment>
		<Segment><SegStyle>Auto-generated14</SegStyle><End><X>4.050</X><Y>4.330</Y></End></Segment>
		<Segment><SegStyle>Auto-generated14</SegStyle><End><X>4.950</X><Y>4.903</Y></End></Segment>
		<Segment><SegStyle>cocr_hatch_laser2</SegStyle><End><X>4.050</X><Y>4.203</Y></End></Segment>
		<Segment><SegStyle>Auto-generated14</SegStyle><End><X>4.050</X><Y>4.076</Y></End></Segment>
		<Segment><SegStyle>cocr_hatch_laser2</SegStyle><End><X>4.950</X><Y>4.777</Y></End></Segment>
		<Segment><SegStyle>Auto-generated14</SegStyle><End><X>4.050</X><Y>4.076</Y></End></Segment>
		<Segment><SegStyle>Auto-generated14</SegStyle><End><X>4.950</X><Y>4.650</Y></End></Segment>
		<Segment><SegStyle>cocr_hatch_laser2</SegStyle><End><X>4.179</X><Y>4.050</Y></End></Segment>
		<Segment><SegStyle>Auto-generated14</SegStyle><End><X>4.342</X><Y>4.050</Y></End></Segment>
		<Segment><SegStyle>cocr_hatch_laser2</SegStyle><End><X>4.950</X><Y>4.523</Y></End></Segment>
		<Segment><SegStyle>Auto-generated14</SegStyle><End><X>4.342</X><Y>4.050</Y></End></Segment>
		<Segment><SegStyle>Auto-generated14</SegStyle><End><X>4.950</X><Y>4.396</Y></End></Segment>
		<Segment><SegStyle>cocr_hatch_laser2</SegStyle><End><X>4.505</X><Y>4.050</Y></End></Segment>
		<Segment><SegStyle>Auto-generated14</SegStyle><End><X>4.668</X><Y>4.050</Y></End></Segment>
		<Segment><SegStyle>cocr_hatch_laser2</SegStyle><End><X>4.950</X><Y>4.270</Y></End></Segment>
		<Segment><SegStyle>Auto-generated14</SegStyle><End><X>4.668</X><Y>4.050</Y></End></Segment>
		<Segment><SegStyle>Auto-generated14</SegStyle><End><X>4.950</X><Y>4.143</Y></End></Segment>
		<Segment><SegStyle>cocr_hatch_laser2</SegStyle><End><X>4.830</X><Y>4.050</Y></End></Segment>
		<Segment><SegStyle>Auto-generated14</SegStyle><End><X>4.050</X><Y>2.935</Y></End></Segment>
		<Segment><SegStyle>cocr_hatch_laser2</SegStyle><End><X>4.069</X><Y>2.950</Y></End></Segment>
		<Segment><SegStyle>Auto-generated14</SegStyle><End><X>4.231</X><Y>2.950</Y></End></Segment>
		<Segment><SegStyle>cocr_hatch_laser2</SegStyle><End><X>4.050</X><Y>2.809</Y></End></Segment>
		<Segment><SegStyle>Auto-generated14</SegStyle><End><X>4.050</X><Y>2.682</Y></End></Segment>
		<Segment><SegStyle>cocr_hatch_laser2</SegStyle><End><X>4.394</X><Y>2.950</Y></End></Segment>
		<Segment><SegStyle>Auto-generated14</SegStyle><End><X>4.050</X><Y>2.682</Y></End></Segment>
		<Segment><SegStyle>Auto-generated14</SegStyle><End><X>4.557</X><Y>2.950</Y></End></Segment>
		<Segment><SegStyle>cocr_hatch_laser2</SegStyle><End><X>4.050</X><Y>2.555</Y></End></Segment>
		<Segment><SegStyle>Auto-generated14</SegStyle><End><X>4.050</X><Y>2.429</Y></End></Segment>
		<Segment><SegStyle>cocr_hatch_laser2</SegStyle><End><X>4.720</X><Y>2.950</Y></End></Segment>
		<Segment><SegStyle>Auto-generated14</SegStyle><End><X>4.050</X><Y>2.429</Y></End></Segment>
		<Segment><SegStyle>Auto-generated14</SegStyle><End><X>4.883</X><Y>2.950</Y></End></Segment>
		<Segment><SegStyle>cocr_hatch_laser2</SegStyle><End><X>4.050</X><Y>2.302</Y></End></Segment>
		<Segment><SegStyle>Auto-generated14</SegStyle><End><X>4.050</X><Y>2.175</Y></End></Segment>
		<Segment><SegStyle>cocr_hatch_laser2</SegStyle><End><X>4.950</X><Y>2.876</Y></End></Segment>
		<Segment><SegStyle>Auto-generated14</SegStyle><End><X>4.050</X><Y>2.175</Y></End></Segment>
		<Segment><SegStyle>Auto-generated14</SegStyle><End><X>4.950</X><Y>2.749</Y></End></Segment>
		<Segment><SegStyle>cocr_hatch_laser2</SegStyle><End><X>4.052</X><Y>2.050</Y></End></Segment>
		<Segment><SegStyle>Auto-generated14</SegStyle><End><X>4.215</X><Y>2.050</Y></End></Segment>
		<Segment><SegStyle>cocr_hatch_laser2</SegStyle><End><X>4.950</X><Y>2.622</Y></End></Segment>
		<Segment><SegStyle>Auto-generated14</SegStyle><End><X>4.215</X><Y>2.050</Y></End></Segment>
		<Segment><SegStyle>Auto-generated14</SegStyle><End><X>4.950</X><Y>2.496</Y></End></Segment>
		<Segment><SegStyle>cocr_hatch_laser2</SegStyle><End><X>4.378</X><Y>2.050</Y></End></Segment>
		<Segment><SegStyle>Auto-generated14</SegStyle><End><X>4.540</X><Y>2.050</Y></End></Segment>
		<Segment><SegStyle>cocr_hatch_laser2</SegStyle><End><X>4.950</X><Y>2.369</Y></End></Segment>
		<Segment><SegStyle>Auto-generated14</SegStyle><End><X>4.540</X><Y>2.050</Y></End></Segment>
		<Segment><SegStyle>Auto-generated14</SegStyle><End><X>4.950</X><Y>2.242</Y></End></Segment>
		<Segment><SegStyle>cocr_hatch_laser2</SegStyle><End><X>4.703</X><Y>2.050</Y></End></Segment>
		<Segment><SegStyle>Auto-generated14</SegStyle><End><X>4.866</X><Y>2.050</Y></End></Segment>
		<Segment><SegStyle>cocr_hatch_laser2</SegStyle><End><X>4.950</X><Y>2.115</Y></End></Segment>
		<Segment><SegStyle>Auto-generated14</SegStyle><End><X>4.050</X><Y>2.935</Y></End></Segment>
		<Segment><SegStyle>cocr_hatch_laser2</SegStyle><End><X>4.069</X><Y>2.950</Y></End></Segment>
		<Segment><SegStyle>Auto-generated14</SegStyle><End><X>4.231</X><Y>2.950</Y></End></Segment>
		<Segment><SegStyle>cocr_hatch_laser2</SegStyle><End><X>4.050</X><Y>2.809</Y></End></Segment>
		<Segment><SegStyle>Auto-generated14</SegStyle><End><X>4.050</X><Y>2.682</Y></End></Segment>
		<Segment><SegStyle>cocr_hatch_laser2</SegStyle><End><X>4.394</X><Y>2.950</Y></End></Segment>
		<Segment><SegStyle>Auto-generated14</SegStyle><End><X>4.050</X><Y>2.682</Y></End></Segment>
		<Segment><SegStyle>Auto-generated14</SegStyle><End><X>4.557</X><Y>2.950</Y></End></Segment>
		<Segment><SegStyle>cocr_hatch_laser2</SegStyle><End><X>4.050</X><Y>2.555</Y></End></Segment>
		<Segment><SegStyle>Auto-generated14</SegStyle><End><X>4.050</X><Y>2.429</Y></End></Segment>
		<Segment><SegStyle>cocr_hatch_laser2</SegStyle><End><X>4.720</X><Y>2.950</Y></End></Segment>
		<Segment><SegStyle>Auto-generated14</SegStyle><End><X>4.050</X><Y>2.429</Y></End></Segment>
		<Segment><SegStyle>Auto-generated14</SegStyle><End><X>4.883</X><Y>2.950</Y></End></Segment>
		<Segment><SegStyle>cocr_hatch_laser2</SegStyle><End><X>4.050</X><Y>2.302</Y></End></Segment>
		<Segment><SegStyle>Auto-generated14</SegStyle><End><X>4.050</X><Y>2.175</Y></End></Segment>
		<Segment><SegStyle>cocr_hatch_laser2</SegStyle><End><X>4.950</X><Y>2.876</Y></End></Segment>
		<Segment><SegStyle>Auto-generated14</SegStyle><End><X>4.050</X><Y>2.175</Y></End></Segment>
		<Segment><SegStyle>Auto-generated14</SegStyle><End><X>4.950</X><Y>2.749</Y></End></Segment>
		<Segment><SegStyle>cocr_hatch_laser2</SegStyle><End><X>4.052</X><Y>2.050</Y></End></Segment>
		<Segment><SegStyle>Auto-generated14</SegStyle><End><X>4.215</X><Y>2.050</Y></End></Segment>
		<Segment><SegStyle>cocr_hatch_laser2</SegStyle><End><X>4.950</X><Y>2.622</Y></End></Segment>
		<Segment><SegStyle>Auto-generated14</SegStyle><End><X>4.215</X><Y>2.050</Y></End></Segment>
		<Segment><SegStyle>Auto-generated14</SegStyle><End><X>4.950</X><Y>2.496</Y></End></Segment>
		<Segment><SegStyle>cocr_hatch_laser2</SegStyle><End><X>4.378</X><Y>2.050</Y></End></Segment>
		<Segment><SegStyle>Auto-generated14</SegStyle><End><X>4.540</X><Y>2.050</Y></End></Segment>
		<Segment><SegStyle>cocr_hatch_laser2</SegStyle><End><X>4.950</X><Y>2.369</Y></End></Segment>
		<Segment><SegStyle>Auto-generated14</SegStyle><End><X>4.540</X><Y>2.050</Y></End></Segment>
		<Segment><SegStyle>Auto-generated14</SegStyle><End><X>4.950</X><Y>2.242</Y></End></Segment>
		<Segment><SegStyle>cocr_hatch_laser2</SegStyle><End><X>4.703</X><Y>2.050</Y></End></Segment>
		<Segment><SegStyle>Auto-generated14</SegStyle><End><X>4.866</X><Y>2.050</Y></End></Segment></Path></Trajectory></TrajectoryList></Layer>