<?xml version="1.0"?><!--Scan file created using MSXML 6.0.--><Layer>
<Header>
	<AmericaMakesSchemaVersion>2020-03-23</AmericaMakesSchemaVersion>
	<LayerNum>28</LayerNum>
	<LayerThickness>0.05</LayerThickness>
	<AbsoluteHeight>1.4</AbsoluteHeight>
	<DosingFactor>1.75</DosingFactor>
	<BuildDescription>Placeholder</BuildDescription></Header>
<VelocityProfileList>
	<VelocityProfile><ID>0</ID>
		<Velocity>10000</Velocity><Mode>Delay</Mode>
		<LaserOnDelay>600</LaserOnDelay><LaserOffDelay>0</LaserOffDelay><JumpDelay>0</JumpDelay>
		<MarkDelay>0</MarkDelay><PolygonDelay>0</PolygonDelay></VelocityProfile>
	<VelocityProfile><ID>1</ID>
		<Velocity>850</Velocity><Mode>Delay</Mode>
		<LaserOnDelay>300</LaserOnDelay><LaserOffDelay>0</LaserOffDelay><JumpDelay>300</JumpDelay>
		<MarkDelay>300</MarkDelay><PolygonDelay>0</PolygonDelay></VelocityProfile>
	<VelocityProfile><ID>2</ID>
		<Velocity>1200</Velocity><Mode>Delay</Mode>
		<LaserOnDelay>100</LaserOnDelay><LaserOffDelay>0</LaserOffDelay><JumpDelay>400</JumpDelay>
		<MarkDelay>400</MarkDelay><PolygonDelay>0</PolygonDelay></VelocityProfile>
	<VelocityProfile><ID>jumpprofile1</ID>
		<Velocity>5000</Velocity><Mode>Delay</Mode>
		<LaserOnDelay>300</LaserOnDelay><LaserOffDelay>0</LaserOffDelay><JumpDelay>0</JumpDelay>
		<MarkDelay>0</MarkDelay><PolygonDelay>0</PolygonDelay></VelocityProfile>
	<VelocityProfile><ID>test profile</ID>
		<Velocity>3000</Velocity><Mode>Delay</Mode>
		<LaserOnDelay>300</LaserOnDelay><LaserOffDelay>0</LaserOffDelay><JumpDelay>0</JumpDelay>
		<MarkDelay>0</MarkDelay><PolygonDelay>0</PolygonDelay></VelocityProfile>
	<VelocityProfile><ID>5</ID>
		<Velocity>6000</Velocity><Mode>Delay</Mode>
		<LaserOnDelay>300</LaserOnDelay><LaserOffDelay>0</LaserOffDelay><JumpDelay>0</JumpDelay>
		<MarkDelay>0</MarkDelay><PolygonDelay>0</PolygonDelay></VelocityProfile>
	<VelocityProfile><ID>jumpprofile2</ID>
		<Velocity>4000</Velocity><Mode>Delay</Mode>
		<LaserOnDelay>300</LaserOnDelay><LaserOffDelay>0</LaserOffDelay><JumpDelay>0</JumpDelay>
		<MarkDelay>0</MarkDelay><PolygonDelay>0</PolygonDelay></VelocityProfile></VelocityProfileList>
<SegmentStyleList>
	<SegmentStyle><ID>cocr_hatch_laser1</ID>
		<VelocityProfileID>0</VelocityProfileID><LaserMode>Independent</LaserMode>
		<Traveler><ID>a</ID>
			<SyncDelay>0</SyncDelay><Power>195</Power><SpotSize>50</SpotSize></Traveler></SegmentStyle>
	<SegmentStyle><ID>cocr_contour_laser1</ID>
		<VelocityProfileID>2</VelocityProfileID><LaserMode>Independent</LaserMode>
		<Traveler><ID>a</ID>
			<SyncDelay>0</SyncDelay><Power>195</Power><SpotSize>50</SpotSize></Traveler></SegmentStyle>
	<SegmentStyle><ID>cocr_hatch_laser2</ID>
		<VelocityProfileID>2</VelocityProfileID><LaserMode>Independent</LaserMode>
		<Traveler><ID>b</ID>
			<SyncDelay>0</SyncDelay><Power>195</Power><SpotSize>50</SpotSize></Traveler></SegmentStyle>
	<SegmentStyle><ID>cocr_contour_laser2</ID>
		<VelocityProfileID>1</VelocityProfileID><LaserMode>Independent</LaserMode>
		<Traveler><ID>b</ID>
			<SyncDelay>0</SyncDelay><Power>195</Power><SpotSize>50</SpotSize></Traveler></SegmentStyle>
	<SegmentStyle><ID>cocr_followme</ID>
		<VelocityProfileID>2</VelocityProfileID><LaserMode>FollowMe</LaserMode>
		<Traveler><ID>b</ID>
			<SyncDelay>0</SyncDelay><Power>222</Power><SpotSize>80</SpotSize>
			<Wobble><On>1</On><Freq>3000</Freq><Shape>0</Shape><TransAmp>0.3</TransAmp><LongAmp>0.3</LongAmp></Wobble></Traveler>
		<Traveler><ID>a</ID>
			<SyncDelay>70</SyncDelay><Power>130</Power><SpotSize>100</SpotSize></Traveler></SegmentStyle>
	<SegmentStyle><ID>cocr_support</ID>
		<VelocityProfileID>5</VelocityProfileID><LaserMode>Independent</LaserMode>
		<Traveler><ID>a</ID>
			<SyncDelay>0</SyncDelay><Power>195</Power><SpotSize>70</SpotSize></Traveler></SegmentStyle>
	<SegmentStyle><ID>jumpstyletest</ID>
		<VelocityProfileID>jumpprofile1</VelocityProfileID></SegmentStyle>
	<SegmentStyle><ID>wobbletraillaser</ID>
		<VelocityProfileID>2</VelocityProfileID><LaserMode>FollowMe</LaserMode>
		<Traveler><ID>b</ID>
			<SyncDelay>0</SyncDelay><Power>222</Power><SpotSize>80</SpotSize>
			<Wobble><On>1</On><Freq>3000</Freq><Shape>0</Shape><TransAmp>0.1</TransAmp><LongAmp>0.3</LongAmp></Wobble></Traveler>
		<Traveler><ID>a</ID>
			<SyncDelay>70</SyncDelay><Power>130</Power><SpotSize>100</SpotSize>
			<Wobble><On>1</On><Freq>3210</Freq><Shape>-1</Shape><TransAmp>0.5</TransAmp><LongAmp>0.2</LongAmp></Wobble></Traveler></SegmentStyle>
	<SegmentStyle><ID>Auto-generated9</ID>
		<VelocityProfileID>jumpprofile1</VelocityProfileID></SegmentStyle>
	<SegmentStyle><ID>Auto-generated10</ID>
		<VelocityProfileID>jumpprofile2</VelocityProfileID></SegmentStyle>
	<SegmentStyle><ID>Auto-generated11</ID>
		<VelocityProfileID>jumpprofile2</VelocityProfileID></SegmentStyle>
	<SegmentStyle><ID>Auto-generated12</ID>
		<VelocityProfileID>jumpprofile2</VelocityProfileID></SegmentStyle>
	<SegmentStyle><ID>Auto-generated13</ID>
		<VelocityProfileID>jumpprofile2</VelocityProfileID></SegmentStyle>
	<SegmentStyle><ID>Auto-generated14</ID>
		<VelocityProfileID>jumpprofile2</VelocityProfileID></SegmentStyle></SegmentStyleList>
<TrajectoryList>
<Trajectory>
	<TrajectoryID>9998</TrajectoryID>
	<PathProcessingMode>sequential</PathProcessingMode></Trajectory>
<Trajectory>
	<TrajectoryID>4</TrajectoryID>
	<PathProcessingMode>concurrent</PathProcessingMode>
	<Path>
		<Type>hatch</Type>
		<Tag>followmehatches</Tag>
		<NumSegments>45</NumSegments>
		<SkyWritingMode>0</SkyWritingMode>
		<Start><X>-1.875</X><Y>-0.280</Y></Start>
		<Segment><SegStyle>cocr_followme</SegStyle><End><X>-1.797</X><Y>-0.335</Y></End></Segment>
		<Segment><SegStyle>Auto-generated12</SegStyle><End><X>-1.659</X><Y>-0.335</Y></End></Segment>
		<Segment><SegStyle>cocr_followme</SegStyle><End><X>-1.875</X><Y>-0.181</Y></End></Segment>
		<Segment><SegStyle>Auto-generated12</SegStyle><End><X>-1.875</X><Y>-0.083</Y></End></Segment>
		<Segment><SegStyle>cocr_followme</SegStyle><End><X>-1.521</X><Y>-0.335</Y></End></Segment>
		<Segment><SegStyle>Auto-generated12</SegStyle><End><X>-1.383</X><Y>-0.335</Y></End></Segment>
		<Segment><SegStyle>cocr_followme</SegStyle><End><X>-1.875</X><Y>0.015</Y></End></Segment>
		<Segment><SegStyle>Auto-generated12</SegStyle><End><X>-1.875</X><Y>0.113</Y></End></Segment>
		<Segment><SegStyle>cocr_followme</SegStyle><End><X>-1.245</X><Y>-0.335</Y></End></Segment>
		<Segment><SegStyle>Auto-generated12</SegStyle><End><X>-1.107</X><Y>-0.335</Y></End></Segment>
		<Segment><SegStyle>cocr_followme</SegStyle><End><X>-1.387</X><Y>-0.136</Y></End></Segment>
		<Segment><SegStyle>Auto-generated12</SegStyle><End><X>-1.683</X><Y>0.074</Y></End></Segment>
		<Segment><SegStyle>cocr_followme</SegStyle><End><X>-1.875</X><Y>0.211</Y></End></Segment>
		<Segment><SegStyle>Auto-generated12</SegStyle><End><X>-1.875</X><Y>0.309</Y></End></Segment>
		<Segment><SegStyle>cocr_followme</SegStyle><End><X>-1.688</X><Y>0.177</Y></End></Segment>
		<Segment><SegStyle>Auto-generated12</SegStyle><End><X>-1.298</X><Y>-0.101</Y></End></Segment>
		<Segment><SegStyle>cocr_followme</SegStyle><End><X>-0.968</X><Y>-0.335</Y></End></Segment>
		<Segment><SegStyle>Auto-generated12</SegStyle><End><X>-0.925</X><Y>-0.268</Y></End></Segment>
		<Segment><SegStyle>cocr_followme</SegStyle><End><X>-1.228</X><Y>-0.052</Y></End></Segment>
		<Segment><SegStyle>Auto-generated12</SegStyle><End><X>-1.665</X><Y>0.258</Y></End></Segment>
		<Segment><SegStyle>cocr_followme</SegStyle><End><X>-1.875</X><Y>0.407</Y></End></Segment>
		<Segment><SegStyle>Auto-generated12</SegStyle><End><X>-1.875</X><Y>0.506</Y></End></Segment>
		<Segment><SegStyle>cocr_followme</SegStyle><End><X>-1.622</X><Y>0.325</Y></End></Segment>
		<Segment><SegStyle>Auto-generated12</SegStyle><End><X>-1.179</X><Y>0.011</Y></End></Segment>
		<Segment><SegStyle>cocr_followme</SegStyle><End><X>-0.925</X><Y>-0.170</Y></End></Segment>
		<Segment><SegStyle>Auto-generated12</SegStyle><End><X>-0.925</X><Y>-0.071</Y></End></Segment>
		<Segment><SegStyle>cocr_followme</SegStyle><End><X>-1.150</X><Y>0.089</Y></End></Segment>
		<Segment><SegStyle>Auto-generated12</SegStyle><End><X>-1.558</X><Y>0.378</Y></End></Segment>
		<Segment><SegStyle>cocr_followme</SegStyle><End><X>-1.875</X><Y>0.604</Y></End></Segment>
		<Segment><SegStyle>Auto-generated12</SegStyle><End><X>-1.753</X><Y>0.615</Y></End></Segment>
		<Segment><SegStyle>cocr_followme</SegStyle><End><X>-1.468</X><Y>0.413</Y></End></Segment>
		<Segment><SegStyle>Auto-generated12</SegStyle><End><X>-1.146</X><Y>0.184</Y></End></Segment>
		<Segment><SegStyle>cocr_followme</SegStyle><End><X>-0.925</X><Y>0.027</Y></End></Segment>
		<Segment><SegStyle>Auto-generated12</SegStyle><End><X>-0.925</X><Y>0.125</Y></End></Segment>
		<Segment><SegStyle>cocr_followme</SegStyle><End><X>-1.615</X><Y>0.615</Y></End></Segment>
		<Segment><SegStyle>Auto-generated12</SegStyle><End><X>-1.477</X><Y>0.615</Y></End></Segment>
		<Segment><SegStyle>cocr_followme</SegStyle><End><X>-0.925</X><Y>0.223</Y></End></Segment>
		<Segment><SegStyle>Auto-generated12</SegStyle><End><X>-0.925</X><Y>0.321</Y></End></Segment>
		<Segment><SegStyle>cocr_followme</SegStyle><End><X>-1.339</X><Y>0.615</Y></End></Segment>
		<Segment><SegStyle>Auto-generated12</SegStyle><End><X>-1.200</X><Y>0.615</Y></End></Segment>
		<Segment><SegStyle>cocr_followme</SegStyle><End><X>-0.925</X><Y>0.419</Y></End></Segment>
		<Segment><SegStyle>Auto-generated12</SegStyle><End><X>-0.925</X><Y>0.517</Y></End></Segment>
		<Segment><SegStyle>cocr_followme</SegStyle><End><X>-1.062</X><Y>0.615</Y></End></Segment>
		<Segment><SegStyle>Auto-generated12</SegStyle><End><X>-0.925</X><Y>0.616</Y></End></Segment>
		<Segment><SegStyle>cocr_followme</SegStyle><End><X>-0.924</X><Y>0.615</Y></End></Segment></Path></Trajectory></TrajectoryList></Layer>