<?xml version="1.0"?><!--Scan file created using MSXML 6.0.--><Layer>
<Header>
	<AmericaMakesSchemaVersion>2020-03-23</AmericaMakesSchemaVersion>
	<LayerNum>24</LayerNum>
	<LayerThickness>0.05</LayerThickness>
	<AbsoluteHeight>1.2</AbsoluteHeight>
	<DosingFactor>1.75</DosingFactor>
	<BuildDescription>Placeholder</BuildDescription></Header>
<VelocityProfileList>
	<VelocityProfile><ID>0</ID>
		<Velocity>10000</Velocity><Mode>Delay</Mode>
		<LaserOnDelay>600</LaserOnDelay><LaserOffDelay>0</LaserOffDelay><JumpDelay>0</JumpDelay>
		<MarkDelay>0</MarkDelay><PolygonDelay>0</PolygonDelay></VelocityProfile>
	<VelocityProfile><ID>1</ID>
		<Velocity>850</Velocity><Mode>Delay</Mode>
		<LaserOnDelay>300</LaserOnDelay><LaserOffDelay>0</LaserOffDelay><JumpDelay>300</JumpDelay>
		<MarkDelay>300</MarkDelay><PolygonDelay>0</PolygonDelay></VelocityProfile>
	<VelocityProfile><ID>2</ID>
		<Velocity>1200</Velocity><Mode>Delay</Mode>
		<LaserOnDelay>100</LaserOnDelay><LaserOffDelay>0</LaserOffDelay><JumpDelay>400</JumpDelay>
		<MarkDelay>400</MarkDelay><PolygonDelay>0</PolygonDelay></VelocityProfile>
	<VelocityProfile><ID>jumpprofile1</ID>
		<Velocity>5000</Velocity><Mode>Delay</Mode>
		<LaserOnDelay>300</LaserOnDelay><LaserOffDelay>0</LaserOffDelay><JumpDelay>0</JumpDelay>
		<MarkDelay>0</MarkDelay><PolygonDelay>0</PolygonDelay></VelocityProfile>
	<VelocityProfile><ID>test profile</ID>
		<Velocity>3000</Velocity><Mode>Delay</Mode>
		<LaserOnDelay>300</LaserOnDelay><LaserOffDelay>0</LaserOffDelay><JumpDelay>0</JumpDelay>
		<MarkDelay>0</MarkDelay><PolygonDelay>0</PolygonDelay></VelocityProfile>
	<VelocityProfile><ID>5</ID>
		<Velocity>6000</Velocity><Mode>Delay</Mode>
		<LaserOnDelay>300</LaserOnDelay><LaserOffDelay>0</LaserOffDelay><JumpDelay>0</JumpDelay>
		<MarkDelay>0</MarkDelay><PolygonDelay>0</PolygonDelay></VelocityProfile>
	<VelocityProfile><ID>jumpprofile2</ID>
		<Velocity>4000</Velocity><Mode>Delay</Mode>
		<LaserOnDelay>300</LaserOnDelay><LaserOffDelay>0</LaserOffDelay><JumpDelay>0</JumpDelay>
		<MarkDelay>0</MarkDelay><PolygonDelay>0</PolygonDelay></VelocityProfile></VelocityProfileList>
<SegmentStyleList>
	<SegmentStyle><ID>cocr_hatch_laser1</ID>
		<VelocityProfileID>0</VelocityProfileID><LaserMode>Independent</LaserMode>
		<Traveler><ID>a</ID>
			<SyncDelay>0</SyncDelay><Power>195</Power><SpotSize>50</SpotSize></Traveler></SegmentStyle>
	<SegmentStyle><ID>cocr_contour_laser1</ID>
		<VelocityProfileID>2</VelocityProfileID><LaserMode>Independent</LaserMode>
		<Traveler><ID>a</ID>
			<SyncDelay>0</SyncDelay><Power>195</Power><SpotSize>50</SpotSize></Traveler></SegmentStyle>
	<SegmentStyle><ID>cocr_hatch_laser2</ID>
		<VelocityProfileID>2</VelocityProfileID><LaserMode>Independent</LaserMode>
		<Traveler><ID>b</ID>
			<SyncDelay>0</SyncDelay><Power>195</Power><SpotSize>50</SpotSize></Traveler></SegmentStyle>
	<SegmentStyle><ID>cocr_contour_laser2</ID>
		<VelocityProfileID>1</VelocityProfileID><LaserMode>Independent</LaserMode>
		<Traveler><ID>b</ID>
			<SyncDelay>0</SyncDelay><Power>195</Power><SpotSize>50</SpotSize></Traveler></SegmentStyle>
	<SegmentStyle><ID>cocr_followme</ID>
		<VelocityProfileID>2</VelocityProfileID><LaserMode>FollowMe</LaserMode>
		<Traveler><ID>b</ID>
			<SyncDelay>0</SyncDelay><Power>222</Power><SpotSize>80</SpotSize>
			<Wobble><On>1</On><Freq>3000</Freq><Shape>0</Shape><TransAmp>0.3</TransAmp><LongAmp>0.3</LongAmp></Wobble></Traveler>
		<Traveler><ID>a</ID>
			<SyncDelay>70</SyncDelay><Power>130</Power><SpotSize>100</SpotSize></Traveler></SegmentStyle>
	<SegmentStyle><ID>cocr_support</ID>
		<VelocityProfileID>5</VelocityProfileID><LaserMode>Independent</LaserMode>
		<Traveler><ID>a</ID>
			<SyncDelay>0</SyncDelay><Power>195</Power><SpotSize>70</SpotSize></Traveler></SegmentStyle>
	<SegmentStyle><ID>jumpstyletest</ID>
		<VelocityProfileID>jumpprofile1</VelocityProfileID></SegmentStyle>
	<SegmentStyle><ID>wobbletraillaser</ID>
		<VelocityProfileID>2</VelocityProfileID><LaserMode>FollowMe</LaserMode>
		<Traveler><ID>b</ID>
			<SyncDelay>0</SyncDelay><Power>222</Power><SpotSize>80</SpotSize>
			<Wobble><On>1</On><Freq>3000</Freq><Shape>0</Shape><TransAmp>0.1</TransAmp><LongAmp>0.3</LongAmp></Wobble></Traveler>
		<Traveler><ID>a</ID>
			<SyncDelay>70</SyncDelay><Power>130</Power><SpotSize>100</SpotSize>
			<Wobble><On>1</On><Freq>3210</Freq><Shape>-1</Shape><TransAmp>0.5</TransAmp><LongAmp>0.2</LongAmp></Wobble></Traveler></SegmentStyle>
	<SegmentStyle><ID>Auto-generated9</ID>
		<VelocityProfileID>jumpprofile1</VelocityProfileID></SegmentStyle>
	<SegmentStyle><ID>Auto-generated10</ID>
		<VelocityProfileID>jumpprofile2</VelocityProfileID></SegmentStyle>
	<SegmentStyle><ID>Auto-generated11</ID>
		<VelocityProfileID>jumpprofile2</VelocityProfileID></SegmentStyle>
	<SegmentStyle><ID>Auto-generated12</ID>
		<VelocityProfileID>jumpprofile2</VelocityProfileID></SegmentStyle>
	<SegmentStyle><ID>Auto-generated13</ID>
		<VelocityProfileID>jumpprofile2</VelocityProfileID></SegmentStyle>
	<SegmentStyle><ID>Auto-generated14</ID>
		<VelocityProfileID>jumpprofile2</VelocityProfileID></SegmentStyle></SegmentStyleList>
<TrajectoryList>
<Trajectory>
	<TrajectoryID>9998</TrajectoryID>
	<PathProcessingMode>sequential</PathProcessingMode></Trajectory>
<Trajectory>
	<TrajectoryID>4</TrajectoryID>
	<PathProcessingMode>concurrent</PathProcessingMode>
	<Path>
		<Type>hatch</Type>
		<Tag>followmehatches</Tag>
		<NumSegments>37</NumSegments>
		<SkyWritingMode>0</SkyWritingMode>
		<Start><X>-1.875</X><Y>0.562</Y></Start>
		<Segment><SegStyle>cocr_followme</SegStyle><End><X>-1.314</X><Y>0.615</Y></End></Segment>
		<Segment><SegStyle>Auto-generated12</SegStyle><End><X>-0.925</X><Y>0.571</Y></End></Segment>
		<Segment><SegStyle>cocr_followme</SegStyle><End><X>-1.875</X><Y>0.482</Y></End></Segment>
		<Segment><SegStyle>Auto-generated12</SegStyle><End><X>-1.875</X><Y>0.401</Y></End></Segment>
		<Segment><SegStyle>cocr_followme</SegStyle><End><X>-0.925</X><Y>0.491</Y></End></Segment>
		<Segment><SegStyle>Auto-generated12</SegStyle><End><X>-0.925</X><Y>0.411</Y></End></Segment>
		<Segment><SegStyle>cocr_followme</SegStyle><End><X>-1.274</X><Y>0.378</Y></End></Segment>
		<Segment><SegStyle>Auto-generated12</SegStyle><End><X>-1.602</X><Y>0.347</Y></End></Segment>
		<Segment><SegStyle>cocr_followme</SegStyle><End><X>-1.875</X><Y>0.321</Y></End></Segment>
		<Segment><SegStyle>Auto-generated12</SegStyle><End><X>-1.875</X><Y>0.241</Y></End></Segment>
		<Segment><SegStyle>cocr_followme</SegStyle><End><X>-1.664</X><Y>0.260</Y></End></Segment>
		<Segment><SegStyle>Auto-generated12</SegStyle><End><X>-1.197</X><Y>0.305</Y></End></Segment>
		<Segment><SegStyle>cocr_followme</SegStyle><End><X>-0.925</X><Y>0.330</Y></End></Segment>
		<Segment><SegStyle>Auto-generated12</SegStyle><End><X>-0.925</X><Y>0.250</Y></End></Segment>
		<Segment><SegStyle>cocr_followme</SegStyle><End><X>-1.159</X><Y>0.228</Y></End></Segment>
		<Segment><SegStyle>Auto-generated12</SegStyle><End><X>-1.688</X><Y>0.178</Y></End></Segment>
		<Segment><SegStyle>cocr_followme</SegStyle><End><X>-1.875</X><Y>0.160</Y></End></Segment>
		<Segment><SegStyle>Auto-generated12</SegStyle><End><X>-1.875</X><Y>0.080</Y></End></Segment>
		<Segment><SegStyle>cocr_followme</SegStyle><End><X>-1.686</X><Y>0.098</Y></End></Segment>
		<Segment><SegStyle>Auto-generated12</SegStyle><End><X>-1.145</X><Y>0.149</Y></End></Segment>
		<Segment><SegStyle>cocr_followme</SegStyle><End><X>-0.925</X><Y>0.170</Y></End></Segment>
		<Segment><SegStyle>Auto-generated12</SegStyle><End><X>-0.925</X><Y>0.089</Y></End></Segment>
		<Segment><SegStyle>cocr_followme</SegStyle><End><X>-1.157</X><Y>0.067</Y></End></Segment>
		<Segment><SegStyle>Auto-generated12</SegStyle><End><X>-1.660</X><Y>0.020</Y></End></Segment>
		<Segment><SegStyle>cocr_followme</SegStyle><End><X>-1.875</X><Y>-0.000</Y></End></Segment>
		<Segment><SegStyle>Auto-generated12</SegStyle><End><X>-1.875</X><Y>-0.081</Y></End></Segment>
		<Segment><SegStyle>cocr_followme</SegStyle><End><X>-1.604</X><Y>-0.055</Y></End></Segment>
		<Segment><SegStyle>Auto-generated12</SegStyle><End><X>-1.199</X><Y>-0.017</Y></End></Segment>
		<Segment><SegStyle>cocr_followme</SegStyle><End><X>-0.925</X><Y>0.009</Y></End></Segment>
		<Segment><SegStyle>Auto-generated12</SegStyle><End><X>-0.925</X><Y>-0.071</Y></End></Segment>
		<Segment><SegStyle>cocr_followme</SegStyle><End><X>-1.875</X><Y>-0.161</Y></End></Segment>
		<Segment><SegStyle>Auto-generated12</SegStyle><End><X>-1.875</X><Y>-0.242</Y></End></Segment>
		<Segment><SegStyle>cocr_followme</SegStyle><End><X>-0.925</X><Y>-0.152</Y></End></Segment>
		<Segment><SegStyle>Auto-generated12</SegStyle><End><X>-0.925</X><Y>-0.232</Y></End></Segment>
		<Segment><SegStyle>cocr_followme</SegStyle><End><X>-1.875</X><Y>-0.322</Y></End></Segment>
		<Segment><SegStyle>Auto-generated12</SegStyle><End><X>-1.163</X><Y>-0.335</Y></End></Segment>
		<Segment><SegStyle>cocr_followme</SegStyle><End><X>-0.925</X><Y>-0.312</Y></End></Segment></Path></Trajectory></TrajectoryList></Layer>